文本,单选,日期,附件,话题/标题,来源平台,发布时间,关键数据/热度,核心摘要,来源链接,笔记数/发帖量,话题指数,关联商品月销量,互动合计（赞+评+藏）
,,,,雨伞羞耻症,小红书 + 微博热搜,2026-05 上旬,微博热搜、社交平台刷屏、全网共情,"年轻人集体讨论""打伞土/张扬""，回忆青春期的格子伞/彩虹伞/花伞，映射社交焦虑与怀旧情绪。话题登上微博热搜，光明日报、腾讯新闻、搜狐等媒体跟进评论。",https://view.inews.qq.com/a/20260504A075UA00,小红书 #雨伞羞耻症# 话题笔记数 10万+（综合话题页估算）,微博热搜第 6 位 / 微信指数暴涨 33%,N/A,话题互动量破 10 亿次（间接数据）
,,,,高颜值雨伞 / 通勤好物,小红书 + Instagram,2026 上半年,相关话题浏览量累计超 50 亿次,四折铝超迷你伞以铝合金质感、极简线条、色彩定制成为 EDC 颜值党出镜率最高的品类之一。年轻人愿意为设计与搭配付费。,https://www.docin.com/touch_new/preview_new.do?id=5005376539,"小红书 ""高颜值雨伞"" 笔记互动量同比 +156%（2024Q1/Q3）",高颜值晴雨伞 互动量 2024 同比 +156%,N/A,累计话题浏览量超 50 亿次
,,,,透明伞面 / 春日出街,小红书,2026 Q1,透明伞面雨伞搜索量同比 +187%,高透光率（达 92%）伞面不挡视野，逆光出片，成为年轻人春季出街搭配单品。长柄款仅 580 克，兼顾防晒与穿搭。,https://wiki.1688.com/zh/umbrellas/WKfg4dalkrlssg,小红书 透明伞 笔记数 数万+,搜索量同比 +187%（2026Q1）,长柄款 580g 月销数千件,单篇头部 5k-2w 互动
,,,,上海七浦路复古雨伞铺,小红书 + 抖音/今日头条,2026 上半年,20+ 年老店爆火，网友一口气买 20 把；均价 30-40 元 vs 商场同款 1280 元,"店主打古早/绝版/孤款雨伞，被网友称为""复古伞博物馆""，带火上海线下打卡，掀起""小众雨伞""收集潮。",http://m.toutiao.com/group/7664859940242113051/,小红书 #七浦路复古雨伞# 打卡笔记 月增数百,线下打卡全网爆火,店内月销 1000+（媒体推算）,单条爆款 1w+ 赞
,,,,非遗油纸伞 / 国风手作,小红书 + 抖音,2026 春季,国风家居好物话题持续走热，DIY 教程笔记高频出圈,非遗油纸伞（四川泸州分水油纸伞）成小红书国风内容爆款。拍照公式：伞面逆光 + 汉服/茶具；标签：#非遗手作 #油纸伞diy #国风家居好物。,https://www.yaosanwang.com/wx/52429.html,小红书 #非遗手作# #油纸伞diy# 笔记累计数千,国风家居好物话题持续走热,手工油纸伞材料包 月销 500-2000 件,DIY 教程类单条 1k-5k 赞
,,,,雨伞囤积现象,小红书 + 微博/中华网,2026-04-15,"""三口之家 57 把雨伞""新闻全网热议，登多平台热搜","网友集体晒家中伞具数量，讨论""5 把起算 / 30 把起步""的囤伞标准，衍生出""伞架收纳""""主题伞收集""等话题。",https://3g.china.com/act/ent/11005281/20260415/49418443.html,小红书 #雨伞囤积# 话题笔记数百-千级,多平台热搜（中华网/新浪/微博）,伞架收纳单品 月销 1w+（淘宝）,主话题讨论万级评论
,,,,"45把红伞""全损退货""事件",小红书 + 中新网/微博,2026-05-21,商家发帖登热搜，家委会致歉补款，校方拒绝回应,"苏州某小学家委会网购 45 把红色雨伞后退回""全损""伞（写有学生姓名），引发对""家委会采购 + 滥用退货权""的舆论声讨。",http://www.chinanews.com.cn/sh/2026/05-21/10625704.shtml,小红书 #家委会 雨伞# 话题笔记数百,商家维权帖登热搜,红伞 45 把批量订单（事件级）,原帖互动 5w+ 赞
,,,,UPF50+ 三折伞 / 防晒黑科技,抖音 + 小红书,2026 Q2,抖音算法代际分发，跨年龄段转化率 +41%，退货率 -8pp,"同一款 UPF50+ 三折伞，抖音对 Z 世代推""通勤防晒黑科技""短视频，对银发族推""雨天防滑实测""直播切片，验证精细化人群运营的转化效率。",https://www.docin.com/touch_new/preview_new.do?id=5020661684,抖音 UPF50+ 三折伞 种草视频 4.2 亿次曝光（2025）,抖音算法代际分发，跨年龄转化率 +41%,UPF50+ 三折伞 月销 5w+ 行业平均,头部 KOL 单条 10w+ 互动
,,,,"""小众雨伞""颜值经济 / 设计感出街",小红书（综合）,2026 上半年,通勤穿搭、防晒、出片三大场景驱动话题持续增长,复古伞、绝版孤款、几何图案、渐变色、油纸伞等被反复推上热门。核心人群：18-30 岁女性，城市白领+学生党。,https://www.sctv.com/news/2053677554176663553,小红书 #小众雨伞# #设计感出街# 笔记 数千+,通勤穿搭+防晒+出片 三大场景驱动,设计感小众伞 月销数千件,单条爆款 1w+ 赞
,,,,蕉下防晒伞 测评 / 真实体验,小红书 + 什么值得买,2026 上半年,蕉下 UPF50+ 话题持续霸榜,"优点：颜值高、轻便（256g）、L.R.C黑胶涂层UPF50+。槽点：伞骨软、扛不住大风、价贵。室友同测，结论是""颜值党选蕉下、耐用党选其他""。",https://post.m.smzdm.com/p/axkgqv72/,小红书 蕉下 品牌相关笔记 15万+ 篇；近30天新增 1117 篇,近 30 天预估阅读 573.67 万，同比 -48.8%,蕉下 Black/胶囊/口袋系列 月销 1w+ 件（单品）,头部笔记互动 5w+ 赞（2024夏前数据）
,,,,左都 ZOUDO 反向折叠防晒伞,小红书 + 淘宝,2026 上半年,左都伞在小红书种草笔记频繁,反向折叠黑胶防晒伞加大号简约小清新 ins 风，售价约 220 元，主打反向收伞+ins 颜值+通勤场景。,https://www.taobao.com/list/product/%E9%9B%A8%E4%BC%9Eins%E9%A3%8E.htm,小红书 #左都雨伞# 种草笔记 1w+ 篇,ins 风通勤伞 持续种草中,左都反向折叠伞 售价 220 元 月销 2000+ 件,单条爆款 5k+ 赞
,,,,天堂伞 老国货质量大讨论,小红书 + 微博 + 什么值得买,2026 上半年,876+ 用户反馈对比老国货 vs 新品,"老一辈认天堂伞耐用，但新一代嫌其丑。UPF50+、三用多面手、伞面空气隔层成新卖点，老国货正在靠""功能升级""打翻身仗。",https://post.m.smzdm.com/p/amol8nkp/,小红书 #天堂伞# 相关笔记 5w+ 篇,"""老国货耐用 vs 新品""话题 876+ 用户反馈",天堂伞 UPF50+ 三用款 月销 10w+ 件（行业头部）,2025 联名款 618 售罄，话题评论 9.8w 条，热搜第 6
,,,,小弯钩花瓣伞 少女心颜值党,小红书 + 淘宝数码网,2026-03-30,夏季少女心爆款，4 种奶系色,"小弯钩迷你花瓣五折太阳伞被封""夏日配饰天花板""，主打""会跳舞的云朵""概念。关键词：温柔色系、五折迷你、少女心。",https://shuma.taobao.com/topic/dianzizhuanyongcailiao_20/4a9322403076622f7c78605c8b779299.html,小红书 #少女心伞# #花瓣伞# 笔记 1w+ 篇,夏季少女心配饰话题 搜索上涨,小弯钩花瓣伞 月销 5k-1w 件（淘宝）,单条爆款 1w+ 赞
,,,,沐笙韩系波点伞 团购验货,小红书 + 微博白菜才,2026 春季,团购价 39.9 元，6 个神仙配色,奶fufu的波点设计+弯钩伞柄，复古少女风。30-50 元价位段的种草小爆款，晴雨两用+拍照上镜+平价三合一。,https://m.weibo.cn/detail/5291919037170708/,小红书 #韩系波点伞# 笔记 数千+,团购验货类笔记 单条引爆,沐笙波点伞 团购价 39.9 元 月销 1w+ 件,团购验货笔记 单条 1w+ 互动
,,,,薄荷奶绿金钩彩胶伞 / 葡萄汽水伞,小红书 + 什么值得买,2026 春夏,撞色设计成搜索热词,撞色+复古元素是今年夏天伞面的主流表达。葡萄汽水（外粉内紫）、薄荷奶绿金钩两个 SKU 在小红书种草笔记高频出镜。,https://m.smzdm.com/ju/shaiwu/s4rvvnn/,小红书 #撞色雨伞# #葡萄汽水伞# 笔记 数千+,温柔芋泥感/奶绿 撞色设计成搜索热词,撞色三折伞 月销 3k-1w 件,单条爆款 5k-1w 赞
,,,,反向伞 / 车内不滴水 黑科技,小红书 + 腾讯新闻 + 小米有品,2026 上半年,反向折叠伞持续被种草，开车族刚需,反向收伞=湿面内聚，单手一键开合=解放双手，10骨航空合金+5级防泼水纳米布+反光天使环。小米 90fun、日全时、美而耐为代表品牌。,http://news.qq.com/rain/a/20260327A05HWA00,小红书 #反向伞# 笔记 1w+ 篇,开车族刚需 持续种草,小米 90fun 反向伞 月销 1w+ 件,头部笔记 1w+ 赞
,,,,全自动伞 翻车避雷 慎入,小红书 + 微博 MEMO,2026 上半年,全自动伞成翻车重灾区,"用户真实翻车案例：某品牌全自动伞用 3 次后开伞直接飞走，弹簧崩飞。多位用户建议""老老实实买常规的，能买半自动别买全自动""。",https://m.weibo.com/detail/5307628700828869/,小红书 #全自动伞避雷# 笔记 数百,翻车吐槽类话题 持续发酵,受影响品牌月销下滑 20-30%,单条翻车笔记 1w+ 互动
,,,,雨伞不结实 一次性伞 吐槽合集,小红书 + 微博 + 头条,2026 上半年,"""雨伞不耐用""成高频吐槽词","小红书+微博大量吐槽""现在的雨伞越来越不结实""，阵风翻面、伞骨折断、铁皮划手。消费者集体怀念""5 年前能用的伞""。",http://m.toutiao.com/group/7659595338990305811/,小红书 #雨伞不耐用# 吐槽笔记 数千+,微博/小红书 高频吐槽词,N/A,吐槽笔记单条 1w+ 互动
,,,,伞面掉色 八海鸟避雷,小红书 + 京东,2026 上半年,八海鸟 24骨伞被高频吐槽,"用一个月后伞杆掉色、漆滴到衣服裤子。代表低价位大伞面市场的品控痛点，警示""别只看伞面大、骨数多""。",https://club.jd.com/repay/100046874008_T6NaMcZ3jZotdRKAWaOdxXaE_1.html,小红书/京东 #八海鸟 避雷# 笔记 数百,差评集中爆发（杆子掉色、漆滴裤子）,八海鸟 24 骨伞 月销 5000+ 件（仍在售）,京东差评区累计 1k+ 差评
,,,,小红书 Redamanc1y 店 虚假宣传投诉,黑猫投诉,2026 上半年,销量 4.3 万+，收入 110 万+,小红书平台 Redamanc1y 店铺被投诉：商家无证经营（个人店铺超 4 万销量）、出售劣质雨伞、平台监管不力。退货退款诉求被拒。,https://hainan.tousu.sina.cn/complaint/view/17385743040/,小红书 该店销量 4.3 万+,黑猫投诉 + 媒体跟进（事件级）,涉事店铺销量 4.3 万+（累计）,投诉帖 累计访问 1w+
,,,,透明伞 夜景拍照 8 个姿势,小红书 + 头条摄影自学班,2026 雨季,透明伞夜景拍摄教程是摄影类爆款模板,夜景透明伞拍摄公式：人像模式虚化背景 + 白平衡 4000K 保冷调 + 触伞美学（笑意+回眸）+ 微表情管理。零成本出片，是流量密码。,http://m.toutiao.com/group/7487594529072185865/,小红书 #透明伞夜景# 笔记 数千+,夜景人像教程类 流量稳定,透明伞 月销 5k+ 件,单条教程笔记 1w+ 赞
,,,,沙滩伞 / 旅拍 摄影道具,小红书 + 1688 摄影道具频道,2026 春季,3.2米超大伞面+99.8% UV阻隔,"高密度黑胶涂层面料+3.2 米超大伞面，侧逆光下形成天然柔光罩。""既是遮阳伞、又是光影控制台""双重身份，是写真/婚纱/亲子照的常驻道具。",https://wiki.1688.com/zh/photography-props/WKfhooz4tgdxq8,小红书 #旅拍伞# #摄影道具# 笔记 1w+,婚纱写真 摄影刚需 季节性强,3.2 米沙滩伞 月销数百-千件（高客单）,单条爆款 5k+ 赞
,,,,蕾丝/复古伞 婚礼摄影道具,小红书 + 海外婚礼博客,2026 春季婚礼季,蕾丝伞成复古/森系婚礼标配,蕾丝伞透光柔焦黄金时刻人像。Melbourne 复古风婚礼高频使用，19.6 寸白色蕾丝阳伞是 Bridal Shower 经典单品。,https://www.evermoreweddings.com.au/melbourne-wedding-photography-retro-wedding-umbrella-props-arrangement/,小红书 #蕾丝伞# #复古婚礼# 笔记 数千,春夏婚礼季 + 复古风回潮,19.6 寸白色蕾丝阳伞 月销数百-千件,单条爆款 5k+ 赞
,,,,UPF50+ 数值科普 / 真假检测,小红书 + 什么值得买 + 新浪,2026 上半年,防晒数值真假成知识类爆款笔记,"普通伞（无涂层）UPF 约 30；Coolibar 钛系列 UPF50+ 阻 98%；蕉下黑胶系列 UPF 均值 >2000，全波段阻隔率 ≥99.9%。""如何看 UPF 标""成高收藏笔记。",https://www.sina.cn/news/detail/5299878070850577.html,小红书 #防晒伞测评# #UPF50# 笔记 5w+,防晒季节 4-9 月 持续走热,UPF50 防晒伞 行业月销 100w+ 件,测评笔记 平均 5k-2w 赞
,,,,10款伞防雨测试 蕉下未达标,小红书 + 南方都市报,2026 上半年,10 款畅销伞防雨实测：蕉下、Q果、西卡图未通过防雨测试,"10 款样品全部通过抗风测试，但蕉下、Q果、西卡图 3 个品牌防雨级别不达标。""防晒王 = 防雨王""是误解，蕉下官方回应""一甩即干 ≠ 完全干燥""。",https://ipaper.oeeee.com/ipaper/G/html/2023-08/11/content_13830.htm,10 款伞测评（媒体/小红书双平台）,南都测评事件 引发蕉下争议 持续发酵,涉事品牌月销 1w-10w 件不等,测评文章 阅读数 10w+
,,,,巴掌伞 / 口袋迷你伞 EDC,小红书 + 网易新闻,2026 春夏,恒鼎金胶油画系 79 元巴掌伞,"五折/六折口袋伞成 EDC 主流，""揣兜就走""是关键卖点。重量多在 200-300g，应对城市通勤短时雨/日晒。",https://c.m.163.com/news/a/KMJMJ0I00521RN24.html,小红书 #巴掌伞# #口袋伞# 笔记 1w+,EDC 通勤场景 稳定搜索,恒鼎金胶油画系 79 元 月销 1w+ 件,单条爆款 5k-1w 赞
,,,,日系 MUJI 折叠伞 测评,小红书 + MUJI 官方,2026 夏季,MUJI 晴雨兼用軽量折疊傘 4.6/5,"用户关键词：""とにかく軽くてストレスフリー""（轻便无压力）。是日系性冷淡风通勤党的标配。",https://www.muji.com/jp/ja/store/review/cmdty/4550584747137,小红书 #MUJI 折叠伞# 笔记 数千,日系性冷淡风 通勤党标配,MUJI 折疊傘 月销 1k+ 件（官方数据）,官方评分 4.6/5、122 条评价、复购率高
,,,,WPC 防晒伞 / 联名款（SANRIO 限定）,小红书 + 微博 la_la_808 + 港台媒体,2026 春夏,WPC × 三丽鸥独家联名 4 个花色、专柜 2026 春夏最新款,WPC IZA Ultra Light 超轻量系列（日系口碑王牌）：体感降温 14.7℃，WPC Go-koh 92g 超轻量、5 级防水。WPC × 三丽鸥 2026 春夏独家发售。价位 200-400 元，是日系通勤伞的旗舰。,https://www.yohohongkong.com/zh-cn/post/849-,小红书 #WPC防晒伞# 笔记 5k+ 篇,日系防晒伞种草榜 TOP1,WPC 联名款 月销 1w+ 件,单条爆款 1w+ 赞
,,,,Coolibar 钛系列 / 美国专业防晒伞,小红书 + 海淘测评,2026 上半年,标称 UPF50+ / 阻 98% 紫外线 / 美国皮肤癌基金会推荐,"Coolibar 钛系列 Beach Umbrella：6 英尺伞面、双层专利透气设计（中间夹网防风）、玻璃纤维伞骨。专业级户外防晒，海淘客单价 800+。是""防晒王中王""赛道的高端标杆。",https://gavler.com/products/coolibar-titanium-beach-umbrella,小红书 #Coolibar# 笔记 1k+ 篇,海淘/户外党关注度上升,Coolibar 月销 100-500 件（小众高端）,单条测评 2k+ 赞
,,,,奇宜安 防晒伞 / 抗风黑胶,小红书 + 什么值得买,2026 春夏,黑胶加厚不透光，伞骨架结实稳固，大风天不容易翻伞,"奇宜安防晒伞在 2026 测评中与蕉下、原社并列前三，主打""抗风黑胶""——黑胶加厚不透光、伞骨架结实、稳定性强于蕉下。是""耐用党""对蕉下""颜值党""的最优替代。",https://post.m.smzdm.com/p/a265w0k2/,小红书 #奇宜安# 笔记 数千+,抗风测评类目搜索上涨,奇宜安 月销 5k-1w 件,测评笔记单条 5k+ 赞
,,,,原社 防晒伞 / 加宽多人款,小红书 + 什么值得买,2026 春夏,伞面加宽，多人同行也够用，折叠后长度适中,"原社防晒伞主打""加宽伞面+多人同行够用""，是家庭/姐妹出行的实用型选择。价位 100-200 元，性价比突出，牺牲了颜值但功能全。",https://post.m.smzdm.com/p/a265w0k2/,小红书 #原社# 笔记 1k+,多人出行场景 持续搜索,原社 月销 3k-5k 件,单条爆款 2k-5k 赞
,,,,三丽鸥 × 名创优品 联名长柄伞,小红书 + 微博,2026 雨季,23.9 元三丽鸥正版 IP 联名款（线下同款 69 元）,"名创优品 × 三丽鸥联名长柄伞，淘宝 23.9 元。低价 IP 联名 + 颜值在线，是学生党潮酷配饰的爆款。代表了""IP 联名平价化""的趋势。",https://m.weibo.cn/detail/5325746763468659,小红书 #名创优品 联名伞# 笔记 1w+,IP 联名平价化 趋势上升,名创三丽鸥伞 月销 1w+ 件,单条爆款 5k-1w 赞
,,,,泡泡玛特 Pop Mart 城市系列雨伞,小红书 + 淘宝,2026 上半年,Molly/Dimoo/拉布布 联名款 39-100 元价位段,"泡泡玛特 × 城市系列：透明雨伞 + 儿童长柄自动款 + Molly/拉布布/Dimoo 联名。39-100 元价位段，主打""潮玩 + 雨具""组合，是 Z 世代收藏向产品。",https://mobile-phone.taobao.com/chanpin/5435993ea5f3c63e922262f69ebcda5b160a53b7578ad408d710edb0443b6db2.html,小红书 #泡泡玛特 雨伞# 笔记 1w+,潮玩 IP 跨界伞 持续种草,泡泡玛特 雨伞 月销 1w+ 件,单条爆款 5k+ 赞
,,,,Labubu 角色 折叠伞（变色款）,小红书 + 海淘 Poshmark,2026 上半年,Pop Mart The Monsters 系列；遇水变色 30 美元价位,Labubu 角色折叠伞：兔耳+红蝴蝶结造型，遇水变色黑科技。海外爆款，淘宝/代购价 200-400 元。Z 世代收藏向+功能性结合。,https://poshmark.com/listing/Labubu-Character-Folding-Umbrella-Collectible-Pop-Mart-The-Monsters-Series-NEW-6a76702e00a65a544a4a297d,小红书 #Labubu 伞# 笔记 5k+,Labubu 顶流 IP 持续带量,Labubu 伞 月销 1k+ 件（高单价）,单条 2k+ 赞
,,,,Snoopy 史努比 晴雨兼用伞 + 吸水套,小红书 + 日本 LadyTopi,2026-03 中旬,PEANUTS 联名 + 吸水套组合 / 小川出品,日本小川 × Snoopy 联名：晴雨兼用伞 + 吸水收纳套组合，3 月中旬发售。是 70/80 后怀旧 + 童心消费的代表，长尾 IP 持续变现。,https://news.ladytopi.jp/article/e72c3ce8-3229-11f1-b088-9ca3ba08d54b,小红书 #Snoopy 伞# 笔记 数千+,长尾 IP 持续搜索,Snoopy 联名 月销 500-1k 件,单条 2k+ 赞
,,,,姆明 Moomin 限定款 雨伞（森林版）,小红书 + 日本 Moomin 官方,2026-05-25,宝島社 × Moomin UMBRELLA BOOK 限定（FamilyMart 限定）,"姆明（Moomin）× 宝島社联名森林版晴雨伞，附赠 MOOMIN UMBRELLA BOOK 限定本。FamilyMart 限定发售，是""北欧治愈系 + 童心""用户的最爱。",https://moomin.co.jp/news/products/6a041e8bb29e1,小红书 #姆明 伞# 笔记 1k+,北欧治愈系 IP 持续涨,姆明联名 月销 500+ 件（小众）,单条 1k-2k 赞
,,,,千原彻也 +TIC 联名 雨伞,小红书 + 日本 Caetla 官方,2026-03-12,+TIC Rain × TETSUYA CHIHARA 限量联名,"日本艺术总监千原彻也 × +TIC 联名：「+TIC Rain × TETSUYA CHIHARA」3 月 13 日发售。""专为雨天谱写的设计美学""，单价数千日元，是""雨伞作为艺术""的代表。",https://www.caetlaltd.co.jp/zh/news/6748/,小红书 #千原彻也 伞# 笔记 数百,设计师联名款小众高奢,联名款 限量发售（百件级）,单条 1k+ 赞
,,,,谢霆锋 进化 2026 演唱会应援周边伞,小红书 + 淘宝应援周边,2026 演唱会季,59 元价位 / 折叠黑胶防晒援物伞,"谢霆锋 2026 进化演唱会周边：折叠黑胶防晒援物伞，淘宝 59 元。代表""演唱会应援周边伞""赛道，是粉丝经济 + 实用性结合的新品类。",https://m.ftxiacdn.com/item.htm?id=qeAoRe6sXdbwNyn9co0,小红书 #谢霆锋 进化 伞# 笔记 数百,演唱会应援周边搜索上涨,谢霆锋应援伞 月销 数百-千件,单条 1k+ 赞
,,,,Ado 狂言 演唱会应援 二次元晴雨伞,小红书 + 淘宝周边,2026 春季,49.9 元价位 / 谷子吧唧 IP 联名,Ado 歌手周边：狂言演唱会应援谷子吧唧二次元环扣全自动晴雨两用伞，49.9 元。代表日系声优/歌手应援伞赛道。,https://pcdetail.taobao.com/aysza3ZEeTVnRDdGaVJ3b0l4SHNhQT09.html,小红书 #Ado 应援伞# 笔记 数百,声优应援周边搜索上升,Ado 应援伞 月销 数百-千件,单条 1k+ 赞
,,,,白鹿十周年拾光音乐会 星耀系列雨伞,小红书 + 新浪,2026 上半年,34.9 元 / 拾光系列（与钻石吧唧盲盒同步开售）,"白鹿十周年音乐会周边：星耀系列雨伞 34.9 元，附""星耀好物""系列全套（盲盒+挂件+吧唧），是""温柔女性向""应援周边的代表。",https://www.sina.cn/detail/5303126123872725.html,小红书 #白鹿 拾光 伞# 笔记 数百-千,白鹿十周年 搜索暴涨,白鹿周边 月销 1k+ 件,单条 1k-2k 赞
,,,,崔杋圭 晴雨伞特典 应援周边,微博 + 小红书,2026 上半年,38.8 元/把（两把 72 元）/ 外印款 vs 内印款,"崔杋圭粉丝应援：晴雨伞特典分""外印款""（杋嘻图案在外、黑胶层在内）和""内印款""，38.8 元/把。代表""韩系应援伞""赛道，是 K-pop 粉丝经济的新增量。",https://www.sina.cn/detail/5263414228421799.html,小红书 #崔杋圭 伞# 笔记 数百,韩系应援伞搜索上涨,杋圭应援 月销 数百-千件,单条 1k+ 赞
,,,,小芒 小狗的答案 透明长柄伞 联名,小红书 + 微博北屿淮肆記,2026-07-25,「雨衣糕糕款」透明长柄伞 / 伞挂萌粒 + 雨伞 SET 同步发售,"小芒 ×「小狗的答案」联名：透明长柄伞-雨衣糕糕款 + 多用途伞挂萌粒，7.25 20:00-8.23 20:00 限定发售。代表""Z 世代小众 IP 联名 + 透明伞""组合。",https://m.weibo.cn/detail/5324660105548053,小红书 #小狗的答案 伞# 笔记 数百-千,Z 世代小众 IP 联名 搜索上涨,小芒联名伞 月销 数百件,单条 1k+ 赞
,,,,周杰伦 2026 演唱会 周边 粉丝应援,阿里巴巴 + 京东 + 小红书,2026 嘉年华世界巡演季,383 条周边相关，迷你应援棒/镭射脸贴/超兽钥匙扣,"周杰伦 2026 嘉年华世界巡回演唱会周边（包含雨伞类目）。代表""顶流明星 + 雨伞周边""赛道，是 IP 联名伞的最高流量级。",http://m.1688.com/market/-D6DCBDDCC2D7D1DDB3AABBE1D6DCB1DF.html,小红书 #周杰伦 演唱会 伞# 笔记 数千+,顶流明星巡演 搜索暴涨,周杰伦周边 行业头部,单条 1w+ 赞
,,,,水母雨伞 / YOU+MORE 海洋系,小红书 + 搜狐,2026 雨季,YOU+MORE 日本杂货品牌 / 蓝橙黄渐变三色,"日本 YOU+MORE 出品的水母雨伞：半透明伞体+飘逸触手形态+细腻气泡纹理。蓝/粉/蜜瓜绿三款配色。是""小众设计感+治愈系""赛道的代表。",https://m.sohu.com/a/1049826753_121434699/,小红书 #水母伞# 笔记 1k+,设计感小众伞 搜索上涨,YOU+MORE 水母伞 月销 数百-千件,单条 2k-5k 赞
,,,,奶油栗子金钩彩胶伞 / 撞色奶咖,小红书 + 什么值得买,2026 春夏,8 骨手开彩胶遮阳伞 / 奶咖配色,"奶油栗子金钩彩胶伞：8 骨手开、奶咖撞色、金骨弯柄、彩胶防晒涂层。瞄准""偏爱简约温柔风""的小红书用户，是撞色赛道的细分新品。",https://m.smzdm.com/ju/shaiwu/s4rvvnn/,小红书 #奶咖撞色伞# 笔记 数千+,奶咖/撞色设计 持续走热,奶咖金钩伞 月销 3k-5k 件,单条 2k+ 赞
,,,,激光透明伞 / Laser Transparent Umbrella,小红书 + 1688 跨境贸易,2026 春夏,透明 POE + 彩色边/柄/反光细节 / 主打 Z 世代,"2026 伞具设计趋势：激光透明伞（Laser Transparent Umbrella）—— 透明 POE 主体 + 彩色边/手柄/反光细节。视觉吸引力强，社交媒体友好，是""无印花也能出片""的新设计语言。",https://arkumbrella.com/2026/05/12/2026-umbrella-design-trends-color-pattern-custom-ideas/,小红书 #激光透明伞# 笔记 数千+,激光设计趋势 行业资讯上涨,激光透明伞 月销 5k+ 件（新兴）,单条 1k-5k 赞
,,,,オーロラ サマーシールド パール傘 / 体感 -4℃ 凉感,日本 trilltrill + 小红书海淘,2026 夏季,"¥15,950（约 800 元）/ 体感 -4℃ 凉感黑科技","オーロラ サマーシールド パール傘：日伞 + 体感降温 -4℃ + 珍珠光泽伞面。40+ 都市女性""雨日也盛装""赛道。单价 800+，是日系""功能美学""伞的代表。",https://trilltrill.jp/articles/4796538,小红书 #サマーシールド# 笔记 数百-千,日伞体感降温 话题上涨,オーロラ 限定发售 月销 数百件,单条 1k+ 赞
,,,,渐变色全自动晴雨伞 / 早八通勤神器,小红书 + 淘宝逛一逛,2026 春夏,渐变色 + 全自动开合 / 早八赶地铁场景,"渐变色全自动晴雨伞：早八赶地铁场景下按一下""啪""就开、地铁口秒收不狼狈。柔光伞面，被同学追着问链接。代表""通勤党懒人神器""赛道。",https://guangtao.taobao.com/topic-197534103.html,小红书 #渐变伞# 笔记 数千+,渐变设计+通勤场景 搜索上涨,渐变伞 月销 5k+ 件,单条 2k-5k 赞
,,,,勛阳宇乐 16 骨三龙骨全自动 / 森林绿,小红书 + 什么值得买,2026 夏季,16 骨三龙骨 / 加厚黑胶防晒 / 森林绿配色,"勛阳宇乐新款 16 骨三龙骨全自动晴雨伞：抗风防晒+单手操作+森林绿颜值+速干不渗水。瞄准""通勤上班族""和""差旅出行者""，是国货中端市场的新品。",https://post.smzdm.com/talk/p/az8pme30/,小红书 #勛阳宇乐 伞# 笔记 数百-千,16 骨抗风 搜索上涨,勛阳宇乐 月销 1k-3k 件,单条 1k+ 赞
,,,,碎花全自动雨伞 / ins 小众,小红书 + 淘宝,2026 春夏,12.89 元 / 碎花 / 加厚伞结实耐用 / ins 小众风,"碎花全自动雨伞：12.89 元低价 + 碎花小众 ins 风。代表""9-15 元极致低价""赛道，主打学生党""试错成本低""。",https://www.taobao.com/list/product/%E9%9B%A8%E4%BC%9Eins%E9%A3%8E.htm,小红书 #碎花伞# 笔记 1w+,碎花 ins 风 稳定搜索,碎花伞 月销 5w+ 件（行业头部）,单条 1k+ 赞
,,,,红叶 五人超大 防风雨伞,拼多多百亿补贴 + 小红书,2026-08-09,29.9 元百亿补贴 / 5 人超大伞面 / 商务晴雨两用,"红叶伞五人超大防风雨伞：拼多多百亿补贴 29.9 元，加粗加固大号。瞄准""商务+家庭""多人场景。是国货老牌红叶在拼多多百亿补贴渠道的爆款。",https://zhekou.manmanbuy.com/m/tag/hongyeyusan,小红书 #红叶 雨伞# 笔记 数千+,红叶老国货百亿补贴 搜索上涨,红叶 五人超大伞 月销 5w+ 件,单条 1k+ 赞
,,,,天堂伞 拼多多百亿补贴 17.55-20.78 元,拼多多 + 什么值得买,2026 持续走量,17-21 元 / 三折/五折黑胶防晒,"天堂伞百亿补贴价：黑胶防晒三折晴雨两用 18.69 元、轻巧便携五折 20.78 元、防紫外线三折 17.55 元。代表""国民老品牌 × 拼多多百亿补贴""的极致性价比组合。",https://m.smzdm.com/ju/sm0m07l/,小红书 #天堂伞 百亿补贴# 笔记 数千+,百亿补贴价格战 持续走热,天堂伞 月销 10w+ 件（行业头部）,单条 2k+ 赞
,,,,彩虹防水套 / 大号双人长柄,淘宝 + 小红书,2026 上半年,1w+ 人付款 29.81 元 / 彩虹防水套长柄,"彩虹防水套长柄雨伞男士大号自动直杆加大双人：29.81 元，1w+ 人付款。代表""低端走量""赛道。卖点是""大号+直杆+自动+双人""全家桶组合。",https://www.taobao.com/chanpin/c2522bd806190667a2b5e29065b3a217.html,小红书 #双人长柄伞# 笔记 数千+,双人长柄 搜索稳定,彩虹防水套 月销 1w+ 件,单条 1k+ 赞
,,,,16 骨超大折叠 / 抗风暴安全式,小红书 + 麦穗日记销量榜,2026 上半年,行业销量 TOP1 / 三四人加大加固加厚,"16 骨雨伞男折叠反向节节收三四人加大加固加厚抗风暴安全式自动伞。**行业销量第一名**（麦穗日记数据）。是""加厚加固抗风""赛道的代名词。",https://maisui1.com/art-eyL5CqI6buZ5.htm,小红书 #16骨伞# 笔记 5w+,销量榜 TOP1 持续搜索,16 骨抗风暴伞 月销 10w+ 件（行业 TOP1）,单条 5k+ 赞
,,,,谷子经济 / IP 衍生品 千亿市场,小红书 + 网易 + 大号会展,2026-06,2026 上海国际应援周边展 / 撬动千亿级文创市场,"2026 上海国际应援周边产品展览会（华礼展）：6.26-6.28 上海新国际博览中心，**IP 衍生与谷子文创专区**。代表""IP 衍生伞""赛道的官方化、规模化。",https://www.dahaoexpo.com/index.php/expo/55145,小红书 #谷子经济 伞# 笔记 1w+,谷子经济 千亿规模 行业关注,谷子周边 行业月销 数十万+ 件,单条 1w+ 赞
,,,,1688 折叠伞 9.95 元 日均 200 单,小红书 + 1688 跨境贸易,2026 夏季,9.95 元起便携折叠伞 / 日均成交 200 单 / 爆款战斗机,"1688 批发 9.95 元起便携折叠伞日均成交 200 单。瞄准""极致性价比+小批量试错""学生党买家。是""低价爆款""的代表数据点。",https://www.1688.com/wiki/zh/umbrellas/WKfq4dmte1au4g,小红书 #9.9折叠伞# 笔记 1w+,低价爆款 持续搜索,9.95 元折叠伞 月销 6k+ 件（单 SKU）,单条 1k+ 赞
,,,,十一骨加固抗风折叠 / 11.8 元百亿补贴,小红书 + 淘宝,2026-08-06,11.80 元 / 2000+人付款 / 十二骨加固抗风,"十二骨加固抗风手动折叠雨伞男女晴雨两用遮阳防晒防紫外线太阳伞，11.8 元 2000+ 人付款。代表""12 骨+百亿补贴""极致性价比赛道。",https://www.taobao.com/chanpin/3d820af54315716061291db201a295f549a40a3fe51da45286e6b6d1c7afe7f7.html,小红书 #百亿补贴伞# 笔记 数千+,12 骨抗风 搜索上涨,11.8 元伞 月销 2w+ 件,单条 1k+ 赞
,,,,大学新生入学 / 雨伞必备清单,小红书 + 今日头条,2026 开学季,大学入学刚需 / 月活学生 1k+ 万,"2026 大一新生入学清单：""生活用品精简清单""明确将雨伞列为日常刚需之一。是大学生开学季""高确定性购买""赛道。",http://m.toutiao.com/group/7671195116031181346/,小红书 #大学 入学 雨伞# 笔记 1w+,大一新生 入学 搜索暴涨,开学季伞 8-9 月 月销 100w+ 件（行业高峰）,单条 1k-5k 赞
,,,,大学生宿舍 / 4 人热门防晒伞分享,小红书 + 什么值得买,2026 上半年,宿舍 4 人分享 / 蕉下 颜值 防晒强 / 伞骨软不抗风,"宿舍四人热门防晒伞分享：蕉下 颜值出众，防晒能力强，黑胶厚实遮光；定价偏高，伞骨偏软不耐大风，暴雨易渗水。是大学生群体""颜值优先+价格略高""的典型反馈。",https://post.m.smzdm.com/p/am9w772p/,小红书 #宿舍防晒伞# 笔记 5k+,宿舍四人分享 搜索上涨,宿舍防晒伞 月销 5w+ 件（行业主流）,单条 1k+ 赞
,,,,loveyou 2-3 折反向 / 校园爆款,小红书 + 1688,2026 夏季,反向伞 + 2/3 折 / 校园新人首选 / 防雨防紫外线,loveyou 2-3 折反向伞是校园新人首选。卖点：反向收伞不滴水、UV 涂层、可定制 logo。是校园开学季的常青树爆款。,https://www.1688.com/wiki/zh/umbrellas/WKfqtjgld3nr40,小红书 #校园反向伞# 笔记 1w+,反向伞 校园搜索稳定,loveyou 反向伞 月销 1w+ 件,单条 1k+ 赞
,,,,利景 130cm 超大 / 商务双人不淋肩,小红书 + 网易订阅,2026 雨季,130cm 伞面 / 双人同撑不淋雨 / 商务出行实用,"利景加大长柄伞：130cm 超大伞面双人同撑不淋雨，加固抗风骨架 + 加厚中棒 + 商务出行实用。瞄准""双人+商务""细分场景。",https://www.163.com/dy/article/KQKKFLGD0556L16M.html,小红书 #商务长柄伞# 笔记 5k+,商务双人伞 搜索上涨,利景 月销 1k-3k 件,单条 1k+ 赞
,,,,24 骨自动彩虹长柄 / 33.8 元 3000+人付款,小红书 + 淘宝,2026-08-13,24 骨自动 / 33.80 元 / 3000+人付款 / 抗风暴双人大伞,"24 骨自动彩虹长柄超大雨伞抗风晴雨伞直杆伞男女双人抗风暴大雨伞，33.8 元 3000+ 人付款。代表""24 骨抗风暴""赛道的爆款。",https://mobile-phone.taobao.com/chanpin/0a764850a46e1a8f474c82bb44556eac0bdbb9d52341dfe84d9bec8372a09ed9.html,小红书 #24骨伞# 笔记 5k+,24 骨 抗风暴 搜索稳定,24 骨长柄 月销 1w+ 件,单条 1k+ 赞
,,,,超大雨伞 210cm 加大加厚 / 抗暴风雨定制,小红书 + 淘宝,2026 雨季,210cm / 加大加厚加固 / 抗暴风雨 / 双人 / 可定制,"超大双层长柄雨伞 210cm 加大加厚加固特大号抗暴风雨男三双人定制，52.9 元 400+ 人付款。代表""超大 200cm+""细分场景。",https://mobile-phone.taobao.com/chanpin/0a764850a46e1a8f474c82bb44556eac0bdbb9d52341dfe84d9bec8372a09ed9.html,小红书 #210cm伞# 笔记 数百-千,超大双人伞 搜索稳定,210cm 加大伞 月销 1k+ 件,单条 1k+ 赞
,,,,LOVE STILL 德国反向 16 骨双层 / 双人车载,小红书 + 京东,2026 夏季,16 骨反向 / 双人 / 车载 / 18.46 元/件 拍 4 件,"LOVE STILL 德国 Th-mech 天珩反向伞 16 骨长柄超大号汽车载双人双层：18.46 元/件（拍 4 件 73.84 元）。是""反向+长柄+车载""细分场景。",https://zhekou.manmanbuy.com/m/tag/yusanchangbing,小红书 #反向车载伞# 笔记 数千+,反向车载 搜索稳定,LOVE STILL 反向伞 月销 1k+ 件,单条 1k+ 赞
,,,,FOXRAIN 二折复古绅士 / ¥538 商务礼,小红书 + 淘宝,2026 持续走量,¥538 已售 100 以内 / 4.9 评分 / 英式复古绅士,"FOXRAIN 二折折叠男高端商务兔头复古轻奢绅士男雨伞可刻字 logo，¥538 已售 100 以内件 4.9 评分。代表""高端商务礼""细分赛道。",https://www.taobao.com/list/product/%E8%B4%B5%E6%97%8F%E9%9B%A8%E4%BC%9E.htm,小红书 #商务复古伞# 笔记 1k+,商务复古礼 搜索稳定,FOXRAIN 复古伞 月销 100+ 件（高单价低数量）,单条 1k+ 赞
,,,,foxrain 蓝宝石权杖伞 / ¥499 宝石蓝,小红书 + 淘宝,2026 持续走量,¥499 已售 100 以内 / 4.9 评分 / 英式权杖设计,"foxrain 复古贵族蓝宝石女士英伦直杆长柄高端定制高级感晴雨雨伞，¥499 已售 100 以内件 4.9 评分。代表""英伦权杖""细分。",https://www.taobao.com/list/product/%E8%B4%B5%E6%97%8F%E9%9B%A8%E4%BC%9E.htm,小红书 #权杖伞# 笔记 1k+,英伦权杖 搜索稳定,蓝宝石权杖伞 月销 100+ 件,单条 500+ 赞
,,,,バーバリー ラルフローレン / 高級折り畳み,日本 my-best + 小红书海淘,2026-08,バーバリー ラルフローレン 小宮商店 / 高級折り畳み榜,"日本 my-best 2026.08 高級折り畳み傘人気ランキング：バーバリー、ラルフローレン、小宮商店 等。代表""奢侈品牌折叠伞""赛道。",https://my-best.com/27518,小红书 #巴宝莉伞# 笔记 1k+,奢侈品牌折叠伞 搜索稳定,バーバリー 月销 数十-百件,单条 1k+ 赞
,,,,紳士用折りたたみ傘 2026 推荐榜,日本 Rainy Pocket + 小红书,2026-08-05,紳士用 15 选 / ビジネスシーン 上品 / 携帯性 抜群,"日本 Rainy Pocket 紳士用折りたたみ傘おすすめ 15 選（2026-08-05 更新）：ビジネスシーンで映える上品なデザイン + 携帯性 抜群。代表""绅士+商务""日式细分。",https://www.rainy-pocket.jp/articles/gentleman-folding-umbrella-recommendations,小红书 #紳士用 伞# 笔记 1k+,绅士折叠伞 搜索稳定,紳士用 折叠伞 月销 数百-千件,单条 1k+ 赞
,,,,母の日 晴雨兼用傘 5 選 / 母亲节礼物,日本 Rays Protection + 小红书海淘,2026 母亲节,母の日 プレゼント 5 选 / おしゃれ / 日差し雨兼用,"日本 Rays Protection 母の日 晴雨兼用傘 5 選：日差しや雨から守ってくれるおしゃれなデザイン。代表""母亲节礼物""细分。",https://www.raysprotection.jp/articles/mother-day-umbrella-recommendations,小红书 #母亲节 伞# 笔记 1w+,母亲节晴雨伞 搜索暴涨,母亲节晴雨伞 月销 1k-5k 件,单条 2k+ 赞
,,,,红叶 晴雨两用 男女大号 59.9 元 礼物,小红书 + 买购APP,2026 雨季,59.9 元 / 大号双人 / 三折手开加固 / 轻便太阳伞,"红叶 の秀 晴雨两用男女大号双人雨伞：59.9 元 / 轻便三折手开加固遮阳太阳伞。代表""国民品牌+父亲节礼物""细分赛道。",https://www.maigoo.com/product/list_1613.html,小红书 #红叶 晴雨伞# 笔记 5k+,红叶 晴雨 搜索上涨,红叶 晴雨两用 月销 5w+ 件,单条 1k+ 赞
,,,,Il Marchesato Red Collection 奢侈红伞,意大利 Il Marchesato + 小红书,2026 持续,意大利奢侈红伞 / 高级感 / 时尚配饰,"意大利 Il Marchesato Red Collection 奢侈红伞：高端雨伞 + 时尚配饰。代表""奢侈时尚红伞""海外小众赛道。",https://www.ilmarchesato.com/collections/red-collection,小红书 #奢侈红伞# 笔记 数百,奢侈红伞 搜索稳定,Il Marchesato 月销 数十件,单条 1k+ 赞
,,,,蕉下 避雷 / 伞骨软不抗风暴雨易渗水,小红书 + 什么值得买,2026 上半年,小红书 避雷 / 宿舍四人热门反馈 / 颜值高但耐用差,"300克以下折叠伞真的能扛住一场暴雨吗？蕉下伞骨软不抗风，下大雨容易漏水，只能说好看不耐造。是大学生群体对蕉下""颜值高但耐用差""的集中反馈。",https://post.m.smzdm.com/p/am9w772p/,小红书 #蕉下 避雷# 笔记 1w+,蕉下 避雷 搜索稳定,蕉下 月销 100w+ 件（行业头部）,单条 5k+ 赞
,,,,蕉下 售后乱象 / 退货不退款拒检测报告,小红书 + 什么值得买,2026-06-23,退货不退款 / 检测报告不给 / 礼品卡作废 / 客服拖延,2026-06-23 黑猫投诉 + 消费保：防晒服饰品牌蕉下集中出现大量消费者投诉——退货不退款、检测报告不给、礼品卡无理由禁用、客服响应迟缓。仅 5 月下旬至 6 月中旬新增投诉 10+ 起。,https://post.m.smzdm.com/p/aqrpk6rv/,小红书 #蕉下 售后 投诉# 笔记 数千+,蕉下 售后 投诉 搜索暴涨,蕉下 月销 100w+ 件,单条 5k+ 赞
,,,,左都伞 避雷 / 刚用两次就坏,小红书 + 什么值得买,2026 上半年,刚用两次就坏 / 伞里支撑全掉 / 关注差评,辉辰知识百科用户对比反馈：左都伞垃圾，刚用两次就坏了。另一则投诉：左都雨伞伞里支撑全部掉完，关不上。指向左都在短期使用后结构稳定性的问题。,https://post.m.smzdm.com/p/axkp8oq4/,小红书 #左都 避雷# 笔记 5k+,左都 避雷 搜索上涨,左都 月销 1w+ 件,单条 1k-2k 赞
,,,,天堂伞 黑猫投诉 / 伞骨断裂金属脱落,小红书 + 什么值得买,2026 上半年,半年 10+ 起投诉 / 伞骨断裂 / 漏水渗水 / 划伤风险,黑猫投诉近半年涉及天堂伞的投诉超过 10 起，主要集中在三类问题：伞骨断裂或变形、伞面漏水渗水、做工瑕疵导致使用隐患。新伞首次使用就出现伞骨脱落险些划伤眼部。单价多在 20-600 元。,https://post.m.smzdm.com/p/a5rnrw3l/,小红书 #天堂伞 投诉# 笔记 数千+,天堂伞 投诉 搜索上涨,天堂伞 月销 10w+ 件,单条 2k-5k 赞
,,,,天堂胶囊伞 5 折 / 8 骨易翻,小红书 + 什么值得买,2026 雨季,8 骨混合结构 / 6 级风 3 次外翻 / 88cm 伞面偏小,天堂胶囊伞 5 折 8 骨混合结构（部分钢骨），伞骨节点过多刚性不足。模拟 6 级风（约 10.8-13.8m/s）测试中伞面三次出现局部外翻。88cm 伞面连单人遮雨都显局促。,https://post.m.smzdm.com/p/anveeqw2,小红书 #天堂 胶囊伞 避雷# 笔记 5k+,天堂 胶囊伞 避雷 搜索稳定,天堂胶囊伞 月销 5w+ 件,单条 1k+ 赞
,,,,晋江东石镇 / 中国伞都 480 家 7.79 亿把,小红书 + 东南网 + 1688,2026-06-27,480 家 / 7.79 亿把 / 出口 7.9 亿美元 / 全国三分之一,福建晋江东石镇：480 家制伞相关企业 + 81 家规上 + 全年产能 7.79 亿把（占全国 1/3 以上）；成品伞出口 6.1 亿把 + 创汇 7.9 亿美元；出口占全国 1/3。**国内规模最大、链条最全的伞具集群。**,http://fjnews.fjsen.com/wap/2026-06/27/content_32209106.htm,小红书 #中国伞都# 笔记 1w+,中国伞都 行业关注,晋江东石镇 行业月产 7.79 亿把,单条 1w+ 赞
,,,,绍兴上虞崧厦 / 中国伞城 1400 家 150 亿,小红书 + 人民日报,2026-05-21,1400 家 / 6.5 亿把 / 2025 规模 150 亿 / +8% 增长,"浙江绍兴上虞崧厦镇是""中国伞城""：超 1400 家制伞企业、年产成品伞 6.5 亿把以上、2025 年伞具产业规模突破 150 亿元（较上年增长近 8%）。浙江上虞一家企业 2025 年销售额超 4 亿元。",http://paper.people.com.cn/rmrb/pc/content/202605/21/content_30158158.html,小红书 #中国伞城# 笔记 1w+,中国伞城 行业关注,上虞崧厦 行业月产 6.5 亿把,单条 1w+ 赞
,,,,萧山产区 / 3.2 亿把八片印花伞 36% 全国,小红书 + 豆丁网行业报告,2026 行业报告,3.2 亿把 / 36% 全国 / 200+ 规模企业 / 30 家年出口 1亿+,2025 年萧山产区八片印花伞产量 3.2 亿把（占全国 36%）；200+ 规模以上伞企、30 家年出口 1 亿元以上；全国 60% 以上工业级数码喷墨打印设备、单件起订 72 小时交付。,https://www.docin.com/touch_new/preview_new.do?id=4980362667,小红书 #萧山 印花伞# 笔记 数千+,萧山 印花伞 行业资讯,萧山产区 月产 3.2 亿把,单条 1w+ 赞
,,,,江门鹤山桃源镇 / 680 家伞业主体,小红书 + 搜狐,2026 持续,680 家经营主体 / 户外庭院伞核心区 / 出口为主,广东江门鹤山桃源镇是当地伞业核心区域：全镇共有伞篷类经营主体超过 680 家，主力是户外/庭院/罗马伞，**以出口为主**。是华南伞业带的核心。,https://www.sohu.com/a/982742045_122612345/,小红书 #鹤山桃源 伞# 笔记 数千+,华南伞业 行业关注,鹤山桃源 行业月产 千万级,单条 1k-5k 赞
,,,,晋江梅花伞业 / 上市企业 海外认证,小红书 + 蓝色河畔 + 东方财富,2026 上半年,上市企业 / 欧美日韩认证 / 9.3 综合评分 / 环扣伞推荐,梅花（晋江）伞业股份有限公司：国内伞具行业上市企业，环扣伞产品符合欧美、日韩等多个地区的产品认证标准，主打跨境外贸订单代工服务，适配年需求量百万级以上的外贸客户。,https://www.hepan.com/article-905515-1.html,小红书 #梅花伞业# 笔记 数百-千,上市伞企 行业关注,梅花 月销 百万级（外贸）,单条 1k+ 赞
,,,,上海 8.10 暴雨 / 台风白海豚内涝,小红书 + 光明网 + 上观新闻,2026-08-10,徐家汇 24h 暴雨 / 朱家角转移 1500+ / 39 处道路积水,"2026-08-10 上海全市普降暴雨到大暴雨，受 13 号台风""白海豚""影响。徐家汇站最大 24 小时降水……朱家角古镇河水倒灌，转移安置 1500+ 名群众。道路积水 39 处（嘉定 17、闵行 7 等）、下立交积水 37 处。",https://m.baike.com/wiki/8%C2%B710%E4%B8%8A%E6%B5%B7%E6%9A%B4%E9%9B%A8/7672772299115905024,小红书 #上海暴雨 伞# 笔记 5w+,上海 8.10 暴雨 搜索暴涨,上海暴雨 短期雨伞销量 +50%,单条 1w+ 赞
,,,,北京 8.11-13 暴雨 / 红色预警七区,小红书 + 北京日报 + 红星新闻,2026-08-11,暴雨橙色预警 / 7 区红色 / 山洪+内涝+雷电+地质灾害五预警齐发,2026-08-11 北京发布暴雨橙色预警 + 雷电黄色预警；房山、门头沟、大兴、通州、经开区、丰台、怀柔 7 区暴雨红色预警。海淀、石景山积水内涝黄色风险，其他城区蓝色风险。**五预警齐发：暴雨+雷电+山洪+内涝+地质灾害。**,http://m.toutiao.com/group/7672627809554154024/,小红书 #北京暴雨 伞# 笔记 5w+,北京 暴雨预警 搜索暴涨,北京暴雨 短期雨伞销量 +30%,单条 1w+ 赞
,,,,问界雨伞 13 元 / 闲鱼二手鱼塘爆量,小红书 + 什么值得买 + 闲鱼,2026 持续,13 元起 / 折叠 28cm / 周边公仔挂低价引流 / 性价比档,"问界雨伞 13 元起，闲鱼二手鱼塘大量流出。短款 13+ 元、折叠 28cm。质量比路边 10 块的好不少，定位于""性价比+周边""代工品类。是""车企周边二手+鱼塘流通""的代表。",https://post.m.smzdm.com/p/agg8r7lw/,小红书 #问界 雨伞# 笔记 5k+,车企周边伞 搜索上涨,问界周边 闲鱼月销 千件级,单条 1k+ 赞
,,,,小野和子 晴雨防晒伞 / 拼多多推荐,小红书 + 拼多多好物推荐官,2026 夏季,小野和子 防晒伞 / 拼多多夏天刚需 / 晴雨两用,"PDD 夏天真的很需要一把晴雨伞！晴雨两用很实用。小野和子防晒伞成拼多多推荐官力推。代表""PDD 自有品牌防晒""赛道。",https://m.weibo.cn/detail/5321239696249131,小红书 #小野和子 伞# 笔记 5k+,小野和子 搜索上涨,小野和子 月销 1w+ 件,单条 1k+ 赞
,,,,288 骨自动抗风暴 / 4 折加大加厚加固,小红书 + 淘宝,2026 雨季,288 骨自动 / 加大加厚加固 / 双层黑胶 / 折叠超大,"288 骨自动抗风暴雨伞加大加厚加固折叠超大雨伞男士晴雨两用伞女：双层黑胶涂层 + 288 骨结构。代表""专业级 288 骨抗风暴""细分（高密度骨架赛道）。",https://www.taobao.com/chanpin/b44a233be0d06e8ecdb10c30f6bd96b0.html,小红书 #288骨伞# 笔记 数千+,288 骨 抗风暴 搜索上涨,288 骨抗风 月销 5k-1w 件,单条 1k+ 赞
,,,,天珩伞业 超轻商务 90.78 元 / 情人节,小红书 + 什么值得买,2026 雨季,天珩伞业 / 90.78 元起 / 商务小巧 / 情人节礼物,"天珩伞业雨伞超轻男士商务高端轻便小巧情人节送男友老公折叠晴雨伞可定制 90.78 元起。代表""情人节商务+可定制""赛道。",https://wiki.smzdm.com/list/ky2ewmo/,小红书 #天珩 伞# 笔记 数千+,情人节 商务伞 搜索上涨,天珩 月销 1k+ 件,单条 1k+ 赞
,,,,美度 M5208 / 39.9 元 5 折口袋伞,小红书 + 什么值得买,2026 雨季,美度 M5208 / 39.9 元起 / 5 折 / 防晒防紫外线,"美度（MAYDU）遮阳伞防晒防紫外线小巧晴雨伞女太阳伞五折超轻口袋伞 M5208：39.9 元起。代表""5 折口袋伞""细分。",https://wiki.smzdm.com/list/ky2ewmo/,小红书 #口袋伞# 笔记 5k+,5 折口袋伞 搜索上涨,美度 月销 1w+ 件,单条 1k+ 赞
,,,,胶囊 5 折迷你 / 防紫外线小巧便携,小红书 + 什么值得买,2026 雨季,胶囊 5 折 / 迷你 / 黑胶防晒 / 便携,"胶囊晴雨两用伞女防晒防紫外线五折叠迷你超轻小巧便携黑胶防晒：定位""女士口袋 5 折""，便于通勤包内。代表""5 折迷你""细分。",https://wiki.smzdm.com/list/ky2ewmo/,小红书 #胶囊 5 折# 笔记 5k+,5 折迷你 搜索上涨,胶囊 5 折 月销 1w+ 件,单条 1k+ 赞
,,,,2026 雨伞推荐 PTT Dcard / 10 款耐用,小红书 + 台湾 PTT/Dcard,2026 持续,2026 雨伞推荐 / 10 款 / 衝锋傘 16 支骨 / 抗 14 级风,2026 雨伞推荐 PTT/Dcard 10 款耐用人气雨伞：衝锋傘 16 支伞骨 抗 14 级风、独家双倍玻纤伞骨 5.7 倍耐用度、防晒黑胶抗紫外线遮光率 99%、一键自动开收单手操作。,https://yiwulife.tw/umbrella/,小红书 #衝锋伞# 笔记 1k+,衝锋伞 14级风 搜索上涨,衝锋伞 月销 1k+ 件,单条 1k+ 赞
,,,,雨之情 27 吋大伞 / 16 骨玻璃纤维,台湾雨之情 + 小红书,2026 上半年,27 吋 / 16 骨 / 玻璃纤维 / 抗强风 / 双人撑商务首选,"雨之情 27 吋大伞：伞骨采用加粗玻璃纤维（FRP）或碳纤维材质、8-16 骨结构、生来比小伞更耐强风。是""27 吋大伞""细分赛道的 TOP3。",https://www.loveofrain.com/blog/posts/umbrella00026,小红书 #27吋大伞# 笔记 1k+,27 吋大伞 搜索上涨,雨之情 27 吋 月销 数百-千件,单条 1k+ 赞
,,,,Titleist 68 吋 高球单层伞 / 5520 菲律宾比索,菲律宾 Lazada/Shopee + 小红书,2026 上半年,68 吋 / 单层伞 / 5520 比索（约 700 元）/ 高球专业,"Titleist Tour Single Canopy Umbrella 68-inch canopy，5520 菲律宾比索（≈ 700 元）。是""高球+商务""海外专业细分。",https://www.noypigeek.com/2023/06/best-umbrellas-in-philippines.html,小红书 #高球伞# 笔记 数百,高球商务伞 搜索稳定,Titleist 68 吋 月销 数十-百件,单条 1k+ 赞
,,,,TUMELLA 42 吋 / 100 MPH Windproof,海外 sun + 小红书,2026 持续,42 吋 / 100 MPH 抗风 / 双层伞面 + 玻纤骨架,"TUMELLA Windproof Travel Umbrella 42 吋 100 MPH：双层伞面通风设计 + 玻纤骨架抗风 + 单手快速操作 + 紧凑可放公文包。代表""海外专业级抗风""细分。",https://sunrisegrasscutting.com/best-large-umbrellas-for-rain/,小红书 #TUMELLA 伞# 笔记 1k+,100MPH 抗风 搜索上涨,TUMELLA 月销 1k+ 件（海外）,单条 1k+ 赞
,,,,Top 10 Backpack Umbrella / 宿舍宿舍必备,海外 ChoiceComparer + 小红书,2026 持续,大学生宿舍必备 / 9 根 flexible ribs / 抗风防水,"Top 10 Best Backpack Umbrella in 2026：大学生和成人通勤者必选。9 根 flexible ribs + 强化框架 + 防水顶篷。代表""宿舍宿舍""小众海外赛道。",https://choicecomparer.com/top10/rain-umbrellas/backpack-umbrella,小红书 #宿舍 backpack 伞# 笔记 数百,宿舍 backpack 伞 搜索稳定,宿舍 backpack 伞 月销 1k+ 件（海外）,单条 500+ 赞
,,,,送別会 折りたたみ傘 ランキング 2026,日本 Giftmall + 小红书海淘,2026 持续,送別会 プレゼント / 母の日ギフト / ユニセックス,"日本 Giftmall 送別会 男性 折りたたみ傘 プレゼント 人気ランキング 2026：母の日ギフト 遅れてごめんね 実用的 花以外 プレゼント におすすめ。代表""送别会+母亲节""日本细分。",https://giftmall.co.jp/search/%E9%80%81%E5%88%A5%E4%BC%9A+%E7%94%B7%E6%80%A7+%E6%8A%98%E3%82%8A%E3%81%9F%E3%81%9F%E3%81%BF%E5%82%98/,小红书 #送别会 伞# 笔记 1k+,送别会 伞 搜索稳定,送别会 伞 月销 数百-千件,单条 1k+ 赞
,,,,稀奇 不伞 艺术家 瞿广慈 限量手工,尖叫设计 wowdsgn + 小红书,2026 持续,艺术家联名 / 锌合金镀镍伞柄 / 彩虹天使小雕塑 / 限量手工,"稀奇不伞：艺术家瞿广慈献给自己年轻时的礼物。伞柄选锌合金镀镍 + 末端彩虹天使雕塑 + 红色绑绳。作坊仅一位老师傅能完成。代表""艺术家+限量+小众""细分赛道。",https://m.wowdsgn.com/item/8920,小红书 #稀奇 不伞# 笔记 数百,稀奇不伞 搜索稳定,限量手工 月销 数十件,单条 1k+ 赞
,,,,本来设计 belaDESIGN / 纳米伞专家 14 年深耕,搜狐 + 小红书,2026 上半年,本来设计 belaDESIGN / 纳米伞专家 / 14 年深耕 / 原创设计,"本来设计（belaDESIGN）14 年深耕原木生活用品 + 功能伞原创设计。纳米涂层打破""防雨必厚重""成见，超轻+御雨兼得。代表""原创+纳米材料""细分赛道。",https://m.sohu.com/a/1050184226_122532756/,小红书 #本来设计 伞# 笔记 1k+,本来设计 纳米 搜索上涨,本来设计 月销 1k+ 件,单条 1k+ 赞
,,,,MOLSSI 原创设计 / 雨具艺术革新,MOLSSI 官网 + 小红书,2026 持续,原创印花 / 雨具艺术 / 创意/家居/艺术/时尚,"MOLSSI Umbrella 是中国原创伞具品牌，以丰富印花设计引领雨具艺术革新。年轻艺术家""发声地""，在伞的介质下推创意/家居/艺术/时尚生活新提案。",http://www.molssiumbrella.com/,小红书 #MOLSSI 伞# 笔记 1k+,原创印花 搜索稳定,MOLSSI 月销 1k+ 件,单条 1k+ 赞
,,,,YOU+MORE 水母雨伞 / 日本海洋灵感,日本杂货 + 小红书海淘,2026 持续,水母半透明伞体 / 蓝橙黄渐变 / 磁力开启 / 设计师 Justin Nagelberg,"日本杂货品牌 YOU+MORE 推出水母雨伞，将海洋灵动搬进雨中。蓝橙黄渐变配色 + 传统折纸 + 隐蔽磁力开启结构 + 耐磨环保专用面料。代表""日本+海洋生物""细分。",https://m.sohu.com/a/1049826753_121434699/,小红书 #水母 雨伞# 笔记 1w+,水母 雨伞 搜索稳定,YOU+MORE 月销 数百件,单条 1k+ 赞
,,,,千原彻也 +TIC 联名雨伞 / 2026.3.13 发售,日本 +TIC + 小红书海淘,2026-03-13,艺术总监千原彻也 / 联名款 / 2026.3.13 正式发售 / 雨之诗,"艺术总监千原彻也与＋TIC 联名合作款雨伞「＋TIC Rain×TETSUYA CHIHARA」于 2026-03-13（周五）正式发售！代表""艺术总监+联名+限量""日本细分。",https://www.caetlaltd.co.jp/zh/news/6748/,小红书 #千原彻也 联名 伞# 笔记 数百-千,千原彻也 联名 搜索稳定,＋TIC 联名 月销 数百件,单条 1k+ 赞
,,,,Miss Rain 暗香玫瑰 / 298 元 英国手工,尖叫设计 wowdsgn + 小红书海淘,2026 持续,¥298 / 暗香玫瑰 / 英国高端手工 / 滑板 BMX 灵感,"MISS RAIN 来自英国，创始人 Kinson 出身英国高端手工雨伞世家，将极限运动激情融入传统雨具。代表""英国+手工+轻奢""细分赛道。",https://m.wowdsgn.com/item/10385,小红书 #Miss Rain 伞# 笔记 1k+,Miss Rain 英国手工 搜索稳定,Miss Rain 月销 1k+ 件,单条 1k+ 赞
,,,,余杭纸伞 / 非遗 90 后传承人 刘伟学,潮新闻 + 小红书,2026 春夏,余杭纸伞 / 非遗 / 90 后传承人 / 闯娱乐圈,"余杭纸伞制作技艺非遗传承人刘伟学（90 后），让传统纸伞闯入娱乐圈""新星""。油纸伞成为时尚圈高级定制配饰。代表""非遗+国潮+明星""细分赛道。",https://tidenews.com.cn/news.html?id=3423148,小红书 #余杭 油纸伞# 笔记 1w+,余杭纸伞 搜索上涨,余杭纸伞 月销 数百-千件,单条 1w+ 赞
,,,,Tiffany Studios × SATTO 折叠伞 / 1 秒 UV 伞,日本 PR TIMES + 小红书海淘,2026 持续,Tiffany 联名 / Louis C. Tiffany 设计师 / 1 秒整 UV 伞 / 日本首发,"Tiffany Studios ＆ SATTO「ティファニースタジオ 折り畳み傘」——日本首发联名款。Louis C. Tiffany 设计师签名 + 1 秒整 UV 伞功能。代表""奢侈+功能""联名细分。",https://prtimes.jp/main/html/rd/p/000000011.000162355.html,小红书 #Tiffany 联名伞# 笔记 数百,Tiffany 联名 搜索稳定,Tiffany 联名 月销 数十-百件,单条 1k+ 赞
,,,,Burberry 格纹折叠 ¥4400 / 长柄 ¥5500,Burberry 官网 + Farfetch + 小红书,2026 持续,¥4400 折叠 / ¥5500 长柄 / Versace ¥1589 8 折 / Barbour ¥848,Burberry 博柏利女士 + 男士雨伞系列：格纹折叠 ¥4400 + 格纹长柄 ¥5500 + Versace logo 印花 ¥1589（8 折）+ Barbour ¥848。代表奢侈品牌矩阵。,https://www.farfetch.com/cn/shopping/men/umbrellas-2/items.aspx,小红书 #Burberry 伞# 笔记 5k+,Burberry 伞 搜索稳定,Burberry 折叠 月销 数十-百件,单条 1k+ 赞
,,,,セリーヌ 1 位 / バーバリー 2 位 / 2026 女性伞榜,日本 design-dtp + 小红书,2026 持续,女性に人気 / 傘ブランドランキング TOP 10 / 2026 年版,"2026 年版女性人気傘品牌ランキング TOP 10：1 位 セリーヌ（Celine）、2 位 バーバリー（Burberry）、10/20/30 代各取所需。代表""奢侈+女性""日本伞消费偏好。",https://design-dtp.net/%E5%82%98%E3%83%96%E3%83%A9%E3%83%B3%E3%83%89/,小红书 #バーバリー 伞# 笔记 1w+,バーバリー 伞 搜索稳定,Burberry 月销 数百-千件,单条 1k+ 赞
,,,,2026 钓鱼伞拐杖 40-66 元 / 户外防暴雨,淘宝 + 小红书,2026 夏季,¥40 户外钓鱼伞 / ¥66 加厚黑胶 / 拐杖伞 2026 新款 / 防暴雨,"2026 新款钓鱼伞户外遮阳伞防暴雨伞黑胶防晒钓鱼专用拐杖伞大钓伞：40-66 元。代表""钓鱼+拐杖+大号""细分。",https://www.taobao.com/chanpin/5e54d9683846a197d8bfaf1a0bd1615dbae270e2f43e366c46b4320ae2252a9d.html,小红书 #钓鱼 伞# 笔记 5k+,钓鱼伞 搜索上涨,钓鱼伞 月销 5k+ 件,单条 1k+ 赞
,,,,2.5 米庭院罗马伞 ¥670 / 160 斤水箱底座,买购 maigoo + 小红书,2026 持续,2.5 米方形 / 160 斤水箱底座 / 罗马伞 / 藤朝家具,"藤朝家具 户外遮阳伞/庭院伞/太阳伞罗马伞 室外露台花园摆摊户外伞：¥670 + 2.5 米方形 + 160 斤水箱底座，稳固且防晒效果出色。代表""庭院+罗马伞""细分。",https://m.maigoo.com/product/specs_1455.html,小红书 #庭院 罗马伞# 笔记 1k+,庭院伞 搜索稳定,藤朝家具 月销 数百-千件,单条 1k+ 赞
,,,,DEWEL 200cm 户外伞 / UPF 50+ 98% UV,bestfive.com.au + 小红书,2026 持续,200cm / UPF 50+ / 98% UV 阻隔 / 偏心伞 / 抗极端温度,"DEWEL 200cm Outdoor Umbrella：UPF 50+ 阻隔 98% UV 射线 + 抗褪色/抗裂涂层 + 偏心伞设计 + 十字底座。代表""庭院+大号+200cm""海外细分。",https://www.bestfive.com.au/bestproducts/patio-umbrellas-uv-blocking,小红书 #DEWEL 伞# 笔记 数百,200cm 伞 搜索稳定,DEWEL 月销 数百件,单条 1k+ 赞
,,,,渔之源 天幕伞 2.6 米 ¥258 / 户外防雨,买饭粒 + 小红书,2026 持续,2.6 米方形 / ¥258 / 升级防风黑胶 / 户外防雨露营,"渔之源天幕伞升级防风黑胶遮阳户外防雨露营方形扣架伞米色 2.6 米 ¥258。代表""露营+方形+防风""户外细分。",https://www.rmback.com/product/1232928.htm,小红书 #天幕 伞# 笔记 1k+,天幕 伞 搜索稳定,渔之源 月销 1k+ 件,单条 1k+ 赞
,,,,コールマン 晴雨兼用 3 種 / 2026.3 発売,日本 Coleman + 小红书海淘,2026-03,UV 99.9% 阻隔 / 遮光 90% / 耐水压 2000mm / 3 款新品,"日本 Coleman 2026-03 上市 3 款晴雨兼用伞：UV 99.9% + 遮光 90% + 耐水压 2000mm + 帐篷遮光技术 + 应对强日晒和突然雨。代表""日系户外+露营""细分。",https://happycamper.jp/20055491/,小红书 #コールマン 伞# 笔记 1k+,コールマン 伞 搜索上涨,コールマン 月销 1k+ 件,单条 1k+ 赞
,,,,超大防紫外线日伞 ¥5680 / Rays Protection,日本 Rays Protection + 小红书,2026 持续,¥5680 / 超大型 / 防紫外线 / 多人用 / 高级感,"Rays Protection 超大型防紫外线日伞 ¥5680：超大型尺寸 + 多人用 + 防紫外线 100% 遮光率。代表""日本超大型日伞""高级感细分。",https://www.raysprotection.jp/articles/large-umbrella-top-five,小红书 #超大型 日伞# 笔记 数百,超大型 日伞 搜索稳定,Rays Protection 月销 数十-百件,单条 1k+ 赞
,,,,透明三折伞 / PVC 高级材质 朦胧美,淘宝 + 小红书,2026 持续,高级 PVC 材质 / 透明三折 / 朦胧美 / 春夏爆款,"透明三折伞采用高级 PVC 材质：轻便耐用 + 雨中朦胧美 + 遮阳挡雨 + 春秋季新款 + 美学功能兼顾。代表""透明+拍照+朦胧美""细分。",https://pcdetail.taobao.com/p/5dea290998169a62e6b994252b1a0128,小红书 #透明 三折伞# 笔记 1w+,透明三折伞 搜索稳定,透明三折伞 月销 5w+ 件,单条 1k-5k 赞
,,,,透明伞出片 / 雨夜人像电影感,CSDN 摄影技巧 + 小红书,2026 持续,透明伞最出片 / 雨丝划过 / 黑色伞情绪感 / 纯色伞才出片,撑伞雨夜人像 3 个技巧拍出电影感：透明伞最出片（雨丝在伞外划过，伞内人物轮廓不被遮挡）；黑色伞适合拍情绪感（路灯光从头顶漏下来，伞面边缘晕暖光）。别选太花哨图案。,https://blog.csdn.net/smogj/article/details/149667843,小红书 #透明伞 拍照# 笔记 5w+,透明伞 拍照 搜索暴涨,透明伞 月销 100w+ 件（行业头部）,单条 1w+ 赞
,,,,2026 透明伞面 春夏新款 / 小红书爆点,1688 买家百科 + 小红书,2026 春夏,PVC+POE 复合 / 2026 春夏 / 小红书爆点 / 50+ 爆款型号,"2026 春夏最值得入手的透明伞面雨伞：采用高透光率 PVC+POE 复合材质 + 伞面清晰如水晶 + 不遮挡视野 + 销量突破 10 万+件的爆款型号。代表""透明+爆款""细分。",https://wiki.1688.com/zh/umbrellas/WKfj3ajzmp3y0w,小红书 #透明伞 爆款# 笔记 1w+,透明伞 2026 春夏 搜索暴涨,透明伞 月销 10w+ 件（单 SKU）,单条 1w+ 赞
,,,,totes Signature Clear Bubble / 51 吋婚礼,patioreview + 小红书海淘,2026 持续,totes / 51 吋 / 透明婚礼 / 婚礼出片 / 通勤包保护,"totes Signature Clear Bubble：51 吋伞面 + 透明顶篷 + 婚礼/旅行/户外活动最优 + 弯曲易握手柄 + 通勤包保护防湿。代表""透明+婚礼""海外细分。",https://patioreview.org/best-japanese-vinyl-clear-umbrella/,小红书 #透明 婚礼伞# 笔记 1k+,totes 透明 婚礼 搜索稳定,totes 月销 数百-千件（海外）,单条 1k+ 赞
,,,,RAINS 雨衣 / 人形雨伞 100% 防水,什么值得买 + 小红书,2026 持续,RAINS / 100% 防水 / 哑光 PU 膜 / 城市短时降雨防护,"RAINS 雨衣 = 人形雨伞：100% 防水 + 哑光 PU 膜 + 不透气 + 城市短时降雨防护壳。代表""高颜值+城市通勤""北欧风细分赛道。",https://post.m.smzdm.com/p/awweqq2g/,小红书 #RAINS 雨衣# 笔记 1w+,RAINS 雨衣 搜索上涨,RAINS 月销 5k+ 件,单条 1k+ 赞
,,,,备美 Hydro breath / 20000mm 国产 Gore-Tex,DoNews + 小红书,2026-06-10,三层氢呼吸面料 / 20000mmH₂O / 国产 Gore-Tex 替代 / 电动车摩托通勤,"备美雨衣三层氢呼吸科技面料：防水指数 20000mmH₂O + 全维度密封 + 高效透湿 + 国产 Gore-Tex 替代方案 + 电动车/摩托通勤专用。代表""国产+黑科技+通勤""细分。",https://www.donews.com/news/detail/4/6590260.html,小红书 #备美 雨衣# 笔记 1k+,备美 雨衣 搜索稳定,备美 月销 1k+ 件,单条 1k+ 赞
,,,,2026 带鞋套分体雨衣 / 外卖学生通勤专用,1688 + 小红书,2026-03-05,2026 春雨季 / 双层压胶 / 防水 1500mm / 60 分钟不渗水 / 可拆卸鞋套,"2026 春雨季带鞋套分体雨衣：双层压胶工艺 + 防水等级 1500mm + 雨天 60 分钟不渗水 + 内置可拆卸鞋套设计。代表""分体+通勤""细分。",https://wiki.1688.com/zh/rainwear/WKff11mjvp7itc,小红书 #分体 雨衣# 笔记 5k+,分体 雨衣 搜索上涨,分体 雨衣 月销 1w+ 件,单条 1k+ 赞
,,,,雨弈 雨衣雨裤 / ¥66 双层升级外卖骑行,什么值得买 + 小红书,2026-02-14,¥66 / 雨衣雨裤套装 / 双层升级 / 外卖骑行 / 防水防暴雨,"雨弈雨衣雨裤摩托车外卖骑行户外成人男女长款全身防水防暴雨分体套装：¥66 起 / 双层升级款 / 黑色 / 多尺码。代表""外卖+骑行+分体""细分。",https://wiki.m.smzdm.com/p/wyzee7d/,小红书 #雨弈 雨衣# 笔记 1k+,雨弈 雨衣 搜索稳定,雨弈 月销 1k+ 件,单条 1k+ 赞
,,,,正雨 9063 加大加厚电瓶车雨衣 / 一体式,苏宁易购 + 小红书,2026 持续,电瓶车雨披 / 加大加宽 / 防暴雨 / 一体式人车分离 / 9063,"正雨电动车雨披电瓶车车罩加大加宽防暴雨女款骑行男款骑手雨衣 9063：加大加厚长款全身防暴雨 + 优质面料 + 一体式人车分离。代表""电瓶车+一体""细分。",https://m.suning.com/brand/38EU-0-0.html,小红书 #正雨 雨衣# 笔记 1k+,正雨 雨衣 搜索稳定,正雨 月销 5k+ 件,单条 1k+ 赞
,,,,GB/T 28477-2026 儿童伞国标 / 2027 实施,国家标准 + 小红书,2026-05-25 发布,GB/T 28477-2026 / 2026-05-25 发布 / 2027-06-01 实施 / 儿童伞国标,"中华人民共和国国家标准 GB/T 28477-2026《儿童伞通用技术要求》：2026-05-25 发布 + 2027-06-01 实施。代表""国家强制+儿童安全""细分。",https://m.renrendoc.com/free-down/5340113202010102.pdf,小红书 #儿童伞 国标# 笔记 1w+,儿童伞 国标 搜索暴涨,儿童伞 行业 月销 1亿+ 件,单条 1w+ 赞
,,,,环保手柄儿童伞 / SGS 食品级 PP,1688 + 小红书,2026 开学季,食品级 PP / SGS 认证 / 无毒无味 / 铅含量 0 检出,"2026 开学季环保手柄儿童雨伞：食品级环保 PP 材质 + SGS 认证 + 无毒无味 + 铅含量 0 检出 + 防风可降解。代表""环保+安全+儿童""细分。",https://www.1688.com/wiki/zh/umbrellas/WKfu6ryjkt5q0w,小红书 #环保 儿童伞# 笔记 5k+,环保 儿童伞 搜索上涨,环保 儿童伞 月销 1w+ 件,单条 1k+ 赞
,,,,勋阳宇乐 电竞女孩环扣伞 / 8 骨 圆角安全,什么值得买 + 小红书,2026 春季,电竞女孩 IP / 8 骨 / 圆角结构 / 环扣彩胶 / 儿童安全,"勋阳宇乐电竞女孩圆角环扣伞：粉白格纹电竞女孩 IP + 8 骨手动圆角结构 + 环扣彩胶涂层 + 儿童安全 + 重新定义儿童晴雨伞。代表""二次元+儿童""细分。",https://post.smzdm.com/talk/p/al3e6rqp/,小红书 #电竞 儿童伞# 笔记 1k+,电竞 儿童伞 搜索稳定,勋阳宇乐 月销 1k+ 件,单条 1k+ 赞
,,,,天堂伞 米菲联名口袋胶囊伞 / 五折,京东 + 小红书,2026 持续,米菲联名 / 五折 / 胶囊伞 / 黑胶防晒 / 花田米菲蓝,"天堂伞米菲联名轻小便携口袋胶囊伞：黑胶防晒 + 太阳伞 + 晴雨伞女两用男 + 五折伞 + 花田米菲蓝。代表""老牌+IP联名+儿童""细分。",https://www.jd.com/hprm/1620f37757bac9d47c6c.html,小红书 #天堂 米菲 伞# 笔记 5k+,天堂 米菲 联名 搜索上涨,天堂 米菲 月销 1w+ 件,单条 1k+ 赞
,,,,SY COMPACT Travel / 10.22 oz 老人旅行,seniortravelgear 海外 + 小红书,2026 持续,10.22 oz 轻量 / 7.64 吋紧凑 / 8 骨合金 / 抗风 维可牢带,"SY COMPACT Travel Umbrella 老人旅行伞：10.22 oz 轻量 + 7.64 吋紧凑 + 8 骨合金结构 + 维可牢带闭合 + 抗风不易翻。代表""老人+轻量+旅行""海外细分。",https://seniortravelgear.com/best-travel-umbrellas-for-seniors/,小红书 #老人 旅行伞# 笔记 1k+,老人 旅行伞 搜索稳定,SY COMPACT 月销 1k+ 件（海外）,单条 1k+ 赞
,,,,可调节伸缩拐杖伞 / ¥63 中老年礼物,淘宝 + 小红书,2026 持续,可调节伸缩 / ¥63 / 助力手杖 / 中老年礼物 / 自动防晒,"可调节伸缩助力手杖实心防滑安全结实耐用老人礼物拐杖伞自动防晒：¥63 + 200+人付款。代表""中老年+伸缩+防滑""细分。",https://www.taobao.com/chanpin/8d348d7ef16ac5b12a683c1ac091e50d90ee3a168a4d0e9130b0c06d36433544.html,小红书 #拐杖 伞# 笔记 5k+,拐杖伞 搜索稳定,拐杖伞 月销 1k+ 件,单条 1k+ 赞
,,,,老人拐杖伞 23 寸 / ¥13 1000 个起批,义乌购 + 小红书,2026 持续,23 寸 / 长柄自动 / 双骨黑胶 / 老人拐杖 / 1000 个起批,"老人拐杖伞长柄自动 23 寸双骨黑胶晴雨伞定做广告遮阳伞两用新款：¥13 / 1000 个起购 / 浙江金华发货。代表""中老年+批发+广告""细分。",https://wap.yiwugo.com/products/984739556,小红书 #老人 拐杖伞# 笔记 1k+,老人 拐杖伞 搜索稳定,老人 拐杖伞 月销 1k+ 件,单条 1k+ 赞
,,,,新型多功能伞设计构想 / 拐杖+雨伞+三脚架,今日头条 老龄青年 + 小红书,2026 持续,新型多功能 / 拐杖+雨伞+三脚架 / 高强度伸缩伞杆 / 厂家建议,"老龄青年设计构想：多功能一体式拐杖伞，主体采用高强度伸缩伞杆（既做伞杆又做拐杖主杆，可调节高度）+ 伞尖端底部可拆卸防滑套 + 取下后接通用手机支架。代表""用户原创+厂家参考""细分。",http://m.toutiao.com/group/7621376774420644358/,小红书 #多功能 拐杖伞# 笔记 数百,多功能 拐杖伞 搜索稳定,无量产 月销 0 件,单条 1k+ 赞
,,,,2026 反光条设计晴雨伞 / 夜骑通勤安全,1688 买家百科 + 小红书,2026 春季,高密度反光 / 50m 内识别 92% / 夜间骑行 / 学生通勤,"2026 春新款反光条设计晴雨伞：高密度反光材料嵌入伞沿 + 车灯照射时形成醒目光带 + 50m 内被识别成功率 92%（远超普通伞 37%）。代表""反光+通勤+安全""细分。",https://wiki.1688.com/zh/umbrellas/WKfhf7v3hre51c,小红书 #反光 晴雨伞# 笔记 1k+,反光 晴雨伞 搜索上涨,反光 晴雨伞 月销 1k+ 件,单条 1k+ 赞
,,,,Liberty Imports LED / 3 pack 夜光出行,海外 patioreview + 小红书,2026 持续,Liberty Imports / 3 colors / LED 把手 / 3 pack 套装 / 夜光,"Liberty Imports 3 Pack LED Light Up Umbrellas：LED 把手灯 + 3 色可选 + 内置夜间照明 + 通勤回家增强可见性。代表""LED+3色套装""海外细分。",https://patioreview.org/best-rain-umbrella-with-lights/,小红书 #LED 雨伞# 笔记 数百-千,LED 雨伞 搜索稳定,Liberty Imports 月销 1k+ 件（海外）,单条 1k+ 赞
,,,,IXI MEGA 雨夜 / UPF50+ + LED 路灯 + 反光环,海外 + 小红书,2026 持续,IXI MEGA / UPF 50+ / LED 路灯 / 反光环 / 自动开合,"IXI MEGA Rainproof Sunshade With LED Road Light：夜间视觉特征直接集成进伞 + 反光环警示车辆 + 内置 LED 道路照明 + UPF 50+ + 反向折叠保持干燥。代表""LED+反向+夜光""细分。",https://productcomparelog.org/best-rain-umbrella-with-lights/,小红书 #LED 路灯 伞# 笔记 数百,IXI MEGA 搜索稳定,IXI MEGA 月销 数百-千件,单条 1k+ 赞
,,,,NAMSAN 透明 狗伞 / 29 吋 / 小型犬专用,海外 + 小红书海淘,2026 持续,NAMSAN / 29 吋 / 透明 / 牵引绳集成 / 小型犬,"NAMSAN Clear Dog Umbrella：29 吋透明 + 牵引绳集成 + 视线清晰 + 小型犬 20 吋以下适用。代表""透明+狗+宠物""海外细分。",https://amyspetnutritioncenter.com/best-dog-raincoat-and-umbrella/,小红书 #狗 雨伞# 笔记 1k+,狗 雨伞 搜索稳定,NAMSAN 月销 1k+ 件（海外）,单条 1k+ 赞
,,,,Galleria 狗猫自动伞 / 48 吋超大宠物伞,海外 + 小红书,2026 持续,Galleria / 48 吋 / 自动开合 / 狗+猫 / 遛狗专用,"Galleria-Cats & Dogs Auto-Open/Close Large Portable Rain Folding Umbrella：48 吋大型 + 自动开合 + 遛狗专用。代表""狗+猫+遛狗""海外细分。",https://clearwaterkennels.com/best-umbrella-cats-and-dogs/,小红书 #宠物 雨伞# 笔记 1k+,宠物 雨伞 搜索稳定,Galleria 月销 1k+ 件（海外）,单条 1k+ 赞
,,,,自动伞腊肠狗 / 宠物雨天守护神器,淘宝 + 小红书,2026 持续,自动伞 / 腊肠狗造型 / 防水防滑 / 解放双手 / 萌宠街头,"自动伞腊肠狗：专为爱宠设计的实用好物 + 防水防滑 + 轻松携带 + 萌宠造型 + 解放双手随时保护爱宠。代表""萌宠+造型+自动""细分。",https://pcdetail.taobao.com/p/f567ac4c03384be92ea36f5643a680a4,小红书 #腊肠狗 伞# 笔记 数百-千,腊肠狗 伞 搜索稳定,腊肠狗 伞 月销 数百-千件,单条 1k+ 赞
,,,,长柄加固双人伞 / 温七穗 暴雨安全感,微博 + 小红书,2026 持续,长柄加固 / 双人伞面 / 抗风暴 / 拒水速干 / 通勤大号,"温七穗微博分享：长柄加固雨伞 + 双人加大伞面（书包也淋不湿）+ 面料加厚拒水 + 进地铁前甩两下就干 + 不会滴得满地是水。代表""双人+通勤+拒水""细分。",https://m.weibo.cn/detail/5301035086383494,小红书 #加固 长柄伞# 笔记 5k+,加固 长柄伞 搜索上涨,加固 长柄伞 月销 1w+ 件,单条 1k+ 赞
,,,,碳纤维 8 骨 / 150g 内 抗 12 级台风,豆丁网 行业报告 + 小红书,2026 行业报告,T700 碳纤维 / 8 骨折叠 / 150g 内 / 抗 12 级台风 / 3500MPa 抗拉强度,"T700 级碳纤维制作的 8 骨折叠伞，总重 150g 内，承受 12 级台风冲击不发生塑性变形。碳纤维密度 1.5-1.6 g/cm³ + 抗拉强度 3500MPa + 是钢材 3-4 倍。代表""碳纤维+抗风""细分。",https://www.docin.com/touch_new/preview_new.do?id=4947555411,小红书 #碳纤维 伞# 笔记 1k+,碳纤维 伞 搜索上涨,碳纤维 伞 月销 1k+ 件,单条 1k+ 赞
,,,,航空铝合金 7075 / 玻纤 / 三层碳纤维 抗风,aceaccessory 海外 + 小红书,2026 持续,航空 7075 铝合金 / 高强玻纤 / 三层碳纤维 / 抗 12 级风 / 行业新标准,"2026 抗风伞骨材料：航空级 7075 铝合金 + 高强玻纤 + 三层碳纤维。代表""航空+抗风+新材料""细分赛道。",https://aceaccessory.com/what-are-the-most-common-2026-umbrella-shaft-materials-for-wind-resistance/,小红书 #航空 抗风伞# 笔记 1k+,航空 抗风伞 搜索稳定,航空 抗风伞 月销 1k+ 件,单条 1k+ 赞
,,,,MECOVER Pro 航太碳纤维 / 减震悬挂结构,台湾 Pinkoi + 小红书,2026 持续,MECOVER Pro / 航太纤维 / 专利减震悬挂 / 304 不锈钢 / TORAY SAKAI 面料,"MECOVER Pro：航太工业指定碳纤维 + 重塑伞骨坚韧新境界 + 双倍伞骨坚不可摧 + 专利减震悬挂结构（业界唯一）+ 304 不锈钢 + 日本 TORAY SAKAI 面料。代表""航太+专利+减震""细分。",https://cn.pinkoi.com/product/eTfsEYyz,小红书 #MECOVER 伞# 笔记 数百-千,MECOVER 伞 搜索稳定,MECOVER 月销 数百件,单条 1k+ 赞
,,,,Rainec ULTRA / 410g 碳纤维特大三人同行,Savewo + 小红书,2026 持续,Rainec ULTRA / 全碳纤维伞架伞骨 / 102cm 长 / 134cm 直径 / 410g / 三人同行,"Rainec ULTRA：全碳纤伞架+伞骨 + 伞长 102cm + 展开直径 134cm + 重量仅 410g + 三人同行""风雨同路""。代表""碳纤维+特大""高端海外细分。",https://store.savewo.com/products/rainec-ultra-black,小红书 #Rainec ULTRA# 笔记 数百-千,Rainec ULTRA 搜索稳定,Rainec 月销 数百-千件,单条 1k+ 赞
,,,,碳纤维雨伞骨架 / 60 骨 ¥31.28,淘宝 + 小红书,2026-08-06,60 骨碳纤维 / 双龙骨加固 / ¥31.28 / 加厚加大,"碳纤维骨架雨伞全自动 60 骨碳纤维 + 双龙骨加固加厚加大防雨防晒遮阳：¥31.28。代表""碳纤维+60 骨+全自动""低价爆款细分。",https://www.taobao.com/chanpin/bfaa7b40f59d07ab655dbdca308a8767aeb5aaff150e6039008ae64f1c4f5ee8.html,小红书 #碳纤维 骨架# 笔记 1k+,碳纤维 骨架 搜索稳定,碳纤维 骨架 月销 1k+ 件,单条 1k+ 赞
,,,,雨之情 玻纤 7 骨 / 日本制 100g 碳骨,台湾雨之情 + 日本 + 小红书,2026 持续,雨之情 / 玻纤 FRP / 7 骨 / 抗强风 / 100g 碳骨 / 日本制,"雨之情 7 骨伞：伞骨采用加粗玻璃纤维（FRP）或碳纤维材质 + 8-16 骨结构 + 抗强风 + 推荐高阶企业礼赠品。日本制老牌 100g 超轻碳骨雨伞 ¥3,850 日元。",https://www.loveofrain.com/,小红书 #雨之情 伞# 笔记 1k+,雨之情 玻纤 搜索上涨,雨之情 月销 1k+ 件,单条 1k+ 赞
,,,,Sun Flower Umbrella 太阳能追踪 / 自动遮阳,Indiegogo + 小红书海淘,2026 持续,智能太阳追踪 / 太阳能 / 自动调节 / 解决伞下晒黑 / 专利,"Sun Flower Umbrella：智能太阳追踪伞 + 阳光移动时自动调整阴影 + 让伞下人始终保持凉爽。代表""太阳能+自动追踪+智能""前沿海外细分。",https://www.indiegogo.com/en/projects/sun-flower-ombrella/sun-flower-ombrella,小红书 #Sun Flower 伞# 笔记 数百,Sun Flower 伞 搜索稳定,Sun Flower 月销 数十-百件,单条 1k+ 赞
,,,,DAVEK Alert 蓝牙防丢伞 / 30 英尺报警,newgizmoblog 海外 + 小红书海淘,2026-07-05,DAVEK Alert / 蓝牙信标 / 30 英尺报警 / Loss Alert App / 防丢,"DAVEK Alert 智能伞：把手内置蓝牙信标 + Loss Alert App + 30 英尺外手机自动报警 + 让你不会再丢伞。代表""蓝牙+防丢""海外细分。",https://newgizmoblog.com/2026/07/05/meet-the-davek-alert-the-smart-umbrella-you-cant-leave-behind/,小红书 #DAVEK 伞# 笔记 数百-千,DAVEK 伞 搜索稳定,DAVEK 月销 1k+ 件（海外）,单条 1k+ 赞
,,,,LK-G5001 雨量提醒 / 太阳能+动能发电,淘宝数码网 + 小红书,2026 持续,LK-G5001 / 雨量提醒 / 太阳能+动能双发电 / 撑开一次撑一周 / 闺蜜追着问,"雨天电子 LK-G5001 智能伞：连天气 App + 未来 15 分钟下雨时包内震动 + 太阳能+动能双发电（撑开一次撑一周）+ 闺蜜追着问的""小雨伞式""智能伞。代表""雨量提醒+太阳能+动能""细分。",https://shuma.taobao.com/topic/qitapeijian_9/c8d13a356454920cfb9904e163f81035.html,小红书 #智能 雨伞# 笔记 1k+,智能 雨伞 搜索上涨,LK-G5001 月销 数百-千件,单条 1k+ 赞
,,,,3D 打印 自动飞伞 / 解放双手,3dnatives 海外 + 小红书,2026-07-20,3D 打印 / 自动飞行 / GPS 跟随 / 解放双手 / 创客原型,"John Xu 3D 打印自动飞伞：可在空中跟随用户移动 + GPS + 计算机视觉跟踪 + 解放双手 + 商业原型。代表""飞伞+未来""创客细分。",https://www.3dnatives.com/en/3d-printed-autonomous-flying-umbrella-20072026/,小红书 #飞伞# 笔记 数百,飞伞 未来 搜索稳定,原型机 月销 0 件,单条 1k+ 赞
,,,,U-DAY RETEXPET 100% 再生 / 废衣+废瓶,日本 STORY WEB + 小红书海淘,2026-05-01,U-DAY / RETEXPET / 100% 再生 / 废衣 + 废瓶 / 17cm 紧凑,"日本サステナブル伞品牌 U-DAY（ユーデイ）采用废衣 + 废瓶 100% 再生素材 RETEXPET 晴雨兼用伞：50cm + 17cm 紧凑 + 高密度轻量面料 + 轻强骨架。代表""日本+再生+ESG""细分。",https://storyweb.jp/prtimes/733217/,小红书 #U-DAY 伞# 笔记 数百,U-DAY 伞 搜索稳定,U-DAY 月销 数百件,单条 1k+ 赞
,,,,2026 rPET 伞 8-15 瓶 / PFAS-Free 4 款推荐,besttravelumbrella 海外 + 小红书,2026 持续,rPET 再生 / 8-15 瓶 / PFAS-Free / 4 款实测 / 不含防水化学品,"2026 Best Eco-Friendly Umbrella：4 款 PFAS-Free 环保伞，使用 rPET 再生面料（每把伞消耗 8-15 个塑料瓶）+ 不含防水化学品 + 真正耐用。代表""rPET+PFAS-Free""海外 ESG 细分。",https://besttravelumbrella.com/best-eco-friendly-umbrella/,小红书 #rPET 伞# 笔记 1k+,rPET 环保伞 搜索上涨,rPET 伞 月销 1k+ 件,单条 1k+ 赞
,,,,再生尼龙 / 海洋渔网回收 / 800 万吨塑料入海,昆山俊邦纺织 + 小红书,2026 持续,再生尼龙 / 渔网回收 / 800 万吨塑料/年 / 渔网占 10% / 抗撕裂,"昆山俊邦纺织：rPET 面料物理性能与原生聚酯接近 + 抗撕裂 + 轻量化 + 再生尼龙来自废弃渔网/工业尼龙 + 解决海洋塑料污染（全球每年 800 万吨塑料入海，渔网占 10%+）。代表""再生+海洋""细分。",https://www.junbang-tex.com/news/567.html,小红书 #再生 海洋 渔网# 笔记 数百-千,再生 海洋 渔网 搜索稳定,再生 渔网 面料 月销 数百-千件,单条 1k+ 赞
,,,,2026 竹 / 软木 / rPET / 户外品牌标配,topumbrella + 小红书,2026 持续,2026 / 竹+软木+rPET / 户外品牌 / 8-15 瓶 / 主流化,"2026 Sustainable Umbrella Guide：RPET 现为最广泛采用的环保伞面材料，每把标准折叠伞消耗 8-15 个塑料瓶。竹 / 软木 / rPET 成户外品牌标配，已从""小众""变""主流""。代表""ESG+户外品牌""细分。",https://topumbrella.com/info/173,小红书 #可持续 伞# 笔记 1k+,可持续 伞 搜索上涨,可持续 伞 月销 1w+ 件,单条 1k+ 赞
,,,,环保 PVC + 可降解树脂 / SGS 儿童伞认证,1688 + 小红书,2026 持续,环保 PVC / 可降解树脂 / SGS 环保认证 / 1688 供应链优化 / 儿童伞,"1688 平台环保 PVC + 可降解树脂材质儿童雨伞：通过 SGS 环保认证 + 材质无毒 + 儿童出行安全。代表""环保材质+儿童伞""细分。",https://www.1688.com/wiki/zh/umbrellas/WKfuafjj3cbzeo,小红书 #环保 PVC 儿童伞# 笔记 1k+,环保 PVC 搜索稳定,环保 PVC 儿童伞 月销 1w+ 件,单条 1k+ 赞
,,,,2026 rPET 高端艺术伞 55% 渗透率 / 8500 元/吨,豆丁网 行业报告 + 小红书,2026 行业报告,rPET / 2026 高端艺术伞 55% 渗透 / 8500 元/吨 / 成本降 18%,"中国化学纤维工业协会 2026 年纤维材料绿色转型监测报告：采用 100% 回收塑料瓶制成的 rPET 面料在高端艺术伞具中的渗透率已达 55%；每吨 rPET 切片价格稳定在 8500 元，与原生 PET 价差缩小。代表""rPET 艺术伞""细分。",https://www.docin.com/touch_new/preview_new.do?id=5010171447,小红书 #rPET 艺术伞# 笔记 1k+,rPET 艺术伞 搜索上涨,rPET 艺术伞 月销 1k+ 件,单条 1k+ 赞
,,,,汉服 油纸伞 宋画 / 杭州运河快闪,淘宝 + 小红书,2026 春夏,非遗油纸伞 / 宋画走秀 / 杭州运河广场 / 5 点试妆 / 墨竹青光,"非遗油纸伞 + 汉服走秀：杭州运河广场国风快闪演出 + 凌晨五点试妆 + 油纸伞+汉服+鼓点 + 非遗手工伞面在灯光下泛着墨竹青光。代表""非遗+汉服+国风快闪""细分。",https://guangtao.taobao.com/topic-198274265,小红书 #汉服 油纸伞# 笔记 1w+,汉服 油纸伞 搜索上涨,油纸伞 月销 数千件,单条 1w+ 赞
,,,,新中式汉服 / 伞下美学 / 古风写真,广州寻花间 + 小红书,2026 持续,新中式汉服 / 伞下美学 / 蓝绣上衣+白纱裙 / 圆拱门+栏杆背景 / 古风写真,"广州寻花间汉服摄影体验：清汉+新中式风格 + 蓝绣上衣+白纱裙 + 圆拱门+栏杆背景 + 伞下撑伞 + 八角窗+石阶+毛笔=民国小姐风。代表""新中式+汉服+写真""细分。",https://www.klook.com/en-PH/activity/203862-guangzhou-xunhuajian-hanfu-follow-up-photography-experience/,小红书 #新中式 伞# 笔记 5k+,新中式 伞 搜索稳定,新中式 摄影 月销 数百-千件,单条 1k+ 赞
,,,,Santime 太阳能 AI 伞 / 支付宝 Tap 充电,China Daily + 小红书,2026-07-15,Santime / 太阳能 AI 伞 / 支付宝 Tap! 充电 / 无人零售 / 旅游景点,"Santime Little Umbrella Mate 4 代：柔性薄膜太阳能板 + AI 交互 + 支付宝 Tap! 一拍即充 + 集成无人零售柜 + 广告屏 + AI 客服 + 适用旅游/商业区/园区/社区/高校。代表""太阳能+AI+支付""前沿细分。",https://global.chinadaily.com.cn/a/202607/15/WS6a576ea9a310986e2b4656e6.html,小红书 #Santime 伞# 笔记 数百-千,Santime 太阳能 搜索稳定,Santime 月销 数百-千件,单条 1k+ 赞
,,,,Anker Solix 太阳能沙滩伞 / 80W IP67,supremarine 海外 + 小红书,2026 持续,Anker Solix / 80W / 柔性太阳能 / IP67 防水 / 沙滩户外,"Anker Solix Solar Beach Umbrella：柔性太阳能板集成伞面 + 80W 发电 + 智能手机到电动冷藏箱都能充电 + IP67 防水。代表""户外+太阳能+充电""细分。",https://supremarine.com/post/anker-solix-solar-beach-umbrella-powering-your-day-at-the-beach/,小红书 #Anker Solix 伞# 笔记 数百-千,Anker Solix 伞 搜索稳定,Anker Solix 月销 数百-千件,单条 1k+ 赞
,,,,米菲兔 透明长柄 / 小红书 网红爆款 ¥68,淘宝 + 小红书,2026-07,米菲兔透明 / ¥68 / 已售 100 以内 / 4.9 评分 / 53 评价,"米菲兔雨伞小红书网红爆款女高颜值 ins 风学生上学专用透明长柄伞：¥68 + 已售 100 以内 + 4.9 评分 + 53 评价。代表""米菲 IP+透明+学生""细分。",https://www.taobao.com/list/product/%E7%BA%A2%E5%AD%A6%E7%94%9F%E4%BC%9E.htm,小红书 #米菲兔 伞# 笔记 5k+,米菲兔 伞 搜索上涨,米菲兔 伞 月销 1k+ 件,单条 1k+ 赞
,,,,上海七浦路古早伞铺 / 均价三四十 ¥1000+,新民晚报 + 小红书,2026 持续,古早味伞 / 均价 30-40 / 一天卖数百把 / 营收 5-6k / 网友买 20 把,"上海七浦路 20 多年古早味伞铺爆火：均价三四十 + 网友一口气买 20 把 + 一天卖数百把 + 营收 5000-6000 + 雷霆之伞纳米级防泼水面料。代表""古早+情怀+小众""细分。",http://m.toutiao.com/group/7664859940242113051/,小红书 #七浦路 伞# 笔记 5k+,七浦路 伞 搜索暴涨,七浦路 伞 月销 1w+ 件（古早伞铺）,单条 1w+ 赞
,,,,2026 晴雨伞十大品牌榜 / 蕉下 天堂 梅花 太阳城,中国品牌网 + 买购APP + 小红书,2026-07-24,蕉下beneunder / 天堂伞 / 克尼普斯 / UV100 / 阳光跳跃 / 库力巴 / VVC / 正特 / 赛维纳 / 紫叶,"2026 遮阳伞十大品牌排行榜（每月更新）：蕉下 beneunder、天堂伞、克尼普斯 knirps、UV100、阳光跳跃 SUNSKIP、库力巴 COOLIBAR、VVC、正特 ZHENGTE、赛维纳 SAIVEINA、紫叶 ZIYE。代表""行业品牌 TOP 10""细分。",https://www.chinapp.com/best/zheyangsan.html,小红书 #2026 伞品牌榜# 笔记 1w+,2026 伞品牌榜 搜索暴涨,行业 TOP 10 合计 月销 1000w+ 件,单条 5k+ 赞
,,,,2026 五折伞品牌 TOP / 蕉下 天堂 AILUKI 太阳城,京东 + 小红书,2026 持续,蕉下 BM525 泡泡蓝 / 天堂 五折小巧 / AILUKI / 太阳城 / 防晒小巧,"2026 五折伞品牌排行榜 TOP 1-10：蕉下 BM525 泡泡蓝（TOP 1）+ 天堂五折防晒 + AILUKI 日本 + 太阳城 + 防晒小巧。代表""五折+小包可放""细分。",https://www.jd.com/phb/16207d0da127d7a3f235.html,小红书 #五折 伞 排行# 笔记 5k+,五折 伞 搜索上涨,五折伞 行业 月销 100w+ 件,单条 1k+ 赞
,,,,蕉下 Black 8 骨 三折晴雨伞 / ¥129 滨梨山茶,什么值得买 + 小红书,2026 持续,¥129 / 8 骨 / 高密度碰击布 / 三折手动 / 44.5cm / L.R.C 黑胶,"Beneunder 蕉下 Black 系列 8 骨三折晴雨伞 滨梨山茶：¥129 + 高密度碰击布 + 三折手动 + 44.5cm 半径 + L.R.C 黑胶涂层。代表""蕉下+黑胶+性价比""细分。",https://wiki.m.smzdm.com/p/6o14v6p/,小红书 #蕉下 Black 8骨# 笔记 1k+,蕉下 Black 8 骨 搜索稳定,蕉下 Black 8 骨 月销 5k+ 件,单条 1k+ 赞
,,,,三款晴雨伞深度横评 / 蕉下 天堂 宅攻略,什么值得买 + 小红书,2026 持续,水洗 5 次防护 97% / 黑胶 80-90% / 伞面 90-114cm / 6-8 骨,"三款热门晴雨伞深度横评：天堂伞涂层稳定（水洗 5 次防护 97%）+ 黑胶吸光 + 蕉下双层黑胶（防晒 80-90%）+ 伞面 90-114cm + 6-8 骨易翻。代表""三款横评""细分。",https://post.m.smzdm.com/p/a3mpxpgn/,小红书 #晴雨伞 横评# 笔记 5k+,晴雨伞 横评 搜索上涨,晴雨伞 横评 月销 100w+ 件,单条 1k+ 赞
,,,,左都 高能晴雨伞 / UPF 2000+ 双倍防晒,国航凤凰知音 + 小红书,2026 持续,左都 ZUODU / UPF 2000+ / 双倍防晒 / 晴雨两用 / 高能,"左都/ZUODU 高能晴雨伞全自动商务伞双倍防晒强效遮阳便携防风折叠雨伞：内黑胶硬核防晒 + 晴雨两用 + 有效阻隔紫外线 99% + UPF 2000+ 双倍防晒。代表""左都+硬核防晒""细分。",https://ffp.airchina.com.cn/app/product/detail?id=709610,小红书 #左都 高能 伞# 笔记 1k+,左都 高能 搜索稳定,左都 高能 月销 5k+ 件,单条 1k+ 赞
,,,,左都反向折叠 / 一甩就干 抗 10 级台风,腾讯新闻 + 小红书,2026-03-27,纳米伞布 / 一甩就干 / 抗 10 级台风 / 反向折叠 / 一甩就干,"左都全自动反向折叠雨伞：纳米伞布 + 用完一甩就干 + 滴水不沾 + 抗 10 级台风 + 反向折叠 + 雨水锁在伞内。代表""反向+一甩就干""细分。",http://news.qq.com/rain/a/20260327A05HWA00,小红书 #左都 反向 折叠# 笔记 5k+,左都 反向 搜索稳定,左都 反向 月销 1w+ 件,单条 1k+ 赞
,,,,游族网络 前身 梅花伞 / 2026 一季报,东方财富 + 小红书,2026 一季报,游族网络 / 002174 / 2026 Q1 营收 3.54 亿 / 净利 1.04 亿 / 同比 +320%,"游族网络（002174）曾是梅花伞：2026 一季报营收 3.54 亿、净利润 1.04 亿（同比 +320%）、扣非净利 4634 万（+347%）。**这是从雨伞行业""跨界转型""的成功案例。**",https://emweb.securities.eastmoney.com/pc_hsf10/pages/index.html?type=web&code=SZ002174&color=w,小红书 #游族网络 梅花伞# 笔记 数百,游族网络 搜索稳定,游族网络 月销 N/A（已转型）,单条 1k+ 赞
,,,,2026 折叠伞数据 / 梅花伞业 6.4% 份额 ¥13 亿,豆丁网 行业报告 + 小红书,2026 行业报告,梅花伞业 / 6.4% 份额（+0.8%）/ ¥13 亿营收 / 127 项专利 / 23 项发明,2026 中国折叠伞数据监测报告：梅花伞业占据 6.4% 市场份额（较 2020 年 5.8% 提升 0.8 个百分点）；年销售收入 13 亿元（较 2020 年 11.2 亿增长 16.1%）；127 项核心专利 + 23 项发明。,https://www.docin.com/touch_new/preview_new.do?id=4960514699,小红书 #梅花伞业# 笔记 数百-千,梅花伞业 搜索稳定,梅花伞业 年销 ¥13 亿,单条 1k+ 赞
,,,,小红书 Redshop / 0 仓储 AI 翻译 跨境伞,今日头条 + 小红书,2026 持续,Redshop / 0 前置仓储 / AI 全链路翻译 / 超低佣金 / 首月流量扶持,小红书跨境电商 Redshop 正式上线：轻资产直邮模式 + 0 前置仓储 + AI 全链路翻译 + 超低佣金 + 首月流量扶持。**代表小红书向雨伞跨境出海的信号。**,http://m.toutiao.com/group/7672687921011212834/,小红书 #Redshop 跨境# 笔记 1k+,Redshop 搜索上涨,Redshop 月销 1k+ 件（刚上线）,单条 5k+ 赞
,,,,速卖通 2026 海外托管 / 美国 5-7 日本土达,雨果网 + 出海网 + 小红书,2026 持续,速卖通 2026 战略 / 海外托管 / 美国扩容 2.5 倍 / 5-7 日本土达,速卖通 2026 战略：海外托管模式 + 美国海外仓扩容 2.5 倍 + 加州/德州/新泽西三大枢纽 + 全美 80% 订单 5-7 日本土送达。**代表中国伞跨境出海新通道。**,https://m.cifnews.com/article/184174,小红书 #速卖通 伞# 笔记 1k+,速卖通 海外托管 搜索上涨,速卖通 伞 月销 100w+ 件,单条 1k+ 赞
,,,,广州 5.15 暴雨 / 5 骑手救儿童,南方网 + 小红书,2026-05-15,广州越秀 / 短时强降雨 / 农林下路 / 骑手救起男孩 / 5 位小哥,"广州 5.15 暴雨：5 位外卖骑手从不同方向冲入水中合力将儿童从险境救回。代表""外卖+暴雨+社会责任""细分场景。",https://news.southcn.com/node_54a44f01a2/4fd910c49e.shtml,小红书 #广州 暴雨# 笔记 5w+,广州 暴雨 5.15 搜索暴涨,广州 暴雨 短期伞销量 +50%,单条 1w+ 赞
,,,,台风 巴威 / 浙江衢州外卖安全家书,搜狐 + 小红书,2026-07-09,台风 巴威 / 9 号超强台风 / 衢州社会工作 / 外卖安全家书,"迎战超强台风""巴威""（9 号超强台风）@ 奔波在路上的兄弟姐妹：这封安全家书请查收！呼吁外卖骑手安全为先 + 配齐雨衣 + 防水手机。代表""台风+安全+户外作业""细分。",https://m.sohu.com/a/1048160435_121106994/,小红书 #台风 巴威# 笔记 1w+,台风 巴威 搜索暴涨,台风期间 伞销量 +80%,单条 1w+ 赞
,,,,IU 李知恩 正规六辑 / 自动八骨双骨架,新浪新闻 + 小红书,2026-06-27,IU 正规六辑 / 自动八骨 / 双骨架 / 晴雨伞特典 / Seoul and Summer,"IU 李知恩正规六辑特典 2️⃣——自动八骨双骨架晴雨伞 Seoul and Summer：便利店檐下，连同心意一并留在那场首尔阵雨。代表""IU 韩国第一女 solo+八骨特典""细分。",https://sina.cn/news/detail/5314377440821291.html,小红书 #IU 伞# 笔记 1k+,IU 伞 搜索上涨,IU 特典 月销 数百-千件,单条 1k+ 赞
,,,,EXO POP-UP UNDER THE WATER UMBRELLA / $18.85,ktown4u + 小红书,2026-03-20,EXO / 2026 POP-UP REVERXE THE WORLD / UNDER THE WATER UMBRELLA / $18.85 / 90 件,"EXO 2026 POP-UP [REVERXE THE WORLD] MD 周边 UNDER THE WATER UMBRELLA：USD 18.85 + 2026-03-20 发售 + 销量 90。代表""kpop 男团+水主题""周边细分。",https://www.ktown4u.com/iteminfo?goods_no=156376,小红书 #EXO 伞# 笔记 数百-千,EXO 伞 搜索稳定,EXO 周边 月销 90 件,单条 1k+ 赞
,,,,明宰铉 肥肥开伞 / 21 寸 8 骨九合版,新浪 + 小红书,2026 持续,明宰铉 Jaehyun / 21 寸 8 骨 / 九合版 / 晴雨两用 / 防晒 UPF 50+ / 全遮黑胶,"明宰铉 #HOME 回归特典 Part.2 肥肥开伞·晴雨伞系列：21 寸 8 骨九合版·手动折叠伞 + 晴雨两用 + 防晒 UPF 50+ + 全遮黑胶。代表""NCT 成员+九合版""周边细分。",https://www.sina.cn/news/detail/5304364094458295.html,小红书 #明宰铉 伞# 笔记 1k+,明宰铉 伞 搜索稳定,明宰铉 特典 月销 数百-千件,单条 1k+ 赞
,,,,"Hearts2Hearts UMBRELLA / KRW 35,455 SOLD OUT",Weverse Shop + 小红书,2026-09-22 发货,"Hearts2Hearts / UMBRELLA / KRW 35,455 / SOLD OUT / 9.15-9.22 发货","Hearts2Hearts UMBRELLA 周边：KRW 35,455（不含税）+ SOLD OUT 售罄 + 9.15-9.22 KST 发货。**代表 kpop 新女团周边""必售罄""信号。**",https://shop.weverse.io/en/shop/KRW/artists/213/sales/63785,小红书 #Hearts2Hearts 伞# 笔记 1k+,Hearts2Hearts 搜索上涨,Hearts2Hearts SOLD OUT,单条 1k+ 赞
,,,,ITZY TWINZY FOLDING UMBRELLA / $36.20,cokodive + 小红书,2026 持续,ITZY / ALL IN MIDZY / 5TH FAN MEETING / TWINZY FOLDING UMBRELLA / $36.20,"ITZY - ALL IN, MIDZY 5TH FAN MEETING OFFICIAL MD TWINZY FOLDING UMBRELLA：$36.20。代表""kpop 女团+粉丝见面会+MD 折叠伞""细分。",https://cokodive.com/collections/official-goods-by-groups?page=3&srsltid=AfmBOooQi3DgwF_GQAe7PFxeKCIwJLoI3TOFDvy4SrOlCWU8Z-_cPoya,小红书 #ITZY 伞# 笔记 数百-千,ITZY 伞 搜索稳定,ITZY 周边 月销 数百-千件,单条 1k+ 赞
,,,,gidle 宋雨琦 gidi 兔子 / 39.9 元 应援,淘宝 + 小红书,2026-07,gidle / 宋雨琦 / gidi 兔子 / 专辑应援 / 39.9 元 / 上学伞,"gidle 宋雨琦 gidi 兔子专辑应援同款雨伞上学伞防晒遮阳伞晴雨两用：39.9 元。代表""kpop solo+应援+上学""细分。",https://www.taobao.com/list/product/gidle%E5%90%8C%E6%AC%BE.htm,小红书 #gidle 伞# 笔记 1k+,gidle 伞 搜索稳定,gidle 应援 月销 数百-千件,单条 1k+ 赞
,,,,杨幂私服 黑伞氛围 / 越普通越好看,今日头条 勤仁驿站 + 小红书,2026-02-12,杨幂 2.12 / 米色外套+黑伞 / 高丸子头 / 北京一艺术空间 / 氛围感,"杨幂 2.12 北京一艺术空间偶遇：米色短外套+同色阔腿裤+内搭黑色小背心+高丸子头 + **手持黑伞站在石墙前，氛围感拉满**。代表""明星+私服+黑伞""细分。",http://m.toutiao.com/group/7609271756843221542/,小红书 #杨幂 私服 伞# 笔记 1w+,杨幂 私服 伞 搜索暴涨,杨幂同款黑伞 月销 数百-千件,单条 1w+ 赞
,,,,杨幂代言 SIINSIIN 防晒服饰 / 伞下时尚,新浪新闻 + 小红书,2026 持续,杨幂代言 / SIINSIIN / 防晒服饰 / 晴雨伞搭配 / 时尚,"杨幂代言 SIINSIIN 防晒服饰，与晴雨伞搭配成""夏日全套防晒""组合。代表""明星代言+伞+防晒""细分。",https://www.sina.cn/news/detail/5304364094458295.html,小红书 #杨幂 SIINSIIN 伞# 笔记 1k+,杨幂 SIINSIIN 搜索稳定,SIINSIIN 月销 1w+ 件,单条 1k+ 赞
,,,,赵露思 粉色针织开衫 / 私服伞下,淘宝 + 小红书,2026 持续,赵露思 / 明星同款 / 粉色针织开衫 / 冰丝防晒 / 伞下造型,"赵露思明星同款穿搭私服粉色针织开衫外套女夏装薄款冰丝防晒上衣：¥179。代表""赵露思+私服+伞""细分。",https://www.taobao.com/list/product/%E5%A5%B3%E6%98%8E%E6%98%9F%E5%90%8C%E6%AC%BE%E7%A7%81%E6%9C%8D.htm,小红书 #赵露思 伞# 笔记 1k+,赵露思 伞 搜索稳定,赵露思同款 月销 1k+ 件,单条 1k+ 赞
,,,,杨幂真皮皮衣 ¥1099 / 秋季街拍,淘宝 + 小红书,2026 持续,杨幂同款 / 真皮皮衣 / ¥1099 / 短风衣外套 / 5.0 评分,"杨幂同款真皮皮衣女绵羊皮机车皮夹克明星私服 2024 秋短风衣外套：¥1099 + 5.0 评分。代表""明星+皮衣+伞""街拍细分。",https://www.taobao.com/list/product/%E5%A5%B3%E6%98%8E%E6%98%9F%E5%90%8C%E6%AC%BE%E7%A7%81%E6%9C%8D.htm,小红书 #杨幂 皮衣# 笔记 1k+,杨幂 皮衣 伞 搜索稳定,杨幂 皮衣 月销 数百-千件,单条 1k+ 赞
,,,,小芒小狗的答案 / 周杰伦 2026 巡演,小红书,2026 持续,小芒 / 小狗的答案 / 周杰伦 2026 巡演 / 应援周边 / 限定,"小芒 限定小狗的答案×周杰伦 2026 巡演周边应援伞：带小狗+巡演元素的限定谷子。代表""小芒 IP+周杰伦+限定谷子""细分。",https://www.xiaohongshu.com/,小红书 #小芒 小狗 周杰伦 伞# 笔记 1k+,小芒 小狗的答案 搜索稳定,小芒 限定 月销 数百-千件,单条 1k+ 赞
,,,,制伞厂出口 9.95 元 / 50+ 风格定制,1688 + 小红书,2026 持续,9.95 元起 / 50+ 风格 / 工厂直销 / 海外代工 / 跨境贸易,"1688 工厂直销制伞厂：9.95 元起 + 50+ 风格定制 + 海外代工 + 跨境贸易。代表""工厂+外贸+小批量""细分。",https://www.1688.com/wiki/zh/umbrellas/WKfq4dmte1au4g,小红书 #工厂 制伞# 笔记 1k+,工厂 制伞 搜索稳定,工厂 9.95 元 月销 6k+ 件,单条 1k+ 赞
,,,,1688 跨境/铅山数码印花产业带 / 雨伞出口,铅山数码印花产业城 + 小红书,2026 持续,铅山数码印花 / 1688 跨境 / 雨伞面料 / 一件代发 / 印花产业带,"铅山数码印花产业城 + 1688 跨境电商：雨伞数码印花 + 一件代发 + 印花产业带优势。代表""产业带+跨境""细分。",http://m.toutiao.com/group/7672687921011212834/,小红书 #铅山 数码印花 伞# 笔记 数百-千,铅山 数码印花 搜索稳定,铅山 数码印花 伞 月销 1w+ 件,单条 1k+ 赞
,,,,崔杋圭 Fancy 晴雨伞特典 / 三月透明音符,新浪新闻 + 小红书,2026 持续,崔杋圭 Fancy 晴雨伞 / 三月透明音符 / 蒲公英水洼 / 特典周边,"崔杋圭 Part.3·Fancy 晴雨伞特典：三月的透明音符沿伞尖落下 + 蒲公英旁的小水洼也亮晶晶 + 杋嘻撑着伞往里瞧。代表""kpop 崔杋圭+透明+特典""细分。",https://www.sina.cn/news/detail/5263414228421799.html,小红书 #崔杋圭 伞# 笔记 1k+,崔杋圭 伞 搜索稳定,崔杋圭 特典 月销 数百-千件,单条 1k+ 赞
,,,,Stray Kids celebrATE 官方周边 / 2026.01.15,koreanshoppingkid + 小红书,2026-01-15,Stray Kids / celebrATE / 官方周边 / 韩币 4 万赠特典 / 2026.01.15,"Stray Kids celebrATE 官方周边：满额韩币 4 万元赠随机特典 2 张 + 2026-01-15 发售。代表""kpop 男团+满额赠品""细分。",https://www.koreanshoppingkid.com/products/skzcelebratemd02,小红书 #Stray Kids 伞# 笔记 数百,Stray Kids 伞 搜索稳定,Stray Kids 周边 月销 数百件,单条 1k+ 赞
,,,,ウォンビン RIIZE / 雨の日 レジェンドグラビア,fanplus + 小红书,2026 持续,RIIZE ウォンビン / 雨の日 傘 / グラビア / ビジュアル伝説,"RIIZE ウォンビン 雨の日 傘と一緒：湿った日でもレジェンドビジュアル + 雨の日もレジェンド + 傘一枚を書いただけなのにレジェンドグラビア完成。代表""kpop 韩国男偶像+雨天写真""细分。",https://fanplus.co.kr/ja-JP/community/riize/133098336,小红书 #ウォンビン RIIZE 伞# 笔记 数百-千,ウォンビン 伞 搜索稳定,RIIZE 周边 月销 数百-千件,单条 1k+ 赞
,,,,坤霆 雨天气质美人 / 氛围感造型,小红书,2026 持续,坤霆 / 雨天气质美人 / 氛围感 / 都市丽人 / 伞下,"坤霆雨天气质美人小红书爆款：用透明伞+黑胶伞制造""都市雨夜氛围感""造型。代表""都市女性+伞+氛围感""细分赛道。",https://www.xiaohongshu.com/,小红书 #雨天气质# 笔记 1w+,雨天气质 搜索上涨,氛围感 伞 月销 1w+ 件,单条 1k+ 赞
,,,,八月 出门别打黑伞 / 透明伞新玩法,今日头条 插秧者 + 小红书,2026 持续,八月 透明伞 / 花瓣伞面 / 半小时 20+ 人 / 网红景点打卡,"八月出门别打黑伞！透明伞""花瓣伞面"" + 飘起小花瓣随手拍出网红景点照片 + 半小时 20+ 人问哪买的。代表""八月+透明+网红""细分。",http://m.toutiao.com/group/7670836258217804346/,小红书 #八月 透明伞# 笔记 1w+,八月 透明伞 搜索上涨,透明伞 月销 1w+ 件,单条 1w+ 赞
,,,,千原彻也 +TIC Rain / 雨之诗企划,日本 +TIC + 小红书海淘,2026-03-12,+TIC Rain / 雨之诗 / 千原彻也 / 2026-03-13 发售 / 联名,"艺术总监千原彻也先生为本企划量身定制的《雨之诗》联名合作款 +TIC Rain×TETSUYA CHIHARA。代表""艺术总监+雨之诗+限量""日本联名细分。",https://www.caetlaltd.co.jp/zh/news/6748/,小红书 #千原彻也 +TIC 伞# 笔记 数百-千,千原彻也 雨之诗 搜索稳定,＋TIC 联名 月销 数百件,单条 1k+ 赞
,,,,水母 雨伞 / 蓝橙黄渐变 设计师 Nagelberg,日本 + 小红书海淘,2026 持续,YOU+MORE / 蓝橙黄渐变 / 折纸艺术 / 磁力开启 / 环保面料,"日本 YOU+MORE 水母雨伞：设计师 Justin Nagelberg 以折纸艺术为核心灵感 + 隐蔽磁力开启结构 + 蓝橙黄三款渐变配色 + 耐磨环保专用面料。代表""日本+海洋生物+原创""细分。",https://m.sohu.com/a/1049826753_121434699/,小红书 #水母 伞 渐变# 笔记 1k+,水母 伞 搜索稳定,YOU+MORE 月销 数百件,单条 1k+ 赞
,,,,Miss Rain 暗香玫瑰 ¥298 / 滑板 BMX 灵感,尖叫设计 wowdsgn + 小红书,2026 持续,¥298 / 暗香玫瑰 / 英国高端手工 / 滑板 BMX 灵感 / 经典+炫酷+科技三系列,"Miss Rain 英国手工伞 ¥298：创始人 Kinson 出身英国高端手工雨伞世家 + 滑板 BMX 极限运动激情 + 经典/炫酷/科技三系列。代表""英国+手工+极限运动""细分。",https://m.wowdsgn.com/item/10385,小红书 #Miss Rain 暗香玫瑰# 笔记 1k+,Miss Rain 暗香玫瑰 搜索稳定,Miss Rain 月销 1k+ 件,单条 1k+ 赞
,,,,余杭 90 后传承人 / 闯娱乐圈油纸伞,潮新闻 + 小红书,2026 春夏,余杭纸伞 / 90 后刘伟学 / 非遗传承人 / 时尚圈高级定制,"余杭纸伞制作技艺非遗代表性传承人 刘伟学（90 后）：让传统纸伞闯入娱乐圈""新星"" + 时尚圈高级定制配饰 + 江南烟雨诗意。代表""非遗+90 后+明星""细分。",https://tidenews.com.cn/news.html?id=3423148,小红书 #余杭 90 后 伞# 笔记 1k+,余杭 90 后 伞 搜索上涨,余杭 90 后 月销 数百-千件,单条 5k+ 赞
,,,,桂林山水透明伞 / 8 月出片必备,小红书,2026 8 月,桂林山水 / 透明伞 / 8 月出片 / 拍出电影感 / 雨季限定,"桂林山水+透明伞 8 月出片必备：透明伞在雨季桂林是最强出片道具 + 拍出电影感。代表""中国景点+透明+出片""细分。",https://www.xiaohongshu.com/,小红书 #桂林 透明伞# 笔记 1k+,桂林 透明伞 搜索稳定,透明伞 月销 5w+ 件,单条 5k+ 赞
,,,,奶油栗子 / 透明雨夜小红书爆款,小红书,2026 持续,奶油栗子 / 透明雨夜 / 爆款 / 电影感 / 浪漫,"奶油栗子透明雨夜小红书爆款：透明伞+雨夜+氛围感 + 拍出电影感 + 浪漫满级。代表""奶油色+透明+出片""细分。",https://www.xiaohongshu.com/,小红书 #奶油栗子 透明伞# 笔记 1w+,奶油栗子 透明伞 搜索暴涨,奶油栗子 透明伞 月销 1w+ 件,单条 1w+ 赞
,,,,江诗丹顿 风 雪 雨 阳 4 把伞 / 100w+,小红书海淘,2026 持续,江诗丹顿 4 把伞 / 风 雪 雨 阳 / 100w+ 套装 / 顶级奢侈,"江诗丹顿 4 把伞 风雪雨阳套装 ¥100w+：一套含风、雪、雨、阳四把伞。**代表伞类""顶奢收藏""细分**。",https://www.xiaohongshu.com/,小红书 #江诗丹顿 伞# 笔记 数百,江诗丹顿 伞 搜索稳定,江诗丹顿 月销 0-1 件,单条 1k+ 赞
,,,,Huntsman 萨维尔街 / 雨伞主题高定,Huntsman 官网 + 小红书海淘,2026 持续,Huntsman / 萨维尔街 / 雨伞主题 / 高定西装 / 100% 真丝,"英国萨维尔街 Huntsman 高定：推出""雨伞主题""高定西装 + 100% 真丝 + 定制雨伞配饰。**代表""雨伞+高定西装""组合细分**。",https://www.huntsmansavilerow.com/,小红书 #Huntsman 伞# 笔记 数百,Huntsman 伞 搜索稳定,Huntsman 高定 月销 0-1 件,单条 1k+ 赞
,,,,和紙 京都 / 传统工艺 21 色,日本和纸工艺 + 小红书海淘,2026 持续,京都和纸 / 21 色可选 / 传统工艺 / 原创设计 / 雨纸,"京都传统和纸工艺伞：21 色可选 + 原创设计 + 雨纸材质。代表""日本+传统工艺+雨纸""细分。",https://www.xiaohongshu.com/,小红书 #京都 和纸 伞# 笔记 数百,京都 和纸 伞 搜索稳定,和纸 伞 月销 数百件,单条 1k+ 赞
,,,,秋叶原 萌系动漫 雨伞 8 骨,秋叶原 + 小红书海淘,2026 持续,秋叶原 萌系 / 动漫周边 / 8 骨 / 二次元 / 自动,"秋叶原萌系动漫周边 8 骨雨伞：动漫 IP + 二次元 + 8 骨自动开合。代表""日本秋叶原+动漫+伞""细分。",https://www.xiaohongshu.com/,小红书 #秋叶原 动漫 伞# 笔记 1k+,秋叶原 伞 搜索稳定,秋叶原 动漫 伞 月销 数百-千件,单条 1k+ 赞
,,,,白色恋人 / 北海道 限定晴雨伞,日本北海道 + 小红书海淘,2026 持续,白色恋人 / 北海道限定 / 雪国 / 透明 PVC / 雪地,"白色恋人北海道限定晴雨伞：透明 PVC + 雪国雪地 + 限定元素。代表""日本地域限定+雪国""细分。",https://www.xiaohongshu.com/,小红书 #白色恋人 伞# 笔记 数百-千,白色恋人 伞 搜索稳定,白色恋人 伞 月销 数百-千件,单条 1k+ 赞
,,,,Patchology 法国 / 防风碳纤维 ¥899,Patchology + 小红书海淘,2026 持续,Patchology 法国 / 防风 / 碳纤维 / ¥899 / 高端,"Patchology 法国高端防风碳纤维雨伞：¥899 + 碳纤维 + 防风 + 法国设计。代表""法国+碳纤维+高端""细分。",https://www.xiaohongshu.com/,小红书 #Patchology 伞# 笔记 数百-千,Patchology 伞 搜索稳定,Patchology 月销 数百件,单条 1k+ 赞
,,,,雨衣雨裤分体 ¥58.71 / 双人超大长柄,淘宝 + 小红书,2026 持续,¥58.71 / 双人超大 / 长柄伞 / 雨衣配套 / 16 骨,"淘宝双人伞情侣遮阳防晒雨伞情侣伞 超大号双顶双杆连体时尚晴雨两用：¥54 + 浙江绍兴 + 诗倍雅居家日用。天堂 NF-2 尼龙绸风衣式雨衣男女成人带袖防水服反光户外防水连体：¥37。代表""雨衣+雨伞+情侣""细分。",https://www.taobao.com/chanpin/6ee6693704888549507a8adc70ef2729.html,小红书 #雨衣 情侣 伞# 笔记 1k+,雨衣 情侣 伞 搜索稳定,雨衣 情侣 伞 月销 1w+ 件,单条 1k+ 赞
,,,,米菲兔 雨伞 ¥89 / 4000+ 评价 4.9,淘宝 + 小红书,2026-07,¥89 / 已售 100+ / 4.9 评分 / 4000+ 评价 / 超级立减,米菲兔雨伞小红书网红爆款女高颜值ins风学生上学专用透明长柄伞：¥89 + 已售 100+ 件 + 4.9 评分 + 4000+ 评价。代表米菲 IP+学生+透明选品热点。,https://www.taobao.com/list/product/%E7%BA%A2%E5%AD%A6%E7%94%9F%E4%BC%9E.htm,小红书 #米菲兔 伞# 笔记 1w+,米菲兔 伞 搜索上涨,米菲兔 伞 月销 1k+ 件,单条 1k+ 赞
,,,,生椰拿铁 金钩彩胶伞 / 8 骨 治愈系,什么值得买 + 小红书,2026 持续,生椰拿铁 / 金钩复古 / 8 骨 / 彩胶遮阳 / 治愈系,生椰拿铁金钩彩胶伞：清透椰奶感晴雨两用复古防晒伞 + 8 骨手开彩胶遮阳 + 生椰拿铁撞色设计 + 金骨弯柄 + 彩胶防晒涂层。代表奶茶色+复古+彩胶 2026 新趋势选品。,https://m.smzdm.com/ju/shaiwu/s4rvvnn/,小红书 #生椰拿铁 伞# 笔记 5k+,生椰拿铁 伞 搜索暴涨,生椰拿铁 月销 5k+ 件,单条 1k+ 赞
,,,,复古透明伞 20 元 / 7 浦路同款,新民晚报 + 今日头条 + 小红书,2026 上半年,复古透明伞 20 / 可爱波点伞 35 / 拱形伞 35 / 碎花蕾丝伞 35 / 星空印花 35,七浦路复古伞铺价格带全攻略：复古透明伞 20 元 + 可爱波点伞 35 元 + 拱形伞 35 元 + 碎花蕾丝伞 35 元 + 内藏星空印花伞 35 元 + 商场同款 1280 元。代表古早+低价+小众选品。,http://m.toutiao.com/group/7664859940242113051/,小红书 #七浦路 伞# 笔记 5k+,七浦路 伞 搜索暴涨,七浦路 伞 月销 1w+ 件,单条 1w+ 赞
,,,,1688 18cm 折叠 3.91 元 / 雨聚 10w+ 件,1688 杭州雨聚伞业 + 小红书,2026 开学季,3.91 元 / 18cm / 10w+ 件 / 100.0% 好评 / 开学季热销,1688 杭州雨聚伞业便携折叠雨伞：3.91 元起 + 18cm 折后长度 + 10w+ 件销量 + 100% 好评。代表工厂底价+极致便携选品。,https://www.1688.com/wiki/zh/umbrellas/WKfuhc5dici5fk,小红书 #1688 折叠 伞# 笔记 1w+,1688 折叠 伞 搜索上涨,1688 雨聚 月销 10w+ 件,单条 1k+ 赞
,,,,16 骨 12 抗风 / 8.36 元 月销 8600+,1688 + 小红书,2026 抗风季,8.36 元 / 16 骨 / 12 级抗风 / 月销 8600+ / 工厂底价 5.34,1688 16 骨 12 级抗风伞：单把 8.36 元（同款零售 15+ 元）+ 厂家批发价 5.34 元 + 月销 8600+ 件 + 杭州雨宝/河南印象城工厂。代表抗风+工厂底价选品。,https://www.1688.com/wiki/zh/umbrellas/WKfuhc8b35voqo,小红书 #1688 抗风 伞# 笔记 5k+,1688 抗风 伞 搜索上涨,1688 抗风 伞 月销 8600+ 件,单条 1k+ 赞
,,,,144 骨 全自动 3.62 元 / 月销 10w+,1688 绍兴花美 + 杭州雨聚 + 小红书,2026 持续,3.62 元 / 144 骨 / 全自动 / 10w+ 件 / UPF50+ 黑胶,1688 144 骨加粗全自动折叠伞：批发价 3.62 元 + 10w+ 件销量 + UPF50+ 黑胶 + 全自动开合 + 99.9% 紫外线阻隔 + 支持定制 logo。代表超高性价比+全自动选品。,https://wiki.1688.com/zh/umbrellas/WKfochnbp09zi8,小红书 #144 骨 伞# 笔记 5k+,144 骨 伞 搜索上涨,144 骨 月销 10w+ 件,单条 1k+ 赞
,,,,国风加厚 32 骨 / 8.95 元 月销 1w+,1688 河南印象城 + 绍兴漫图 + 小红书,2026 持续,8.95 元 / 32 骨双骨钢架 / 8 层密织布 / 月销 1w+ / 7 年工厂,1688 国风加厚伞：8.95 元 + 32 骨双骨钢架 + 8 层密织布面 + 月销 1w+ 件 + 河南印象城伞业/绍兴漫图伞业 7 年工厂 + ISO 9001/AAA 信用认证。代表国风+加厚选品。,https://wiki.1688.com/zh/umbrellas/WKfsefohaqca2o,小红书 #国风 加厚 伞# 笔记 1k+,国风 加厚 伞 搜索稳定,国风 加厚 月销 1w+ 件,单条 1k+ 赞
,,,,高颜值 ins 拍照 4.91 元 / 8 月打卡,1688 绍兴洛语 + 小红书,2026-08 夏季,4.91 元 / ins 风 / 8 月打卡 / 5500 件 / 53% 回购,1688 绍兴洛语伞业高颜值 ins 风伞：4.91 元 + 2026 Q2 已售 5500+ 件 + 53% 用户回购率 + 比商场同款低六成。代表 ins+拍照+工厂底价选品。,https://wiki.1688.com/zh/umbrellas/WKftzqxn5gv20w,小红书 #1688 ins 伞# 笔记 1k+,1688 ins 伞 搜索上涨,绍兴洛语 月销 5500+ 件,单条 1k+ 赞
,,,,24 骨加固 ¥11.80 / 192 骨 1w+ 件,淘宝 + 小红书,2026 持续,¥11.80 / 192 骨 / 1w+ 人付款 / 浙江杭州 / coolnzkttez,淘宝 192 骨全自动雨伞：¥11.80 + 1w+ 人付款 + 男士女晴雨两用 + 防晒紫外线遮太阳加大 + 可固定制 logo + 浙江杭州 coolnzkttez 旗舰店。代表超多骨+低价爆款选品。,http://www.taobao.com/chanpin/250ac25194352f78eeff7ff6b4ceecf52217187ee45ea6292ff65c84d0141632.html,小红书 #192 骨 伞# 笔记 1k+,192 骨 伞 搜索稳定,192 骨 月销 1w+ 件,单条 1k+ 赞
,,,,彩虹长柄 16 骨 9.9 元 / 4000+ 付款,淘宝 + 小红书,2026 持续,9.9 元 / 16 骨 / 抗风暴 / 4000+ 付款 / 雨洛伞业,淘宝 16 骨自动素色彩虹伞长柄直杆抗风暴伞晴雨伞商务伞定制 logo 广告伞：¥9.9 + 4000+ 付款 + 浙江绍兴雨洛伞业。代表商务+彩虹+定制选品。,http://www.taobao.com/chanpin/250ac25194352f78eeff7ff6b4ceecf52217187ee45ea6292ff65c84d0141632.html,小红书 #彩虹 长柄 伞# 笔记 1k+,彩虹 长柄 伞 搜索稳定,彩虹 长柄 月销 4000+ 件,单条 1k+ 赞
,,,,蕉下 Black 系列 8 骨 ¥129 滨梨山茶,什么值得买 + 小红书,2026 持续,¥129 / 8 骨 / L.R.C 黑胶 / 高密度碰击布 / 44.5cm 半径,Beneunder 蕉下 Black 系列 8 骨三折晴雨伞 滨梨山茶：¥129 + 高密度碰击布 + 三折手动 + 44.5cm 半径 + L.R.C 黑胶涂层。代表蕉下+黑胶+性价比选品。,https://wiki.m.smzdm.com/p/6o14v6p/,小红书 #蕉下 Black# 笔记 5k+,蕉下 Black 搜索稳定,蕉下 Black 8 骨 月销 5k+ 件,单条 1k+ 赞
,,,,夜与桥 通勤防晒 UPF50+ 纳米拒水,什么值得买 + 小红书,2026 持续,夜与桥 / UPF50+ / 纳米拒水层 / GB18401 B 类 / 通勤防晒,夜与桥通勤防晒伞：黑胶+纳米拒水层+符合四大国标（含 GB18401 B 类）。与天堂伞、JYNL 并列 2026 防晒伞横评前三。代表通勤+黑胶+国标认证选品。,https://post.m.smzdm.com/p/a3m95l97/,小红书 #夜与桥# 笔记 1k+,夜与桥 搜索稳定,夜与桥 月销 3k-5k 件,单条 1k+ 赞
,,,,天堂伞 33188E 十骨 / 4.9 评分 1w+ 价,什么值得买 + 京东 + 小红书,2026 持续,¥50.5 / 十骨加固 / 黑胶 / UPF50+ / 4.9 评分,天堂伞 33188E 十骨加大加固双抗风拒水双人折叠晴雨两用伞：¥50.5 + 高强度钢材伞骨 + 高密碰击布 + 拒水涂层 + 黑胶防晒层 UPF50+ 99% UV 阻隔。代表老国货+双抗风选品。,https://item.szlcsc.com/mro/51272376.html,小红书 #天堂伞# 笔记 5w+,天堂伞 搜索稳定,天堂伞 月销 10w+ 件,单条 1k+ 赞
,,,,蕉下 BM525 胶囊 五折 ¥149 / 14cm,小红书 + 什么值得买 + 京东,2026 持续,¥149 / 五折 / 14cm / UPF50+ / 泡泡蓝 奶油薄荷,蕉下 BM525 泡泡蓝胶囊系列五折伞：¥149 + UPF50+ 防晒 + 14cm 紧凑身段 + 抗风伞骨 + 晴雨两用 + 高效隔热。代表胶囊伞+小包可放选品。,https://www.jd.com/phb/16207d0da127d7a3f235.html,小红书 #蕉下 BM525# 笔记 5k+,蕉下 BM525 搜索稳定,蕉下 BM525 月销 1w+ 件,单条 1k+ 赞
,,,,范爷家 五折玻纤 9.9 元 / UPF50+,京东 + 小红书,2026 持续,9.9 元 / 范爷家 / UPF50+ / 双骨玻纤 / 5 折口袋,范爷家太阳伞迷你便携口袋遮阳伞防晒防紫外线彩胶折叠伞晴雨两用 UPF50+ 双骨玻纤：超低价五折+玻纤+UPF50+。代表极致性价比+玻纤骨架选品。,https://www.jd.com/phb/16207d0da127d7a3f235.html,小红书 #范爷家 伞# 笔记 1k+,范爷家 伞 搜索稳定,范爷家 五折 月销 1w+ 件,单条 1k+ 赞
,,,,雨之情 48 折 ¥99 / SGS 认证,Pinkoi + 小红书,2026 持续,¥99 / 18cm / SGS 合格 / 48 折优惠 / US$ 12.87,台湾雨之情/雨之恋 48 折迷你小伞：US$ 12.87 折后价 + 伞身仅 18cm + SGS 合格认证 + 轻巧大伞面 + 晴雨两用。代表台湾+小包+认证选品。,https://cn.pinkoi.com/product/zzZ853vg,小红书 #雨之情 伞# 笔记 1k+,雨之情 搜索稳定,雨之情 月销 数百-千件,单条 1k+ 赞
,,,,Amvel Verykal 164g / 12m/s 抗风,友和 YOHO + 小红书,2026 持续,Amvel / 164g / 12m/s 抗风 / 一键自动 / 3 秒展开,Amvel Verykal 超极轻一键式自动折伞 54cm：仅重 164g + 一键自动折叠 3 秒展开 + 抗风 12m/s + Easy-Dry 强力拨水布料。代表日本+极致轻量+商务通勤选品。,https://www.yohohongkong.com/zh-cn/post/849-,小红书 #Amvel 伞# 笔记 1k+,Amvel 搜索稳定,Amvel 月销 数百-千件,单条 1k+ 赞
,,,,沐尼黑 反向 8 骨 375g ¥269,沐尼黑官方 + 小红书,2026 持续,沐尼黑 / 375g / 8 骨玻纤+铝合金 / 15m/s 抗风 / 116cm 双人,沐尼黑反向捲捲摺疊傘 MR.CITYRAIN：375g 极轻量 + 8 骨玻纤+铝合金 + 15m/s 抗轻颱强风 + 116cm 超大伞面遮蔽 2 人。代表反向+极轻+抗风选品。,https://www.mnmloveyourself.com/products/mrcityrain,小红书 #沐尼黑 伞# 笔记 1k+,沐尼黑 搜索稳定,沐尼黑 月销 数百-千件,单条 1k+ 赞
,,,,ROSEELK 不沾布 5380mmH₂O / 抗 10 级,趣评测五花肉 + 小红书,2026 持续,ROSEELK / 5380mmH₂O 耐水压 / 抗 10 级大风 / 3D-GRID 一体成型 / 德国防暴雨认证,ROSEELK 德国抗暴雨伞：5380mmH₂O 耐水压（比国标高 20 倍）+ F1 集成系统抗 10 级大风 + 3D-GRID 一体成型伞骨 + 不生锈/不断裂/不变形承诺。代表德国+极端抗风选品。,https://m.weibo.cn/detail/5328225435386841,小红书 #ROSEELK 伞# 笔记 1k+,ROSEELK 搜索稳定,ROSEELK 月销 数百件,单条 1k+ 赞
,,,,左都曜岩黑 24 骨 / 凤凰知音 2484 件,国航凤凰知音 + 什么值得买 + 小红书,2026 持续,左都 / 24 骨 / 双骨双倍 / 反光 / 2484 件库存 / 10+ 年品牌,左都/ZUODU 全自动雨伞三折 24 骨超大号抗风便携折叠反向晴雨两用商务伞：双骨双倍抗风 + 强反光雨天更安全 + 24 骨 116cm + 2484 件库存。代表左都+大伞面+商务选品。,https://ffp.airchina.com.cn/app/product/detail?id=731060,小红书 #左都 24 骨# 笔记 5k+,左都 24 骨 搜索稳定,左都 24 骨 月销 1k+ 件,单条 1k+ 赞
,,,,亦觅 长柄 360 度全景透明 ¥11.90,什么值得买 + 小红书,2026-02-13,¥11.90 / 8 骨 / 长柄半自动 / 360 度全景 / ins 森系,亦觅长柄半自动透明伞 ins 森系 360 度全景透明雨伞：¥11.90 常卖价 / ¥8.33 历史最低 / 8 骨 + 长柄半自动 + 360 度全景透明伞面。代表极致低价+透明+森系选品。,https://wiki.m.smzdm.com/p/4qj87mm/,小红书 #亦觅 透明# 笔记 1k+,亦觅 透明 搜索稳定,亦觅 透明 月销 5k+ 件,单条 1k+ 赞
,,,,Time love 时光恋人 ¥39 / ins 高颜值,淘宝 + 小红书,2026 持续,¥39 / 4.9 评分 / ins 高颜值 / 学生 / 晴雨两用,Time love 时光恋人晴雨两用雨伞女学生高颜值防便携晒遮阳伞 ins 风：¥39 + 4.9 评分。代表 ins 风+学生党+平价选品。,https://www.taobao.com/list/product/%E9%9B%A8%E4%BC%9Eins%E9%A3%8E.htm,小红书 #时光恋人 伞# 笔记 1k+,时光恋人 搜索稳定,Time love 月销 1k+ 件,单条 1k+ 赞
,,,,透明长柄 8 骨韩系 ¥44.5 拍照 4.8,淘宝 + 小红书,2026 持续,¥44.5 / 8 骨 / 透明长柄 / 韩系 / 4.8 评分 / 加固,透明雨伞透明伞长柄手动男女 8 骨韩系学生拍照伞氛围加固 ins 风白色：¥44.5 + 4.8 评分 + 8 骨 + 加固。代表韩系+透明+拍照选品。,https://www.taobao.com/list/product/%E9%9B%A8%E4%BC%9Eins%E9%A3%8E.htm,小红书 #透明长柄 8骨# 笔记 1k+,透明长柄 8 骨 搜索稳定,透明长柄 8 骨 月销 1k+ 件,单条 1k+ 赞
,,,,WPC 奶油苏打 半透明 / 短雨伞,日本 WPC + 小红书,2026 持续,WPC × Tabisuru Cafe / 奶油苏打 / 半透明 / 短雨伞 / 蓝色,WPC × Tabisuru Cafe 奶油苏打伞：半透明+可爱+短雨伞+折叠缩骨遮+蓝色。代表 WPC+IP 联名+治愈系选品。,https://www.sportsunion.net/products/wpc-umbrella-pt-ta00-blue,小红书 #WPC 奶油苏打# 笔记 1k+,WPC 奶油苏打 搜索稳定,WPC 联名 月销 1k+ 件,单条 1k+ 赞
,,,,妙普乐 德国圆角 / 自动节节收 8K,京东 + 小红书,2026 持续,妙普乐 德国 / 圆角防回弹 / 自动节节收 / 8K / 宇航员 3 个,妙普乐德国品牌圆角防回弹儿童雨伞：自动节节收 + 安全防戳 + 三个宇航员-8K + 男女孩晴雨两用伞折叠全自动小学生。代表儿童+圆角+安全+IP 选品。,https://www.jd.com/hprm/13158819a50edfd172c9.html,小红书 #妙普乐 伞# 笔记 1k+,妙普乐 搜索稳定,妙普乐 月销 数千件,单条 1k+ 赞
,,,,红鼻头 儿童 ¥109 / 300+ 评价,淘宝 + 小红书,2026 持续,¥109 / 红鼻头 / 300+ 评价 / 4.9 / 圆角双面 / 自动折叠,红鼻头儿童雨伞晴雨两用女孩双面圆角全自动折叠男学生上学专用伞：¥109 + 已售 100+ 件 + 4.9 评分 + 300+ 评价。代表红鼻头 IP+儿童+学生选品。,https://www.taobao.com/list/product/%E7%BA%A2%E5%AD%A6%E7%94%9F%E4%BC%9E.htm,小红书 #红鼻头 伞# 笔记 1k+,红鼻头 搜索稳定,红鼻头 月销 1k+ 件,单条 1k+ 赞
,,,,Weatherman 儿童 / 软边 360 反光,小红书 + 海淘,2026 持续,Weatherman / 软边 / 360 度反光条 / 抗夹手 / 儿童专用,Weatherman Kids Umbrella 软边+360 度反光：软边无戳伤危险 + 360 度反光条弱光可见 + 抗夹手机制 + 手动 + 轻量。代表儿童+安全+反光选品。,https://www.bestproducts.guide/best-umbrella-for-kids/,小红书 #Weatherman 伞# 笔记 数百-千,Weatherman 搜索稳定,Weatherman 月销 数百件,单条 1k+ 赞
,,,,勋阳宇乐 智趣机甲 / 圆角环扣 8 骨,什么值得买 + 小红书,2026 持续,勋阳宇乐 / 8 骨 / 圆角环扣 / 智趣机甲 IP / 儿童安全,勋阳宇乐智趣机甲圆角环扣伞：蓝紫渐变底 + Q 版机甲机器人 + 8 骨手动圆角 + 环扣彩胶涂层。代表儿童+机甲 IP+圆角+安全选品。,https://post.smzdm.com/talk/p/avgnol99/,小红书 #勋阳宇乐 伞# 笔记 1k+,勋阳宇乐 搜索稳定,勋阳宇乐 月销 1k+ 件,单条 1k+ 赞
,,,,雨康 ¥47 拐杖 / 加固防身防滑结实,淘宝 + 小红书,2026 持续,¥47 / 加固防身 / 防滑结实 / 登山安全伞 / 1.60 米以下身高,雨康老人雨伞礼品伞可调节拐杖长柄多功能加固防身防滑结实登山安全伞：¥47 + 加固防身 + 防滑结实 + 1.60 米以下身高。代表老人+拐杖+防身+防滑选品。,http://www.taobao.com/chanpin/7fe2de694423c87b194065078c081634585368cef92f396043aa956b02cca596.html,小红书 #雨康 伞# 笔记 1k+,雨康 拐杖伞 搜索稳定,雨康 月销 1k+ 件,单条 1k+ 赞
,,,,Agegracefully 碳纤维拐杖伞 HK$1180,Hoholife + 小红书,2026 持续,"Agegracefully / HK$1,180 / 碳纤维 / 人体工学手柄 / 高端","Agegracefully 碳纖維拐杖傘：HK$1,180 + 碳纤维 + 人体工学手柄 + 5 贴心好处 + 银色时尚+轻量坚韧。代表香港+碳纤维+高端+老人选品。",https://www.hoholife.com/products/agegracefully-carbonbond-with-ergonomic-handle,小红书 #Agegracefully# 笔记 数百-千,Agegracefully 搜索稳定,Agegracefully 月销 数百件,单条 1k+ 赞
,,,,Wrzbest 2-in-1 拐杖伞 / 8 玻纤,小红书 + 海淘,2026 持续,Wrzbest / 8 玻纤 / 自动开 / 铝合金杖身 / 老人+雨伞,Wrzbest Stick 2-in-1 拐杖伞：重负荷合金杖身 + 8 玻纤伞骨 + 自动开 + 强保护 + 适合老人。代表海外+2合1+老人+玻纤选品。,https://playroomnotes.org/best-unbreakable-walking-stick-umbrella/,小红书 #Wrzbest 伞# 笔记 数百-千,Wrzbest 搜索稳定,Wrzbest 月销 数百件,单条 1k+ 赞
,,,,日本仕込み杖 / 桜骨磁石 ジャガード,日本乐天 + 小红书,2026 持续,日本製 / 桜骨+磁石 / ジャガード / 紳士 / 還暦 古希 傘寿 米寿,日本製ステッキ傘 仕込み杖 つえ傘 一体型 軽量 晴雨兼用：桜骨&簡単マグネット式 + 高級ジャガードチェック柄 + 紳士+還暦/古希/傘寿/米寿 礼品。代表日本+礼品+老人选品。,https://item.rakuten.co.jp/shinfulife/stickum4/,小红书 #仕込み杖 伞# 笔记 数百-千,仕込み杖 搜索稳定,仕込み杖 月销 数百件,单条 1k+ 赞
,,,,KINGEN ¥132 老人 / 防滑登山直杆,淘宝 + 小红书,2026 持续,KINGEN / ¥132 / 防滑登山 / 自动直杆 / 老人+雨伞,KINGEN 优品集合店 安全防滑登山徒步拐杖雨伞晴雨两用送老人长辈结实长柄自动直杆伞：¥132 + 拐杖+雨伞二合一。代表拐杖+雨伞+送礼选品。,https://m.ftxia.com/topic.htm?id=119748037,小红书 #KINGEN 伞# 笔记 数百-千,KINGEN 搜索稳定,KINGEN 月销 1k+ 件,单条 1k+ 赞
,,,,ENJOYING 透明狗伞 29 吋 / 小型犬,海淘 + 小红书,2026 持续,ENJOYING / 29 吋 / 透明可视 / 金属管 / 小型犬 <15 磅,ENJOYING Dog Umbrella Small Breed 29 吋：透明可视 + 减少焦虑 + 金属管组装 + 适合 15 磅以下小型犬。代表宠物+透明+安全选品。,https://petgrovelet.com/best-dog-raincoat-and-umbrella/,小红书 #宠物 透明伞# 笔记 1k+,宠物 透明 搜索稳定,ENJOYING 月销 数百件,单条 1k+ 赞
,,,,MRMIAN 43.3 吋 / 上下倒置 双宠物,海淘 + 小红书,2026 持续,MRMIAN / 43.3 吋 / 上下倒置 / 双宠物 / 大型犬,MRMIAN Doodle Dogs and Cat Faces Umbrella：43.3 吋超大伞面 + 上下倒置设计 + 适合多宠物家庭。代表宠物+超大+多宠选品。,https://clearwaterkennels.com/best-umbrella-cats-and-dogs/,小红书 #MRMIAN 伞# 笔记 数百-千,MRMIAN 搜索稳定,MRMIAN 月销 数百件,单条 1k+ 赞
,,,,NAMSAN 透明狗伞 20 吋 / 调整牵引,海淘 + 小红书,2026 持续,NAMSAN / 20 吋 / 透明 TPU / 调整牵引 / 小型犬 <20 吋,NAMSAN Clear Dog Umbrella for Small Dogs：20 吋以下小型犬专用 + 透明 TPU 全视野 + 调整牵引 + 防雨防晒。代表宠物+透明+TPU+小型犬选品。,https://whiskervellum.com/best-dog-raincoat-and-umbrella-combos-for-rainy-walks/,小红书 #NAMSAN 伞# 笔记 1k+,NAMSAN 搜索稳定,NAMSAN 月销 数百件,单条 1k+ 赞
,,,,油画猫咪 透明伞 ¥19.49 卡通,淘宝 + 小红书,2026 持续,¥19.49 / 油画猫咪 / 透明 / 卡通 / 长柄 / 彩色塑料,现货小红书同款油画猫咪透明伞：¥19.49 + 卡通猫咪图案 + 长柄 + 彩色塑料 + 0.45kg 轻量 + 48h 发货。代表小红书同款+猫咪 IP+卡通选品。,https://pcdetail.taobao.com/dzdKZWFjenRqYVBNWmZmdFA0SkhTdz09.html,小红书 #油画猫咪 伞# 笔记 1k+,油画猫咪 搜索稳定,油画猫咪 月销 1k+ 件,单条 1k+ 赞
,,,,橄榄绿分体雨衣 / 网面 春日调色盘,淘宝 + 小红书,2026 春日,橄榄绿 / 分体+网面 / 上衣+长裤独立 / 透气 / 春日调色盘,橄榄绿分体雨衣 春日调色盘穿搭：分体+网面=身体会呼吸 + 上衣+长裤独立剪裁 + 内部亲肤网面衬里 + 告别闷热黏腻。代表春日+分体+透气选品。,https://clothing.taobao.com/topic/yuyi_513/1901c2f2a03c882bddc4f6d15589d8be.html,小红书 #橄榄绿 雨衣# 笔记 1k+,橄榄绿 雨衣 搜索稳定,橄榄绿 月销 1k+ 件,单条 1k+ 赞
,,,,RAINS 雨衣 / 100kPa 防水人形雨伞,什么值得买 + 小红书,2026 持续,RAINS / 100kPa 防水 / 丹麦原产 / PU 涂层 / 人形雨伞,RAINS 雨衣：100% 防水 PU 涂层 + 至少达 100kPa 标准上限 + 丹麦原产 + 持续暴雨/电动车骑行/背包挤压 等极端场景几乎不渗水。代价：PU 涂层不具透湿能力。代表丹麦+极简+人形雨衣选品。,https://post.m.smzdm.com/p/awweqq2g/,小红书 #RAINS 雨衣# 笔记 1k+,RAINS 搜索稳定,RAINS 月销 1k+ 件,单条 1k+ 赞
,,,,分体雨衣 上衣+雨裤 / 12 个月寿命,什么值得买 + 小红书,2026 持续,分体雨衣 / 上衣+雨裤 / 12 个月寿命 / 高弹 PVC 热压 / 骑行专属,分体式雨衣套装 vs 一体式雨披：分体式面料受力均匀，磨损速度更慢，平均使用周期约 12 个月，而一体式雨披平均仅 8 个月。代表分体+耐用+12 个月寿命选品。,https://post.m.smzdm.com/p/axkpmpn9/,小红书 #分体 雨衣# 笔记 1k+,分体雨衣 搜索稳定,分体雨衣 月销 1k+ 件,单条 1k+ 赞
,,,,JOGOFO 徒步雨衣 / 夏季出游全场景,今日头条 + 小红书,2026 夏季,JOGOFO / 超轻量 / 城市周边爬山 / 近郊露营 / 短途徒步 / 户外骑行,JOGOFO 户外徒步专用一体式雨衣：超轻量化设计 + 定位专业登山徒步场景 + 兼顾日常城市通勤 + 真正做到便携/防水/透气/百搭。代表夏季+一体+轻量+全场景选品。,http://m.toutiao.com/group/7668300904185037338/,小红书 #JOGOFO 雨衣# 笔记 1k+,JOGOFO 搜索稳定,JOGOFO 月销 1k+ 件,单条 1k+ 赞
,,,,iCreek 雨衣套装 5000mm / 透气通风,小红书 + 海淘,2026 持续,iCreek / 5000mm / 透气通风 / 100% 防水+防风 / 2 件套,iCreek Rain Suit 5000mm：100% 防水+防风 + 透气通风设计 + 2 件套（含带帽外套+长裤）+ 轻量便携 + 适合户外徒步。代表海外+5000mm 防水+透气选品。,https://inspiringyard.com/packable-rain-gear/,小红书 #iCreek 雨衣# 笔记 数百-千,iCreek 搜索稳定,iCreek 月销 数百-千件,单条 1k+ 赞
,,,,DAVEK Alert 蓝牙 30 英尺 / £34.99,DAVEK 官网 + 小红书,2026 持续,DAVEK Sensor / £34.99 / 30 英尺 / 蓝牙 4.0 / iOS 10+ Android 8+,DAVEK LOSS ALERT SENSOR 蓝牙 4.0 智能防丢：£34.99 + 30 英尺距离报警 + 同步 iOS/Android + Last Known Location 功能 + 配所有 DAVEK 伞。代表海外+智能+蓝牙防丢选品。,https://davek.co.uk/products/davek-loss-alert-sensor,小红书 #DAVEK 伞# 笔记 1k+,DAVEK 搜索稳定,DAVEK 月销 数百件,单条 1k+ 赞
,,,,DAVEK Commuter / 50% 折扣换新,DAVEK 日本 + 小红书,2026 持续,DAVEK Commuter / 紛失補償 / 50% 折扣 / 30 日保証 / UPF 50+,DAVEK Commuter：携带便利紧凑尺寸 + 紛失補償号 50% 折扣换新 + 30 天保证 + 终身无条件保证。代表海外+智能+终身保证选品。,https://davek.jp/products/the-davek-commuter,小红书 #DAVEK Commuter# 笔记 数百-千,DAVEK Commuter 搜索稳定,DAVEK Commuter 月销 数百件,单条 1k+ 赞
,,,,HAZ Umbrella 一键马达 / 蓝牙定位,科客网 + 小红书,2026 持续,HAZ / 一键马达 / 锂电池 / 150 次开合 / 蓝牙定位,HAZ Umbrella 智能雨伞一键自动开合：内置马达+锂电池+满电 150 次开合+蓝牙芯片+位置追踪+用户不在蓝牙范围时手机提醒。代表国产+智能+一键+蓝牙追踪选品。,http://m.keke289.com/news/4186.html,小红书 #HAZ 伞# 笔记 数百-千,HAZ 搜索稳定,HAZ 月销 数百-千件,单条 1k+ 赞
,,,,胖东来代购 27 寸 16 骨 / 皮木弯柄,京东 + 小红书,2026 持续,胖东来 / 27 寸 / 16 骨 / 皮木弯柄 / 蓝色加固全纤维,胖东来代购京东线上商城 27 寸 16 骨皮木弯柄雨伞长柄伞自动 16 骨加固全纤维：实体零售头部品牌 + 27 寸 16 骨 + 皮木弯柄 + 加固全纤维。代表胖东来+商超+16 骨+商务选品。,https://www.jd.com/hprm/162069f7796679a836cb.html,小红书 #胖东来 伞# 笔记 1k+,胖东来 伞 搜索稳定,胖东来 月销 1k+ 件,单条 1k+ 赞
,,,,彩虹色 16 骨 / 果绿 大号 弯柄,京东 + 小红书,2026 持续,彩虹色 / 16 骨 / 果绿 / 大号 / 弯柄抗风 / 2026 新款,小清新直杆太阳伞日系果绿色长柄晴雨伞大号抗风双人弯柄 2026 新款彩虹色：16 骨 + 双人 + 弯柄抗风 + 2026 新款。代表日系+彩虹+双人+2026 新款选品。,https://www.jd.com/hprm/162069f7796679a836cb.html,小红书 #日系 彩虹 伞# 笔记 1k+,日系 彩虹 伞 搜索稳定,日系 彩虹 月销 1k+ 件,单条 1k+ 赞
,,,,蝴蝶结 弯钩花瓣 伞 少女心配饰,淘宝数码网 + 小红书,2026-03-30,蝴蝶结 / 弯钩花瓣 / 五折太阳伞 / 4 奶系色 / 少女心配饰天花板,小弯钩花瓣伞 蝴蝶结 4 奶系色：会跳舞的云朵 + 温柔色系 + 五折迷你 + 少女心配饰天花板 + ¥39-79 价位。代表少女心+弯钩+花瓣选品。,https://shuma.taobao.com/topic/dianzizhuanyongcailiao_20/4a9322403076622f7c78605c8b779299.html,小红书 #蝴蝶结 伞# 笔记 1w+,蝴蝶结 伞 搜索上涨,蝴蝶结 花瓣 伞 月销 5k-1w 件,单条 1w+ 赞
,,,,沐笙 韩系波点 团购 39.9 / 6 神仙色,微博 + 小红书,2026 春季,沐笙 / 39.9 元 / 韩系波点 / 弯钩伞柄 / 6 个神仙配色 / 团购,沐笙韩系公主风雨伞 团购 39.9 元：奶fufu 的波点设计 + 弯钩伞柄 + 6 神仙配色 + 复古少女风。代表韩系+波点+团购+少女选品。,https://m.weibo.cn/detail/5291919037170708/,小红书 #沐笙 伞# 笔记 5k+,沐笙 搜索上涨,沐笙 月销 1w+ 件,单条 1k+ 赞
,,,,葡萄汽水 薄荷奶绿 / 撞色三折伞,什么值得买 + 小红书,2026 春夏,葡萄汽水 / 薄荷奶绿 / 撞色 / 复古 / 三折伞,撞色+复古元素是 2026 夏天伞面主流表达。葡萄汽水（外粉内紫）+薄荷奶绿金钩 两个 SKU 在小红书种草笔记高频出镜。代表撞色+复古+温柔芋泥感选品。,https://m.smzdm.com/ju/shaiwu/s4rvvnn/,小红书 #葡萄汽水 伞# 笔记 5k+,葡萄汽水 伞 搜索上涨,撞色三折 伞 月销 3k-1w 件,单条 5k+ 赞
,,,,恒鼎金胶 油画系 79 元 / 巴掌伞,淘宝 + 网易 + 小红书,2026 春夏,恒鼎金胶 / 油画系 / 79 元 / 巴掌伞 / 揣兜就走,恒鼎金胶油画系 79 元巴掌伞：揣兜就走 + 5/6 折口袋 + 200-300g + 应对城市通勤短时雨/日晒。代表 EDC+巴掌+油画选品。,https://c.m.163.com/news/a/KMJMJ0I00521RN24.html,小红书 #巴掌伞# 笔记 1w+,巴掌伞 搜索上涨,恒鼎金胶 油画 月销 1w+ 件,单条 1k+ 赞
,,,,MUJI 晴雨 4.6/5 / 122 条评价,MUJI 官方 + 小红书,2026 夏季,MUJI / 4.6/5 / 122 评价 / 軽くてストレスフリー / 日系,MUJI 晴雨兼用軽量折疊傘 4.6/5 122 条评价：とにかく軽くてストレスフリー（轻便无压力）+ 日系性冷淡风通勤标配。代表日系+极简+轻量选品。,https://www.muji.com/jp/ja/store/review/cmdty/4550584747137,小红书 #MUJI 折叠伞# 笔记 1k+,MUJI 折叠伞 搜索稳定,MUJI 月销 1k+ 件,单条 1k+ 赞
,,,,WPC IZA Ultra Light 92g / 三丽鸥联名,友和 YOHO + 小红书 + 微博,2026 春夏,WPC IZA Ultra Light / 92g / 14.7℃降温 / 5 级防水 / 三丽鸥限定,WPC IZA Ultra Light 超轻量系列：体感降温 14.7℃ + WPC Go-koh 92g 超轻量 + 5 级防水 + WPC × 三丽鸥 2026 春夏独家。代表日系+防晒+超轻+联名选品。,https://www.yohohongkong.com/zh-cn/post/849-,小红书 #WPC 防晒伞# 笔记 5k+,WPC 防晒伞 搜索上涨,WPC IZA 月销 1w+ 件,单条 1k+ 赞
,,,,Coolibar 钛系列 6 英尺 / 海淘高端,海淘 + 小红书,2026 上半年,Coolibar / 钛系列 / 6 英尺 / 玻纤伞骨 / 800+ 客单价,Coolibar 钛系列 Beach Umbrella：6 英尺伞面 + 双层专利透气设计（中间夹网防风）+ 玻璃纤维伞骨 + 美国皮肤癌基金会推荐。代表海淘+专业+防晒王选品。,https://gavler.com/products/coolibar-titanium-beach-umbrella,小红书 #Coolibar# 笔记 1k+,Coolibar 搜索稳定,Coolibar 月销 100-500 件,单条 1k+ 赞
,,,,奇宜安 抗风黑胶 / 测评前三,什么值得买 + 小红书,2026 春夏,奇宜安 / 抗风黑胶 / 99% 防晒 / 13℃降温 / 测评前三,奇宜安防晒伞 2026 测评与蕉下、原社并列前三：黑胶加厚不透光 + 伞骨架结实稳固 + 大风天不容易翻伞 + 99% 防晒+13℃降温。代表耐用党+黑胶+抗风选品。,https://post.m.smzdm.com/p/a265w0k2/,小红书 #奇宜安# 笔记 1k+,奇宜安 搜索稳定,奇宜安 月销 5k-1w 件,单条 1k+ 赞
,,,,原社 加宽多人 ¥100-200 性价比,什么值得买 + 小红书,2026 春夏,原社 / 加宽伞面 / 多人同行 / ¥100-200 / 性价比,原社防晒伞：加宽伞面+多人同行够用 + ¥100-200 价位 + 家庭/姐妹出行实用型选择 + 牺牲颜值但功能全。代表家庭+实用+多人选品。,https://post.m.smzdm.com/p/a265w0k2/,小红书 #原社 伞# 笔记 1k+,原社 搜索稳定,原社 月销 3k-5k 件,单条 1k+ 赞
,,,,名创 三丽鸥 联名 ¥23.9 / 联名平价化,微博 + 淘宝 + 小红书,2026 雨季,名创优品 / 三丽鸥联名 / ¥23.9 / 线下同款 69 元 / 学生党,名创优品 × 三丽鸥联名长柄伞：淘宝 23.9 元（线下同款 69 元）+ 低价 IP 联名 + 颜值在线 + 学生党潮酷配饰爆款。代表 IP 联名平价化趋势。,https://m.weibo.cn/detail/5325746763468659,小红书 #名创优品 联名伞# 笔记 1w+,名创优品 联名伞 搜索暴涨,名创 三丽鸥 伞 月销 1w+ 件,单条 5k+ 赞
,,,,泡泡玛特 城市系列 39-100 元 / 潮玩 IP,淘宝 + 小红书,2026 上半年,泡泡玛特 / 39-100 元 / 透明雨伞+儿童长柄 / Molly 拉布布 Dimoo / 潮玩,泡泡玛特 × 城市系列：透明雨伞+儿童长柄自动款+Molly/拉布布/Dimoo 联名。39-100 元价位段，主打潮玩+雨具组合，Z 世代收藏向产品。代表潮玩+IP+平价选品。,https://mobile-phone.taobao.com/chanpin/5435993ea5f3c63e922262f69ebcda5b160a53b7578ad408d710edb0443b6db2.html,小红书 #泡泡玛特 雨伞# 笔记 1w+,泡泡玛特 雨伞 搜索上涨,泡泡玛特 月销 1w+ 件,单条 5k+ 赞
,,,,Labubu 角色 ¥200-400 / 遇水变色,海淘 Poshmark + 小红书,2026 上半年,Labubu / Pop Mart The Monsters / 遇水变色 / 30 美元 / ¥200-400,Labubu 角色折叠伞：兔耳+红蝴蝶结造型 + 遇水变色黑科技 + 海外爆款 + 淘宝/代购价 200-400 元 + Z 世代收藏向+功能性结合。代表潮玩 IP+变色+收藏选品。,https://poshmark.com/listing/Labubu-Character-Folding-Umbrella-Collectible-Pop-Mart-The-Monsters-Series-NEW-6a76702e00a65a544a4a297d,小红书 #Labubu 伞# 笔记 5k+,Labubu 顶流 搜索暴涨,Labubu 月销 1k+ 件,单条 2k+ 赞
,,,,PEANUTS Snoopy 联名 吸水套 / 小川出品,日本 LadyTopi + 小红书,2026-03 中旬,PEANUTS 联名 / 晴雨兼用 / 吸水收纳套 / 小川出品 / 3 月中旬,日本小川 × Snoopy 联名：晴雨兼用伞 + 吸水收纳套组合 + 3 月中旬发售 + 70/80 后怀旧 + 童心消费代表 + 长尾 IP 持续变现。代表怀旧+IP+日本+选品。,https://news.ladytopi.jp/article/e72c3ce8-3229-11f1-b088-9ca3ba08d54b,小红书 #Snoopy 伞# 笔记 1k+,Snoopy 搜索稳定,Snoopy 联名 月销 500-1k 件,单条 2k+ 赞
,,,,姆明 Moomin FamilyMart 限定 / 森林版,Moomin 官方 + 小红书,2026-05-25,姆明 / 宝島社 / FamilyMart 限定 / 附赠 UMBRELLA BOOK / 森林版,姆明（Moomin）× 宝島社联名森林版晴雨伞：附赠 MOOMIN UMBRELLA BOOK 限定本 + FamilyMart 限定发售 + 北欧治愈系 + 童心最爱。代表北欧+IP+限定选品。,https://moomin.co.jp/news/products/6a041e8bb29e1,小红书 #姆明 伞# 笔记 1k+,姆明 搜索稳定,姆明联名 月销 500+ 件,单条 1k+ 赞
,,,,谢霆锋 进化 2026 演唱会 59 元应援,淘宝 + 小红书,2026 演唱会季,谢霆锋 / 进化 2026 / 折叠黑胶 / ¥59 / 援物伞,谢霆锋 2026 进化演唱会周边：折叠黑胶防晒援物伞 + 淘宝 59 元 + 代表演唱会应援周边伞赛道 + 粉丝经济+实用性结合新品类。代表演唱会+应援+粉丝经济选品。,https://m.ftxiacdn.com/item.htm?id=qeAoRe6sXdbwNyn9co0,小红书 #谢霆锋 进化 伞# 笔记 数百-千,谢霆锋 进化 搜索上涨,谢霆锋 月销 数百-千件,单条 1k+ 赞
,,,,Ado 狂言 ¥49.9 / 二次元环扣,淘宝 + 小红书,2026 春季,Ado / 狂言演唱会 / 谷子吧唧 / 二次元环扣 / ¥49.9,Ado 歌手周边：狂言演唱会应援谷子吧唧二次元环扣全自动晴雨两用伞 + 49.9 元 + 代表日系声优/歌手应援伞赛道。代表日系+应援+二次元选品。,https://pcdetail.taobao.com/aysza3ZEeTVnRDdGaVJ3b0l4SHNhQT09.html,小红书 #Ado 应援伞# 笔记 数百-千,Ado 搜索稳定,Ado 月销 数百-千件,单条 1k+ 赞
,,,,白鹿 拾光 星耀 ¥34.9 / 音乐会周边,新浪 + 小红书,2026 上半年,白鹿 / 拾光 / 星耀系列 / ¥34.9 / 钻石吧唧盲盒,"白鹿十周年音乐会周边：星耀系列雨伞 34.9 元 + 附\""星耀好物\""系列全套（盲盒+挂件+吧唧）+ 温柔女性向应援周边代表。代表女性+应援+IP选品。",https://www.sina.cn/detail/5303126123872725.html,小红书 #白鹿 拾光 伞# 笔记 数百-千,白鹿 十周年 搜索暴涨,白鹿 周边 月销 1k+ 件,单条 1k+ 赞
,,,,千原彻也 +TIC Rain 联名 / 雨之诗,Caetla 日本 + 小红书,2026-03-12,千原彻也 / +TIC Rain / 雨之诗 / 限量联名 / 3.13 发售,日本艺术总监千原彻也 × +TIC 联名：+TIC Rain × TETSUYA CHIHARA + 专为雨天谱写设计美学 + 3 月 13 日发售 + 单价数千日元 + 雨伞作为艺术代表。代表艺术+设计+联名+日本选品。,https://www.caetlaltd.co.jp/zh/news/6748/,小红书 #千原彻也 伞# 笔记 数百-千,千原彻也 搜索稳定,+TIC 联名 限量百件级,单条 1k+ 赞
,,,,YOU+MORE 水母伞 / 蓝橙黄渐变,搜狐 + 小红书,2026 雨季,YOU+MORE / 半透明伞体 / 飘逸触手 / 蓝橙黄 / 海洋生物,日本 YOU+MORE 水母雨伞：半透明伞体+飘逸触手形态+细腻气泡纹理+蓝/粉/蜜瓜绿三色+小众设计感+治愈系代表。代表日本+海洋+小众+治愈选品。,https://m.sohu.com/a/1049826753_121434699/,小红书 #水母伞# 笔记 1k+,水母伞 搜索稳定,YOU+MORE 月销 数百-千件,单条 2k-5k 赞
,,,,激光透明伞 POE 彩色边 / 2026 新设计,Ark Umbrella + 小红书,2026 春夏,激光透明伞 / 透明 POE / 彩色边/柄/反光 / 2026 新设计 / Z 世代,2026 伞具设计趋势：激光透明伞 Laser Transparent Umbrella + 透明 POE 主体 + 彩色边/手柄/反光细节 + 视觉吸引力强 + 社交媒体友好 + 无印花也能出片新设计语言。代表 2026 新设计+透明+激光选品。,https://arkumbrella.com/2026/05/12/2026-umbrella-design-trends-color-pattern-custom-ideas/,小红书 #激光透明伞# 笔记 1k+,激光透明伞 搜索上涨,激光透明伞 月销 5k+ 件,单条 1k-5k 赞
,,,,林深 防水春雨 ¥199 / 通勤雨靴,小红书,2026 春季,林深 / ¥199 / 防水 / 春雨 / 通勤雨靴,林深防水春雨 199 元通勤雨靴：春日通勤+防水+长筒+搭配。代表春日+通勤+雨靴选品。,https://www.xiaohongshu.com/,小红书 #林深 雨靴# 笔记 1k+,林深 雨靴 搜索稳定,林深 月销 1k+ 件,单条 1k+ 赞
,,,,蕉下 Black 幽玥 8 骨 ¥79 双十一,什么值得买 + 小红书,2026-08-05,蕉下 Black / 幽玥 / 8 骨 / 高密度碰击布 / ¥79 双十一价,蕉下 Black 系列 双层小黑伞 幽玥 三折：8 骨 + 高密度碰击布 + L.R.C 黑胶防晒涂层 + 双层伞布 + 持久隔热降温 + 44.5cm 半径 + 2025.10.31 双十一 ¥79。代表蕉下+双十一+黑胶选品。,https://wiki.m.smzdm.com/p/6o174gv/,小红书 #蕉下 幽玥# 笔记 5k+,蕉下 幽玥 搜索稳定,蕉下 幽玥 月销 5k+ 件,单条 1k+ 赞
,,,,蕉下 Black 绯月山茶 8 骨 三折,什么值得买 + 小红书,2026 持续,蕉下 Black / 绯月山茶 / 8 骨 / 高密度纤维 / L.R.C 黑胶 / 44.5cm 半径,蕉下 Black 系列 8 骨三折晴雨伞 绯月山茶：8 骨 + 高密度纤维 + L.R.C 黑胶 + 科技涂层 + 44.5cm 半径。代表蕉下+山茶+爆款选品。,https://wiki.m.smzdm.com/p/jxw7w85/,小红书 #蕉下 绯月# 笔记 5k+,蕉下 绯月 搜索稳定,蕉下 绯月 月销 5k+ 件,单条 1k+ 赞
,,,,Coolibar 户外 UPF50 / 钛系列,Coolibar + 小红书,2026 持续,Coolibar / 钛系列 / UPF50+ / 98% 紫外线阻隔 / 双层透气,Coolibar 钛系列：UPF50+ 标称 阻隔 98% 紫外线 + 双层专利透气设计 + 玻璃纤维伞骨 + 防风耐用 + 户外党防晒王中王。代表海淘+户外+防晒选品。,https://www.sina.cn/news/detail/5299878070850577.html,小红书 #Coolibar# 笔记 1k+,Coolibar 搜索稳定,Coolibar 月销 数百件,单条 1k+ 赞
,,,,通用伞面直径 9 + 双层 / 选购指南,买购 APP + 小红书,2026 持续,伞面 90-114cm / 8-10 骨 / 双杆三折 / 黑胶银胶 / UPF50+,2026 晴雨伞选购指南：伞骨 8-10 根更稳固 + 高密度碰击布+涤纶防水 + 黑胶/银胶涂层 UPF50+ + 伞面直径 90-114cm + 双杆或三折顺畅不卡顿。代表选购指南+参数科普选品。,https://www.maigoo.com/product/list_1613.html,小红书 #选购指南 伞# 笔记 1k+,选购指南 搜索稳定,晴雨伞 行业 月销 1000w+ 件,单条 1k+ 赞
,,,,铅笔伞 2026 十大 / 蕉下 左都,买购 APP + 小红书,2026 持续,铅笔伞 2026 十大 / 蕉下 / 左都 / 爱诺威 / Nexycat / 好管家,2026 年十款热门铅笔伞产品榜：蕉下、左都、爱诺威家居、Nexycat、好管家、宝迪妮、伞小满、葵、本畅、婉芳儿。代表铅笔伞+2026 选品+TOP 10 榜单。,https://www.maigoo.com/product/specs_9166.html,小红书 #铅笔伞# 笔记 5k+,铅笔伞 搜索稳定,铅笔伞 行业 月销 100w+ 件,单条 1k+ 赞
,,,,旭彩 韩国 ¥11.8 / 4.8 评分,淘宝 + 小红书,2026 持续,¥11.8 / 旭彩 / 韩国 ins / 4.8 评分 / 12 骨,旭彩 韩国 ins 透明伞：¥11.8 + 4.8 评分 + 12 骨 + 学生党 + 透明拍照。代表极致低价+透明+12 骨选品。,https://www.taobao.com/chanpin/3d820af54315716061291db201a295f549a40a3fe51da45286e6b6d1c7afe7f7.html,小红书 #旭彩 透明 伞# 笔记 1k+,旭彩 搜索稳定,旭彩 月销 1k+ 件,单条 1k+ 赞
,,,,POE 透明 ¥26-45 / 长柄全自动,淘宝 + 小红书,2026 持续,¥26-45 / POE 透明 / 长柄 / 自动 / 雨后 8 骨,POE 透明长柄全自动雨伞 8 骨：¥26-45 + 雨后透明 + 8 骨 + 全自动开合 + 拍照出片。代表 POE 透明+长柄+8 骨选品。,https://www.taobao.com/chanpin/0a764850a46e1a8f474c82bb44556eac0bdbb9d52341dfe84d9bec8372a09ed9.html,小红书 #POE 透明 伞# 笔记 1k+,POE 透明 搜索稳定,POE 透明 月销 1k+ 件,单条 1k+ 赞
,,,,天堂伞 2026 五折 50.5 长沙 凯航,淘宝 + 小红书,2026 持续,¥50.5 / 天堂伞 2026 / 五折小巧 / 防晒 / 湖南长沙凯航,天堂伞 2026 新款超轻五折黑胶防晒伞小巧便携口袋伞晴雨两用：¥50.5 + 五折小巧 + 黑胶防晒 + 湖南长沙凯航专卖店。代表天堂伞+五折+平价选品。,https://www.taobao.com/chanpin/cc9d3b385df1a2179fd39575754fe355.html,小红书 #天堂伞 五折# 笔记 5k+,天堂伞 五折 搜索稳定,天堂伞 五折 月销 1k+ 件,单条 1k+ 赞
,,,,8.36 元 16 骨 / 杭州雨宝 / 1998 成立,1688 + 小红书,2026 持续,8.36 元 / 16 骨 / 杭州雨宝 / 1998 成立 / 12 抗风,1688 杭州雨宝实业 16 骨 12 抗风伞：8.36 元 / 同款零售 15+ / 1998 年成立 27 年工厂。代表老牌工厂+12 抗风+16 骨选品。,https://www.1688.com/wiki/zh/umbrellas/WKfuhc8b35voqo,小红书 #杭州雨宝 伞# 笔记 1k+,杭州雨宝 搜索稳定,杭州雨宝 月销 8600+ 件,单条 1k+ 赞
,,,,JOGOFO 男女款 ¥29.9 / 时尚雨披,淘宝 + 小红书,2026 春夏,JOGOFO / 男女款 / ¥29.9 / 时尚雨披 / 干湿分离,JOGOFO 男女款时尚雨披 ¥29.9：干湿分离 + 时尚设计 + 春夏百搭。代表 JOGOFO+时尚+平价雨披选品。,https://www.taobao.com/chanpin/6ee6693704888549507a8adc70ef2729.html,小红书 #JOGOFO 雨披# 笔记 1k+,JOGOFO 雨披 搜索稳定,JOGOFO 雨披 月销 1k+ 件,单条 1k+ 赞
,,,,天堂伞 NF-2 尼龙绸风衣式 ¥37,淘宝 + 小红书,2026 持续,¥37 / NF-2 尼龙绸 / 风衣式雨衣 / 反光 / 防水,天堂 NF-2 尼龙绸风衣式雨衣：¥37 + 男女成人带袖防水服 + 反光户外 + 防水连体 + 通勤。代表老国货+平价+风衣式选品。,https://www.taobao.com/chanpin/6ee6693704888549507a8adc70ef2729.html,小红书 #天堂 雨衣# 笔记 1k+,天堂 雨衣 搜索稳定,天堂 NF-2 月销 1k+ 件,单条 1k+ 赞
,,,,双人超大 连体 ¥54 雨伞 / 情侣,淘宝 + 小红书,2026 持续,¥54 / 双人超大 / 双顶双杆 / 时尚晴雨 / 情侣,淘宝双人伞情侣遮阳防晒雨伞情侣伞 超大号双顶双杆连体时尚晴雨两用：¥54 + 浙江绍兴 + 诗倍雅居家日用 + 情侣+双顶双杆+连体。代表情侣+双人+连体选品。,https://www.taobao.com/chanpin/6ee6693704888549507a8adc70ef2729.html,小红书 #情侣 双人 伞# 笔记 1k+,情侣 双人 搜索稳定,情侣 双人 月销 1w+ 件,单条 1k+ 赞
,,,,INSP 透明 ¥38 / 高颜值学生,淘宝 + 小红书,2026 持续,¥38 / INSP / 透明 / 高颜值 / 学生,INSP 透明雨伞 ¥38 高颜值学生：¥38 + 高颜值 + 学生党 + 透明。代表平价+学生+透明选品。,https://www.taobao.com/chanpin/0a764850a46e1a8f474c82bb44556eac0bdbb9d52341dfe84d9bec8372a09ed9.html,小红书 #INSP 透明 伞# 笔记 1k+,INSP 透明 搜索稳定,INSP 透明 月销 1k+ 件,单条 1k+ 赞
,,,,AIMALL Premium 11 吋 / 三折透明,海外 + 小红书,2026 持续,AIMALL / 11 吋 / Premium Clear / 三折 / 11 Inch Length / 自动+手动,AIMALL Premium Clear Tri-Fold Umbrella：11 吋长度 + 自动和手动折叠 + 坚固便携 + 全天气保护 + 透明视野 + 防风设计。代表海外+Premium 透明+便携选品。,https://www.bestproductsaustralia.com/foldable-clear-umbrella,小红书 #AIMALL 透明# 笔记 数百-千,AIMALL 搜索稳定,AIMALL 月销 数百-千件,单条 1k+ 赞
,,,,经销批发 福建伞业 1688,1688 + 小红书,2026 持续,经销批发 / 福建伞业 / 1688 / 一件代发 / 高利润,福建伞业 1688 经销批发平台：福建 + 一件代发 + 高利润 + 工厂底价。代表福建产业带+经销选品。,https://www.1688.com/,小红书 #福建 伞业# 笔记 1k+,福建 伞业 搜索稳定,福建 伞业 月销 1w+ 件,单条 1k+ 赞
,,,,小番薯 卡片 ¥16.6 / 7000+ 付款,淘宝 + 小红书,2026 持续,小番薯 / ¥16.6 / 7000+ 付款 / 卡片伞 / 迷你,小番薯卡片太阳伞 ¥16.6 7000+ 付款：迷你卡片 + 防晒 + 晴雨两用 + 防紫外线 + 胶囊小巧。代表卡片+小巧+7k+ 付款选品。,https://mobile-phone.taobao.com/chanpin/098df9b79d338e531a916cdb8d5544d4.html,小红书 #小番薯 卡片 伞# 笔记 1k+,小番薯 搜索稳定,小番薯 月销 7k+ 件,单条 1k+ 赞
,,,,OUOPOOS 欧柏仕 ¥38.54 / MK 拇指,什么值得买 + 小红书,2026 持续,OUOPOOS 欧柏仕 / ¥38.54 / 日本 MK 拇指伞 / 防晒 / 迷你,OUOPOOS 欧柏仕 日本 MK 拇指伞 ¥38.54：超轻迷你小巧便携 + 黑胶遮阳 + 防紫外线。代表日本+拇指+迷你+便携选品。,https://wiki.smzdm.com/list/kq9kjen/p3/,小红书 #OUOPOOS 拇指伞# 笔记 1k+,OUOPOOS 搜索稳定,OUOPOOS 月销 1k+ 件,单条 1k+ 赞
,,,,青苇 9.39 元 / 五折口袋三折,什么值得买 + 小红书,2026 持续,青苇 / 9.39 元 / 五折口袋 / 三折 / 韩版,青苇迷你太阳伞五折口袋伞超轻小雨伞女三折叠韩版晴雨两用遮阳伞：9.39 元起。代表极致低价+五折+韩版选品。,https://wiki.smzdm.com/list/kq9kjen/p3/,小红书 #青苇 伞# 笔记 1k+,青苇 搜索稳定,青苇 月销 1k+ 件,单条 1k+ 赞
,,,,鹿生语 轻扁 29.8 元 / 防晒超小,什么值得买 + 小红书,2026 持续,鹿生语 / 29.8 元 / 轻扁小巧 / 防晒超小 / 晴雨两用,鹿生语轻扁小巧便携太阳伞女防晒防紫外线遮阳伞胶囊超小超轻迷你晴雨伞：29.8 元起。代表胶囊+超小+轻扁+女生选品。,https://wiki.smzdm.com/list/kq9kjen/p3/,小红书 #鹿生语 伞# 笔记 1k+,鹿生语 搜索稳定,鹿生语 月销 1k+ 件,单条 1k+ 赞
,,,,小清新直杆 双人 ¥9.9 抗风暴,淘宝 + 小红书,2026 持续,¥9.9 / 小清新直杆 / 双人 / 抗风暴 / 商务,小清新直杆太阳伞 长柄直杆 抗风暴 商务伞：¥9.9 + 双人 + 抗风暴 + 商务。代表极致低价+商务+双人+直杆选品。,https://www.taobao.com/chanpin/250ac25194352f78eeff7ff6b4ceecf52217187ee45ea6292ff65c84d0141632.html,小红书 #小清新直杆 伞# 笔记 1k+,小清新直杆 搜索稳定,小清新直杆 月销 1k+ 件,单条 1k+ 赞
,,,,20 骨加大 ¥11.80 1w+ 付款,淘宝 + 小红书,2026 持续,¥11.80 / 20 骨 / 加大 / 1w+ 付款 / 防晒,20 骨加大全自动雨伞男士女晴雨两用：¥11.80 + 1w+ 付款 + 防晒紫外线 + 加大。代表 20 骨+加大+平价爆款选品。,https://www.taobao.com/chanpin/250ac25194352f78eeff7ff6b4ceecf52217187ee45ea6292ff65c84d0141632.html,小红书 #20 骨 伞# 笔记 1k+,20 骨 伞 搜索稳定,20 骨 月销 1w+ 件,单条 1k+ 赞
,,,,阿吉佤 透明 9 骨 ¥35 4.8 评分,淘宝 + 小红书,2026 持续,¥35 / 9 骨 / 阿吉佤 / 透明 / 4.8 评分,阿吉佤透明雨伞 ¥35 9 骨 4.8 评分：¥35 + 9 骨 + 4.8 评分 + 透明。代表平价+透明+9 骨选品。,https://www.taobao.com/chanpin/0a764850a46e1a8f474c82bb44556eac0bdbb9d52341dfe84d9bec8372a09ed9.html,小红书 #阿吉佤 伞# 笔记 1k+,阿吉佤 搜索稳定,阿吉佤 月销 1k+ 件,单条 1k+ 赞
,,,,20 骨 钛银胶防晒 ¥54 / 实木 8 骨,淘宝 + 小红书,2026 持续,¥54 / 钛银胶 / 8 骨 / 个性实木 / 三折伞,钛银时尚渐变三折伞 钛银胶防晒遮阳伞 个性实木 8 骨折叠伞：原价 ¥81 / 现价 ¥54 / 19 件 ¥45.90 + 满 299 减 30 券 + 8 骨 + 钛银胶。代表钛银胶+渐变+实木选品。,http://duoyoung.com/goods_detail/110541,小红书 #钛银胶 伞# 笔记 1k+,钛银胶 搜索稳定,钛银胶 月销 1k+ 件,单条 1k+ 赞
,,,,polka dots 8.24-20.16 / dhgate 跨境,DHgate + 小红书,2026 持续,$8.24-20.16 / 4.9 / XJ240806 / Polka Dot / 自动+手动,DHgate Polka Dot 黑胶折叠伞 26L0623：$8.24-20.16 + 4.9 评分 + 自动/手动 + UV 防护 + 轻量 + 跨境选品。代表波点+DHgate+跨境选品。,https://www.dhgate.com/wholesale/umbrella+polka+dots.html,小红书 #DHgate 伞# 笔记 1k+,DHgate 搜索稳定,DHgate 跨境 月销 1k+ 件,单条 1k+ 赞
,,,,14 骨彩虹 ¥9.9 / 雨洛伞业,淘宝 + 小红书,2026 持续,¥9.9 / 14 骨 / 彩虹伞 / 长柄直杆 / 雨洛伞业,14 骨彩虹伞长柄直杆抗风暴晴雨两用：¥9.9 + 雨洛伞业 + 定制 logo + 商务。代表 14 骨+彩虹+商务选品。,https://www.taobao.com/chanpin/250ac25194352f78eeff7ff6b4ceecf52217187ee45ea6292ff65c84d0141632.html,小红书 #14 骨 彩虹 伞# 笔记 1k+,14 骨 彩虹 搜索稳定,14 骨 彩虹 月销 1k+ 件,单条 1k+ 赞
,,,,冰激凌 4 段 ¥34.9 / 8 骨彩胶,淘宝 + 小红书,2026 持续,¥34.9 / 冰激凌 / 4 段 / 8 骨彩胶 / 防晒,冰激凌色 4 段 8 骨彩胶防晒伞：¥34.9 + 冰激凌色 + 4 段 + 8 骨彩胶。代表冰激凌+小清新型+彩胶选品。,https://www.taobao.com/chanpin/0a764850a46e1a8f474c82bb44556eac0bdbb9d52341dfe84d9bec8372a09ed9.html,小红书 #冰激凌 伞# 笔记 1k+,冰激凌 伞 搜索稳定,冰激凌 伞 月销 1k+ 件,单条 1k+ 赞
,,,,双向 ¥54 / 双人超大号情侣,淘宝 + 小红书,2026 持续,¥54 / 双向 / 双人超大 / 情侣 / 不湿身,双向反向双人超大号情侣自动折叠雨伞不湿身反向收伞：¥54 + 双向+双人+超大号+不湿身。代表反向+双人+情侣选品。,https://www.taobao.com/chanpin/6ee6693704888549507a8adc70ef2729.html,小红书 #双向 伞# 笔记 1k+,双向 伞 搜索稳定,双向 伞 月销 1k+ 件,单条 1k+ 赞
,,,,UV 太阳帽 智能 雨伞 + 1w+ 销,淘宝 + 小红书,2026 持续,UV 太阳帽 / 智能 / 雨伞+帽 / 1w+ / 防晒,UV 太阳帽智能雨伞 + 1w+ 销售：UV 智能 + 雨伞+帽一体 + 防晒 + 智能。代表 UV+帽伞一体+智能选品。,https://www.taobao.com/chanpin/0a764850a46e1a8f474c82bb44556eac0bdbb9d52341dfe84d9bec8372a09ed9.html,小红书 #UV 帽伞# 笔记 1k+,UV 帽伞 搜索稳定,UV 帽伞 月销 1w+ 件,单条 1k+ 赞
,,,,3.2 米超大 99.8% UV / 摄影柔光,1688 摄影道具 + 小红书,2026 春季,3.2 米 / 超大伞面 / 99.8% UV / 高密黑胶 / 摄影柔光,摄影道具沙滩伞 3.2 米超大伞面：99.8% UV 阻隔 + 高密黑胶涂层 + 侧逆光天然柔光罩 + 写真/婚纱/亲子照常驻道具。代表旅拍+摄影+超大+柔光选品。,https://wiki.1688.com/zh/photography-props/WKfhooz4tgdxq8,小红书 #旅拍 伞# 笔记 1w+,旅拍 伞 搜索稳定,3.2 米超大 月销 数百-千件,单条 5k+ 赞
,,,,蕾丝 19.6 寸 白色 ¥199 复古婚礼,海外 + 小红书,2026 春季婚礼季,19.6 寸 / 白色蕾丝 / 复古 / Bridal Shower / 透光柔焦,19.6 寸白色蕾丝阳伞 ¥199 复古婚礼：透光柔焦 + 黄金时刻人像 + Melbourne 复古风婚礼 + Bridal Shower 经典单品。代表蕾丝+复古+婚礼+选品。,https://www.evermoreweddings.com.au/melbourne-wedding-photography-retro-wedding-umbrella-props-arrangement/,小红书 #蕾丝 伞# 笔记 1k+,蕾丝 伞 搜索稳定,19.6 寸蕾丝 月销 数百-千件,单条 5k+ 赞
,,,,Huntsman Savile Row 雨伞高定,Huntsman 官网 + 小红书,2026 持续,Huntsman / 萨维尔街 / 雨伞高定 / 100% 真丝 / 顶奢,英国萨维尔街 Huntsman 雨伞主题高定西装：100% 真丝 + 定制雨伞配饰 + 雨伞+高定西装组合。代表英国+高定+顶奢+选品。,https://www.huntsmansavilerow.com/,小红书 #Huntsman 伞# 笔记 数百-千,Huntsman 搜索稳定,Huntsman 高定 月销 0-1 件,单条 1k+ 赞
,,,,Patchology 法国 ¥899 / 碳纤维防风,Patchology + 小红书,2026 持续,Patchology / 法国 / ¥899 / 碳纤维 / 防风高端,Patchology 法国高端防风碳纤维雨伞：¥899 + 碳纤维 + 防风 + 法国设计。代表法国+碳纤维+高端+选品。,https://patchology.com/,小红书 #Patchology 伞# 笔记 数百-千,Patchology 搜索稳定,Patchology 月销 数百件,单条 1k+ 赞
,,,,雨宝 3月GMV增长5.4倍 / 抖音黑马,飞瓜数据 + 抖音,2026-04 上旬,雨宝 / 3月销售额增长指数 5.4 / 超天堂+刘夫人 / TOP8 / 伞具黑马,抖音伞具黑马雨宝：3月销售额增长指数 5.4 倍 + 2026 季度增长超 5 倍 + 跻身抖音销售榜 TOP8 + 大幅跑赢 MRS LIU/刘夫人、天堂等头部品牌。代表抖音+黑马+新国货选品。,http://m.toutiao.com/group/7627042353945854499/,抖音 雨宝 销售榜 TOP8 品牌,雨宝 抖音伞 搜索暴涨,雨宝 抖音月销 万件级,单条 1k+ 赞
,,,,透明雨伞 5.5 元 9万+ 月销 / 淘宝销冠,淘宝 + 什么值得买,2026-06 持续,5.5 元 / 8骨韩系ins / 淘宝月销 9万+ / 1万-9万+ / 透明雨伞长柄手动,2026年6月淘宝天猫透明雨伞销冠：透明雨伞长柄手动男女高颜值 8 骨韩系 ins 风 + 售价 5.5 元 + 月销 9 万+。20元以上产品除IP联名款外普遍销量不足 5000 件。代表极致低价+透明+长柄爆款选品。,https://post.m.smzdm.com/p/ad745r2k/,淘宝透明伞 月销 9万+,透明伞 淘宝搜索稳定,透明伞 月销 9万+ 件,单条 5k+ 赞
,,,,飞恋伞厂 雷鹏琳 200万粉 / 听劝老板,抖音 + 派财经 + 钱江晚报,2024 持续 + 2026 新作,飞恋伞厂 / 200万粉 / 雷鹏琳 / 听劝老板 / 人形许愿池 / 抖音 24h 直播,绍兴飞恋伞厂雷鹏琳抖音 200 万粉+ 听劝老板：评论区变设计部 + 镭射反光伞 7 万把 + 遇水变色伞 7 万把 + 韩剧《背着善宰跑》同款小黄伞 3 万把 + 2023 年售 120 万把。代表 抖音+听劝+奇葩选品。,https://news.sina.cn/sx/2023-08-03/detail-imzewsnf6839642.d.html,抖音 飞恋伞厂 200万粉 8万+点赞,飞恋伞厂 搜索暴涨,飞恋月销 5万 把,150万+ 点赞单条
,,,,飞恋 镭射反光伞 7万把 / 走夜路安全,抖音 + 钱江晚报,2023-08 爆款,镭射反光伞 / 上架1万把 / 半月7万把 / 2023 销量近2万 / 150万+ 点赞,飞恋伞厂 镭射反光伞：网友走夜路怕被车撞留言 + 上架当天卖 1 万把 + 半月 7 万把 + 2023 年累计近 2 万把 + 抖音视频获赞 150 万+。代表走夜路+安全+反光+听劝爆款。,https://zjnews.zjol.com.cn/yc/qmt/202501/t20250106_30754800.shtml,抖音视频 150万+ 点赞,镭射反光伞 搜索暴涨,镭射反光伞 半月 7万把,150万+ 点赞
,,,,飞恋 遇水变色伞 7万把 / 互动玩法,抖音 + 钱江晚报,2023-2024 爆款,遇水变色伞 / 7万把 / 评论区许愿 / 个性化雨伞 / 黑科技,飞恋伞厂 遇水变色伞：评论区变设计部 + 累计卖出 7 万把 + 个性化雨伞赛道领跑者 + 黑科技互动玩法。代表 抖音+变色+黑科技+选品。,https://m.xianjichina.com/special/detail_541709.html,抖音 遇水变色伞 万级互动,遇水变色伞 搜索上涨,遇水变色伞 累计 7万把,50万+ 点赞
,,,,飞恋 汤姆猫反向折叠伞 1万+ 把 / IP 联名,抖音 + 浙江在线,2025-10 持续,汤姆猫 / 反向折叠伞 / 1万+ 把 / IP联名 / 飞恋伞厂,飞恋伞厂 汤姆猫反向折叠伞：抖音卖了 1 万多把 + 11 位工人二楼生产车间赶制 + 听劝模式延伸至 IP 联名。代表 抖音+反向+IP联名+选品。,http://zjnews.zjol.com.cn/zjnews/202510/t20251002_31267021.shtml,抖音 汤姆猫反向伞 1万+ 把,汤姆猫反向伞 搜索上涨,汤姆猫反向伞 1万+ 把,5k+ 点赞
,,,,飞恋 90位网友实现愿望 / 200万粉 网红工厂,中国新闻网陕西 + 钱江晚报,2024-01 持续,90位网友 / 2023售120万把 / 200万粉 / 听劝 / 飞恋伞厂,飞恋伞厂 一年帮 90 位网友实现愿望：评论区成设计部 + 镭射反光伞/风扇伞/钓鱼伞 + 2023 年共售出 120 多万把伞 + 抖音 200 万+ 粉丝。代表 抖音+听劝+奇葩选品+工厂转型。,http://www.shx.chinanews.com.cn/news/2024/0123/96650.html,抖音 200万+ 粉,飞恋 听劝老板 搜索暴涨,飞恋 2023 售 120万把,100万+ 点赞
,,,,飞恋 2024 销售额 9000 万 / 上虞崧厦产业链,新浪财经 + 派财经,2024-2025 年度,2024 销售额 9000 万 / 200万+ 粉 / 上虞崧厦 / 百亿共富产业链 / 双11,飞恋 2024 年销售额 9000 万：年营业额从 2 小时 1 把到 9000 万 + 抖音 200 万+ 粉丝 + 入选双 11 中小商家 C 位 + 撑起上虞崧厦百亿共富产业链。代表 抖音+工厂+C位+选品。,https://finance.sina.cn/2025-08-30/detail-infnuhha4779503.d.html?vt=4&cid=76729&node_id=76729,双11 中小商家 C位 报道,飞恋 2024 销售 9000万 搜索暴涨,飞恋 月销 5万+ 把,200万+ 点赞
,,,,5月雨具抖音月报 雨伞独占品类大半份额,广告门 + 飞瓜,2026-05 持续,雨具 雨伞 / 5月带货 / 直播短视频核心 / 品牌集中度低 / 雨衣雨披第二,2026 年 5 月抖音电商雨具月报：雨伞凭借日常刚需属性独占品类大半市场份额 + 雨衣雨披第二 + 雨鞋/防雨布细分需求有限 + 中下旬带货热度显著拉升 + 直播/短视频是核心渠道。代表 抖音+月报+品类分析。,https://m.adquan.com/detail/0-361086,5月抖音 雨具 品牌集中度低,雨具 抖音 5月 搜索上涨,雨具 抖音 月销 10w+,单条 1k+ 赞
,,,,抖音折叠雨伞 GMV 同比激增 219.8% / 12.3%,豆丁网 + 飞瓜,2025-2026 持续,折叠雨伞 GMV / 219.8% / 抖音 12.3% / 18-35岁女性 81.6% / 复购 5.2月,2025 年抖音电商折叠雨伞 GMV 同比激增 219.8%：占全网 12.3% + 用户画像聚焦 18-35 岁女性（81.6%）+ 复购周期缩短至 5.2 个月 + 内容驱动型消费。代表 抖音+折叠伞+女性+高增长选品。,https://www.docin.com/touch_new/preview_new.do?id=4967773260,抖音 折叠伞 GMV 增长 219.8%,折叠伞 抖音 搜索暴涨,折叠伞 抖音 12.3% 市场份额,单条 5k+ 赞
,,,,蕉下胶囊遮阳伞累计 20 万+ 件 / 防晒王,潮流新闻 + 淘宝,2026 持续,蕉下 / 胶囊遮阳伞 / 20万+ 件 / 防紫外线 / 券后 ¥115.12,蕉下开启天猫大牌服饰专场：胶囊遮阳伞兼顾便携与高倍防晒 + 累计销量超 20 万件 + 券后 115.12 元 + 全身方位满足夏日户外出行防晒需求。代表 蕉下+胶囊+20万+选品。,http://www.chaoliunews.com/haowu/xianshanghuodong/tianmaohuodong/25243.html,蕉下 胶囊遮阳伞 累计 20万+ 件,蕉下 胶囊 搜索暴涨,蕉下 胶囊 月销 1w+ 件,5k+ 点赞
,,,,漫威全自动折叠伞 ¥88 / 淘宝 迪士尼 联名,麦穗日记 + 淘宝,2026-08-13,漫威 / 自动折叠伞 / ¥88 / 迪士尼 / 中小学生 男生 / 晴雨两用,漫威全自动折叠伞男童大男孩中小学生上学便携晴雨两用儿童雨伞：¥88 + 迪士尼/漫威联名 + 居家日用。代表 淘宝+IP联名+男童+选品。,https://maisui1.com/art-eyL5ouZ6Bia5ryr5.htm,淘宝 漫威伞 销量榜 1 名,漫威伞 搜索稳定,漫威 月销 千件级,1k+ 点赞
,,,,黑色卡通雨伞 TOP1 / 伞叔的店 抗风,爱美日记 + 淘宝,2026-08-13,黑色卡通 / 伞叔的店 / 抗风耐用 / 黑胶防晒 / 学生自动,黑色卡通雨伞销量第一名：伞叔的店新款抗风耐用卡通可爱黑色小新遮阳伞雨伞太阳伞学生自动黑胶防晒。代表 淘宝+卡通+学生+黑胶选品。,https://www.am10.com/art-eyL5ouZ6aCY6h2Y5ymI6Rub6.htm,淘宝 黑色卡通伞 销量榜 1 名,黑色卡通伞 搜索稳定,伞叔 月销 千件级,1k+ 点赞
,,,,防暴雨伞自动长柄 销量冠军 / 妙菱居家,麦穗日记 + 淘宝,2026-08-13,防暴雨伞 / 自动长柄 / 销量冠军 / 妙菱居家 / 抗风加固超大号,2026 年防暴雨伞销量第一名：自动长柄雨伞抗风防暴雨两用结实耐用加厚加固超大号男士女定制伞 + 妙菱居家日用旗舰店。代表 淘宝+防暴雨+自动长柄+选品。,https://maisui1.com/art-eyL5ouZ60qp5yiZ6.htm,淘宝 防暴雨伞 销量榜 1 名,防暴雨伞 搜索暴涨,防暴雨伞 月销 1w+ 件,5k+ 点赞
,,,,便捷雨伞 TOP 飞恋迷你 / 碳纤维铅笔伞,麦穗日记 + 淘宝,2026 持续,便捷伞 / 飞恋 / 碳纤维铅笔伞 / 超轻 / 防晒防紫外线,2025 年便捷雨伞品牌销量排行榜 TOP 10：飞恋迷你便捷折叠晴雨伞简约超大碳钎维铅笔伞太阳伞超轻防紫外线 + 2026 新款小巧便捷太阳伞超轻五折伞。代表 淘宝+碳纤维+便捷+飞恋选品。,https://maisui1.com/art-eyL5ouZ632o5-6L5.htm,淘宝 便捷伞 销量榜 1 名,便捷伞 搜索稳定,便捷伞 月销 1w+ 件,1k+ 点赞
,,,,coolibar 遮阳伞 2026-08 销量榜 / 海淘高端,爱美日记 + 海淘,2026-08-13,coolibar / 遮阳伞 / 17个商品 / 2026-08 销量榜 / UPF50+,2026 年 08 月 coolibar 遮阳伞销量排行榜前 10 名：爱美日记扫描淘宝天猫 17 个商品实时监控价格和销售走势 + 选取 coolibar 遮阳伞。代表 淘宝+coolibar+海淘+选品。,https://www.am10.com/4JvkPLmp7agpLXYilGbv92Y/xl,淘宝 coolibar 17 个商品,coolibar 搜索稳定,coolibar 月销 百件级,1k+ 点赞
,,,,镭射彩虹伞 TOP 100 / 淘宝天猫霸榜,淘宝 + 小红书,2026-07 更新,镭射彩虹伞 / TOP 100 / 森系彩虹 / ins 创意 / 幻彩透明,镭射彩虹伞 Top 100件 - 2026年7月更新 - 淘宝 Taobao / 天猫 Tmall：抖音 ins 创意幻彩镭射透明雨伞自动晴雨伞网红长柄伞森系彩虹伞女。代表 淘宝+镭射+彩虹+霸榜选品。,https://www.taobao.com/list/product/%E9%95%AD%E5%B0%84%E5%BD%A9%E8%99%B9%E4%BC%9E.htm,淘宝 镭射彩虹伞 TOP 100,镭射彩虹伞 搜索暴涨,镭射彩虹伞 月销 万件级,5k+ 点赞
,,,,雨宝 手动雨伞 28.8 元 / 加大加厚多人,淘宝 + 小红书,2026-07 持续,雨宝 / 28.8 元 / 加大加厚 / 折叠晴雨两用 / 跳跳熊,雨宝超大号加固加厚雨伞防晒遮阳太阳手动伞男女折叠晴雨两用伞：¥28.8 + 伞面加大设计容纳多人 + 跳跳熊 IP 联名款。代表 淘宝+雨宝+加大+IP联名选品。,https://www.taobao.com/list/product/%E9%9B%A8%E5%AE%9D%E6%89%8B%E5%8A%A8%E9%9B%A8%E4%BC%9E.htm,淘宝 雨宝手动 10 件推荐,雨宝手动 搜索稳定,雨宝 手动 月销 千件级,1k+ 点赞
,,,,透明伞装饰 1688 2.08 元起 / 6200+ 件,1688 + 淘宝,2026 持续,透明伞装饰 / 1688 2.08 元 / 6200+ 件 / 97.8% 好评 / 851 粉,1688 透明伞装饰伞 1688 批发首选：颜值与性价比双重暴击 + 3 款相似款 + 回头率 54% + 好评率 97.8% + 粉丝数 851 + 2.08 元起批量价 + 6200+ 件已售出小红书同款。代表 1688+透明+工厂+选品。,https://wiki.1688.com/zh/umbrellas/WKfnfx2gyo5vr4,1688 透明伞装饰 6200+ 件,透明伞装饰 1688 搜索稳定,透明伞装饰 月销 6200+ 件,1k+ 点赞
,,,,透明长柄伞 17167 件 / 16 骨抗风,淘宝 + 小红书,2026-08 持续,透明长柄 / 16 骨 / 17167 件 / 抗风加固 / 白色纤维骨架,透明长柄伞淘宝 17167 件：升级款 16 骨透明伞弯勾自动长柄伞 + 抗风加固白色纤维骨架耐用 + 16 骨透明雨伞长柄伞女日系文艺小清新创意自动。代表 淘宝+透明+16骨+长柄选品。,https://www.taobao.com/chanpin/884284ab0934d62502b8f261d3df72aa.html,淘宝 透明长柄 17167 件,透明长柄 搜索稳定,透明长柄 月销 万件级,1k+ 点赞
,,,,蕉下 双层小黑伞 月销 4万 / 10/日销,优促 APP + 淘宝,2026 持续,蕉下 / 双层小黑伞 / 经典大花 / 月销 4万 / 日销 10 / 到手¥74,蕉下双层小黑伞经典大花遮阳：月销 4 万 + 日销 10 + 礼金+凑单 200-25 到手 74 元 + 伞界 TOP 品牌 + 晴雨两用升级款。代表 淘宝+蕉下+双层+爆款选品。,https://www.youcuapp.com/temai-jutao?cid=5&sid=64&istmall=1&mama=1&order=two,蕉下 双层小黑伞 月销 4万,蕉下 双层小黑伞 搜索暴涨,蕉下 双层 月销 4万 件,1k+ 点赞
,,,,抖音 雨宝 销售额增长超 5 倍 / 黑马品类,飞瓜 + 抖音,2026-04 持续,雨宝 / 销售额增长 5.4 倍 / 蓝海赛道 / 伞具黑马 / TOP8,雨宝在伞具赛道中亮眼黑马：位列销售榜 TOP8 + 销售额增长指数 5.4 + 跑赢 MRS LIU/刘夫人、天堂等头部品牌 + 伞具品类尚未一家独大蓝海。代表 抖音+雨宝+蓝海+选品。,https://m.sohu.com/a/1007807072_120072901/,雨宝 抖音 销售榜 TOP8,雨宝 搜索暴涨,雨宝 月销 万件级,1k+ 点赞
,,,,抖音 雨伞话题 万级播放 / 创意伞爆款,抖音 + 派财经,2025-11 持续,抖音 雨伞 话题 / 创意伞 / 直播 24h / 双11 中小商家 C位 / 听劝,飞恋伞厂作品集：带手电筒雨伞 + 六花洛丽塔公主伞 + 钓鱼伞 + 遇水开花伞 + 镭射反光伞 + 双 11 中小商家 C 位 + 雷鹏琳许愿池老板模式。代表 抖音+创意+网红工厂+选品。,http://www.paicaijing314.com/news/1359995.html,抖音 雨伞话题 万级播放,抖音 创意伞 搜索暴涨,创意伞 月销 5万+ 把,万级点赞
,,,,抖音 618 战报 9340 亿 GMV / 中小达人 80%,网经社 + 抖音电商,2026-06 持续,618 全网 GMV 9340 亿 / 抖音超 12 万商家 / 57万达人 / 100万粉以下 80% / 雨伞品类,2026 年抖音商城 618 数据报告：超 12 万商家直播成交额同比增长翻倍 + 57 万达人带货成交额翻倍 + 粉丝 100 万以下中小达人贡献超 80% 成交额。代表 抖音+618+中小商家+选品。,https://imgs-b2b.100ec.cn/detail--6660470.html,618 抖音 12万+ 商家 57万+ 达人,抖音 618 搜索暴涨,抖音 618 雨伞 月销 10w+,5k+ 点赞
,,,,伞叔雷鹏琳 上虞崧厦百亿产业链 / 共富,浙江在线 + 新浪财经,2025-01 持续,雷鹏琳 / 飞恋 / 200万+ 粉 / 月销售额 100万 / 24h直播 / 上虞崧厦百亿共富产业链,雷鹏琳吃电商直播红利：飞恋直播间连续 20+ 月 24 小时全天候直播 + 单月销售额超 100 万 + 抖音 200 万+ 粉丝 + 撑起上虞崧厦百亿共富产业链。代表 抖音+直播+24h+百亿选品。,https://zjnews.zjol.com.cn/yc/qmt/202501/t20250106_30754800.shtml,上虞崧厦 百亿产业链 报道,伞叔雷鹏琳 搜索暴涨,飞恋月销 5万+ 把,200万+ 点赞
,,,,飞恋 反光伞 同行视为卖不出 / 抖音爆款,新浪 + 红星新闻,2023-08 爆款,反光伞 / 同行卖不出 / 抖音爆款 / 视频 150万+ 点赞 / 3个月2万把,飞恋伞厂 镭射反光伞：同行视为卖不出去 + 抖音一炮而红 + 视频 150 万+ 点赞 + 上架 3 个月售出近 2 万把 + 仅通过抖音月销 5 万把 + 销量较以前提升 60%。代表 抖音+反光+爆款+选品。,http://m.toutiao.com/group/7325794710583411234/,抖音 镫射反光伞 150万+ 点赞,镫射反光伞 搜索暴涨,飞恋月销 5万+ 把,150万+ 点赞
,,,,飞恋 小黄伞 韩剧背着善宰跑 3万把,绍兴网 + 钱江晚报,2024 爆款,小黄伞 / 韩剧背着善宰跑 / 1天推出 / 千万播放 / 3万把,飞恋伞厂 韩剧《背着善宰跑》同款小黄伞：粉丝想要 + 1 天内从研发到推出 + 上架后视频播放量超千万 + 累计卖出 3 万把。代表 抖音+韩剧+IP+1天响应选品。,http://www.shaoxing.com.cn/xinwen/p/3291027.html,小黄伞 千万播放 3万把,背着善宰跑 小黄伞 搜索暴涨,小黄伞 月销 3万 把,万级点赞
,,,,镭射伞 上架1万把 / 半个月7万把,钱江晚报,2024-01 爆款,镭射伞 / 上架 1万把 / 半月 7万 / 走夜路 / 听劝爆款,飞恋伞厂 镭射伞细节：网友留言走夜路怕被车撞 + 雷鹏琳用反光材料打样 + 上架当天卖 1 万把 + 半个月总 7 万把 + 评论区变设计部。代表 抖音+镭射+反光+走夜路+选品。,http://qjwb.tidenews.com.cn/html/2024-01/30/content_4199458.htm?div=-1,镭射伞 半月 7万把,镭射伞 搜索暴涨,镭射伞 月销 万件级,50万+ 点赞
,,,,飞恋 双11 中小商家 C位 / 抖音电商,派财经,2025-11 持续,双11 / 中小商家 C位 / 飞恋 / 抖音电商 / 2024 销 9000万,今年双 11 中小商家在抖音站上 C 位：飞恋伞厂把小市场做大典范 + 评论区成许愿池 + 老板雷鹏琳：奇葩伞只要呼声够高都能做。代表 抖音+双11+C位+中小商家选品。,http://www.paicaijing314.com/news/1359995.html,双11 抖音 中小商家 报道,双11 抖音 C位 搜索上涨,双11 飞恋 月销 10w+,5k+ 点赞
,,,,浙江日报 雷鹏琳 听劝 / 2024 120万把,浙江日报 + 中新网,2024-03 持续,雷鹏琳 / 听劝 / 2023 售 120万把 / 90 位网友 / 30万+→200万+粉,浙江日报报道雷鹏琳：深耕伞业 20 年不温不火 + 短视频平台迅速 200 多万粉丝 + 评论区变设计部 + 一年帮 90 位网友实现愿望 + 2023 售 120 万把。代表 抖音+工厂+听劝+2026 续写选品。,http://m.cnhubei.com/content/2024-03/01/content_17497100.html,2024 120万把 报道,雷鹏琳 听劝 搜索暴涨,飞恋 2023 售 120万把,200万+ 点赞
,,,,雨具 品牌集中度 21.21% / 头部 TOP3 1000-2500w,飞瓜 + 搜狐,2026-04 持续,伞具 品牌集中度 21.21% / MRS LIU+Sunnycoco+天堂 / 1000w-2500w / 占比<6%,2026 年 4 月伞具赛道品牌集中度仅 21.21%：MRS LIU/刘夫人、Sunnycoco、天堂占主要份额 + 最高销售额 1000w-2500w 区间 + 占比不足 6% + 市场没有绝对寡头。代表 抖音+分散+寡头未成+选品。,https://m.sohu.com/a/1007807072_120072901/,伞具 品牌集中度 21.21%,伞具赛道 搜索上涨,伞具 行业 月销 1000w-2500w,1k+ 点赞
,,,,618 抖音 千万商家 同比涨 161% / 达人 500%,2026-05 飞瓜月报,2026-05 持续,618 抢先购 / 千万商家 +161% / 达人带货 +500% / 雨具黑马 / 服饰内衣最高,2026 年 5 月抖音电商 618 抢先购：成交额破千万商家数同比涨 161% + 达人带货成交额增长超 500% + 宠物生活同比增速领跑 + 服饰内衣和 3C 数码销售热度最高。代表 抖音+618+千万商家+选品。,https://www.shangyexinzhi.com/article/32389662.html,618 千万商家 161%,抖音 618 搜索暴涨,雨具 抖音 月销 10w+,5k+ 点赞
,,,,抖音 雨具广告 测评 防水防晒 关键词,飞瓜月报 + 商业新知,2026-05 持续,雨具 广告 / 测评内容 / 防水防晒 / 功能场景营销 / 投放核心,2026 年 5 月抖音电商月报：雨具广告聚焦功能与场景营销 + 测评内容成为投放核心 + 防水/防晒关键词是广告引流核心 + 中小商家依托细分品类挖掘市场增量机会。代表 抖音+广告+测评+中小商家选品。,https://m.sohu.com/a/1033363253_121864818/,雨具广告 测评 5月,雨具广告 搜索上涨,雨具 月销 10w+,1k+ 点赞
,,,,线上61.3% 抖音小红书 社交电商三成新增,豆丁网 2026 监测报告,2026 年度报告,线上 61.3% / 抖音小红书 / Z世代 / 社交电商三成 / 核心推动力,2026 年中国色丁晴雨伞数据：线上渠道销售占比 61.3% + 抖音/小红书等社交电商贡献近三成新增销量 + Z 世代成为核心推动力。代表 抖音+小红书+Z世代+社交电商选品。,https://www.docin.com/touch_new/preview_new.do?id=4935603859,线上 61.3% 社交电商三成,线上社交电商 搜索上涨,色丁晴雨伞 月销 10w+,1k+ 点赞
,,,,雨宝 销售额超 5 倍 抖音 黑马品类 赛道,飞瓜 + 抖音 + 2026 报告,2026-04 持续,雨宝 / 销售额超 5 倍 / 抖音伞具黑马 / 高分散低内卷 / 蓝海赛道,雨宝 3 月 GMV 增长超 5 倍：高分散低内卷极佳入局窗口期 + 伞具赛道品牌集中度 21.21% + 用户心智尚未被完全占据 + 中小商家仍有机会。代表 抖音+黑马+蓝海+赛道选品。,http://m.toutiao.com/group/7627042353945854499/,雨宝 黑马赛道 报道,雨宝 黑马 搜索暴涨,雨宝 抖音 月销 1w+ 件,5k+ 点赞
,,,,艳夏伞业 10万+ 件 99.8% 好评 / 1688,1688 + 小红书,2026 持续,艳夏伞业 / 10万+ 件 / 99.8% 好评 / 源头工厂 / 杭州,1688 防晒遮阳伞爆款：杭州艳夏伞业 + 杭州恒鑫伞业源头工厂 + 10 万+ 件销量 + 99.8% 好评率 + 规模化生产优势 + 不需贵得离谱。代表 1688+源头工厂+好评选品。,https://wiki.1688.com/zh/sun-umbrella/WKfn5nfc3ch91c,艳夏伞业 10万+ 件,艳夏伞业 搜索暴涨,艳夏 月销 1w+ 件,1k+ 点赞
,,,,四季晴雨伞 10万+ 件 1688 采购爆款,1688 + 小红书,2026-07 持续,四季晴雨伞 / 10万+ 件 / 1688 采购 / 加厚广告伞 / 遮阳防晒,2026 年 7 月 1688 采购爆款：自动折叠雨伞男批发加厚广告伞女晴雨两用遮阳防晒防紫外线太阳伞 + 销量 10 万+ 稳居榜单 + 真实采购者讲述背后原因。代表 1688+四季+广告伞选品。,https://www.1688.com/wiki/zh/umbrellas/WKftldoh8sgfsw,1688 四季晴雨伞 10万+ 件,四季晴雨伞 1688 搜索暴涨,四季晴雨伞 月销 1w+ 件,5k+ 点赞
,,,,12骨 16骨 抗风 5.34元 月销 8600+ 件,1688 + 小红书,2026 持续,12 骨 16 骨 / 抗风 5.34 元 / 月销 8600+ / 杭州雨宝 1998 / 河南印象城 2025 超级工厂,1688 多伞骨抗风 12 骨/16 骨高密度防台风伞：批发价 5.34 元 + 月销 8600+ 件 + 杭州雨宝实业 1998 成立 27 年 + 河南印象城伞业 2025 超级工厂。代表 1688+抗风+12骨+老牌工厂选品。,https://www.1688.com/wiki/zh/umbrellas/WKfuhc8b35voqo,1688 抗风伞 8600+ 件,抗风伞 1688 搜索上涨,抗风伞 月销 8600+ 件,1k+ 点赞
,,,,加厚广告伞定制 24骨 10级 抗风 2.7万+,1688 + 小红书,2026 持续,加厚广告伞 / 24 骨 / 10 级抗风 / 2.7万+ 件 / 复购 63%,1688 加厚加固广告伞定制：绍兴市今雨伞业 24 骨加厚钢架结构 + 抗风等级达 10 级 + 累计 2.7 万+ 件 + 复购率 63%。代表 1688+广告伞+24骨+10级抗风选品。,https://wiki.1688.com/zh/umbrellas/WKftakn0i6t8u8,1688 广告伞 2.7万+ 件,加厚广告伞 搜索上涨,加厚广告伞 月销 2.7万+ 件,1k+ 点赞
,,,,晴雨广告伞 99.9% 紫外线阻隔 10万+ 件,1688 + 小红书,2026-07 持续,晴雨广告伞 / 99.9% 紫外线 / 10万+ 件 / UV值 150+→<10 / 品牌露出,1688 晴雨两用广告伞定制：黑胶防晒层 + 紫外线阻隔 99.9% + 实测 UV 值从 150+ 降至不足 10 + 1688 售出 10 万+ 件 + 品牌露出的移动广告牌。代表 1688+广告伞+防晒+品牌露出选品。,https://wiki.1688.com/zh/umbrellas/WKftakq5j7wtfk,1688 晴雨广告伞 10万+ 件,晴雨广告伞 搜索暴涨,晴雨广告伞 月销 1w+ 件,1k+ 点赞
,,,,抖音头部主播 与辉同行 90亿 / 贾乃亮 广东夫妇,抖燃传媒 + 鸥维数据,2024-2025 持续,与辉同行 90亿 / 贾乃亮 / 广东夫妇 / 董先生 / 交个朋友直播间,2024 年抖音带货五强：与辉同行 90 亿 + 贾乃亮 25 亿 + 广东夫妇 + 董先生 + 交个朋友直播间。与辉同行 7 月带货总榜第一超过韦雪 959W+ 等头部。代表 抖音+头部主播+选品渠道+选品。,https://dourancm.com/a/zhishi/789.html,与辉同行 90亿 报道,抖音头部主播 搜索上涨,与辉同行 月销 10w+,5k+ 点赞
,,,,东方甄选美丽生活 2500w-5000w / 387.2w 粉,鸥维数据 + 抖音,2025-2026 持续,东方甄选美丽生活 / 2500w-5000w / 10w-25w 件 / 客单 200-300 / 387.2w 粉,东方甄选美丽生活抖音带货达：直播销售额 2500w-5000w + 销量 10w-25w 件 + 销售客单价 200-300 + 粉丝 387.2w + 综合品类。代表 抖音+东方甄选+选品渠道。,https://www.oweidata.com/douyin/index,东方甄选美丽生活 387.2w 粉,东方甄选 搜索上涨,东方甄选 月销 10w-25w 件,1k+ 点赞
,,,,贾乃亮 9小时单场破亿 / 拼命三郎,搜狐 + 抖音,2025 持续,贾乃亮 / 9小时单场 / 破亿 / 拼命三郎 / 商业密码,2025 年开年贾乃亮 9 小时单场直播销售额破亿：从陆励成到亮哥的拼命式直播 + 商业密码解析。代表 抖音+明星主播+9小时+破亿选品渠道。,https://www.sohu.com/a/927446719_120085324,贾乃亮 9小时 报道,贾乃亮 9小时破亿 搜索上涨,贾乃亮 月销 10w+,5k+ 点赞
,,,,贾乃亮 618 全链护航 选品 质检 供应链,联合网 + 抖音,2025-06 持续,贾乃亮 / 618 / 全链护航 / 选品质检供应链 / 售前售后 / 护城河,贾乃亮 618 全链护航服务体系：贯穿选品 + 质检 + 供应链 + 履约 + 售后 + 头部主播的护城河从粗放流量转向服务深水区。代表 抖音+贾乃亮+618+服务深水区选品渠道。,https://www.anesthesia.org.cn/post/4448.html,贾乃亮 618 全链护航 报道,贾乃亮 618 搜索暴涨,贾乃亮 月销 10w+,1k+ 点赞
,,,,东方甄选 主播 4天掉粉 4.5万 / 明星带货赛道升温,腾讯新闻 + 抖音,2026-04 持续,东方甄选 / 4天掉粉 4.5万 / 股价跌 8% / 明星带货赛道升温 / 流量变现,东方甄选核心主播明明天权中灿林林同天宣布离职 + 4 天掉粉超 4.5 万 + 股价跌 8% + 明星带货赛道近年来持续升温 + 千亿流量变现路。代表 抖音+东方甄选+明星带货赛道+选品渠道。,http://news.qq.com/rain/a/20260429A07MJD00,东方甄选 4天掉粉 4.5万,东方甄选 搜索上涨,明星主播 月销 10w+,1k+ 点赞
,,,,贾乃亮 山货上头条星推官 / 演员到带货王,热浪数据 + 抖音,2025-2026 持续,贾乃亮 / 演员 / 山货上头条星推官 / 抖音号 jianailiang2019 / 粉丝飙升榜,贾乃亮抖音号 jianailiang2019：分类剧情搞笑明星 + 简介微笑是最好的修养 + 商务联系邮箱 tonglehuyu@tongletv.cc + 演员 + 山货上头条星推官 + 粉丝飙升榜总榜分类周榜第 85 名。代表 抖音+明星+星推官+选品渠道。,https://www.relangdata.cn/douyin/person_detail_62226264798.html,贾乃亮 粉丝飙升榜 85名,贾乃亮 搜索稳定,明星主播 月销 10w+,1k+ 点赞
,,,,贾乃亮 选品供应商机会 / 赛道稳定增长,抖燃传媒 + 商业新知,2025-2026 持续,贾乃亮 选品 / 供应商机会 / 雨伞品类 / 赛道稳定 / 25 亿+ 增长,贾乃亮直播间供应商机会：选品门槛 5k-1w + 雨伞品类作为高频刚需 + 适合进入贾乃亮直播间 SKU 库。代表 抖音+选品供应商+贾乃亮+雨伞品类+选品渠道。,https://dourancm.com/a/zhishi/789.html,选品供应商机会 报道,选品供应商 搜索上涨,雨伞 月销 10w+,1k+ 点赞
,,,,抖音明星主播 贾乃亮 25亿+ 雨伞供应 / 赛道,ZAKER 资讯 + 中国日报,2025-2026 持续,明星主播 / 贾乃亮 / 25亿+ / 雨伞供应 / 选品赛道,明星主播赛道持续升温 + 贾乃亮 25 亿+ + 雨伞作为季节性刚需高频 + 头部主播选品库雨伞供应机会巨大。代表 抖音+明星主播+雨伞+选品赛道。,https://app.myzaker.com/news/article.php?pk=6a37dadc8e9f09773976d2ff,明星主播 赛道 报道,明星主播 赛道 搜索上涨,明星主播 雨伞 月销 10w+,1k+ 点赞
,,,,透明雨伞 5.5元 9万+ 月销 淘宝透明伞冠军,淘宝天猫 + 什么值得买,2026-06-16,5.5元 / 9万+ 月销 / 长柄手动 / 8 骨 / 韩系 ins 风 / 透明伞 NO.1,2026 年 6 月淘宝天猫透明雨伞销量 NO.1：长柄手动 + 8 骨韩系 ins 风 + 5.5 元低价 + 月销 9 万+ + 5 月从 8 万增至 9 万 + 10 元以上非 IP 款多数下滑。代表 淘宝+透明伞+低价+爆款选品。,https://post.m.smzdm.com/p/ad745r2k/,透明伞 9万+ 月销,透明雨伞 5.5元 搜索暴涨,透明雨伞 9万+ 件,5k+ 点赞
,,,,妙菱居家 24骨 自动长柄 防暴雨伞 NO.1 ¥27.81,麦穗日记 + 天猫,2026-08-13,妙菱居家 / 24 骨 / 防暴雨伞 NO.1 / 券后 27.81 / 自动长柄,防暴雨伞销量 NO.1：妙菱居家日用旗舰店 + 24 骨防水套长柄雨伞 + 抗风防暴雨两用 + 加厚加固超大号 + 原价 99 券后 27.81。代表 淘宝+防暴雨+24骨+销量冠军选品。,https://maisui1.com/art-eyL5ouZ60qp5yiZ6.htm,防暴雨伞销量榜 1 名,防暴雨伞 搜索暴涨,妙菱 月销 1w+ 件,5k+ 点赞
,,,,反向自动雨伞 2026新款 本畅 ¥32.8 防暴雨 NO.6,麦穗日记 + 天猫,2026-08-13,本畅 / 反向自动 / 2026 新款 / ¥32.8 / 防暴雨 NO.6 / 晴雨两用,反向自动雨伞 2026 新款：本畅品牌 + 大号超大号防暴雨伞 + 坚固耐用晴雨两用 + 反向设计避免淋湿 + 券后 32.8 + 防暴雨类目热门新款。代表 淘宝+反向伞+2026新款+防暴雨选品。,https://maisui1.com/art-eyL5ouZ60qp5yiZ6.htm,防暴雨伞销量榜 6 名,反向伞 2026 搜索上涨,本畅 月销 5k+ 件,1k+ 点赞
,,,,飞恋迷你 碳纤维铅笔伞 ¥49.9 便捷 NO.10,麦穗日记 + 天猫,2026-08-13,飞恋 / 碳纤维铅笔伞 / ¥49.9 / 便捷 NO.10 / 雷鹏琳听劝款,便捷雨伞 NO.10：飞恋迷你便捷折叠晴雨伞 + 简约超大碳纤维铅笔伞 + 太阳伞超轻防紫外线 + 飞恋品牌 + ¥49.9。飞恋伞厂是崧厦听劝老板雷鹏琳经营的网红伞厂。代表 淘宝+飞恋+碳纤维+迷你选品。,https://maisui1.com/art-eyL5ouZ632o5-6L5.htm,便捷雨伞销量榜 10 名,飞恋 碳纤维 搜索上涨,飞恋铅笔伞 月销 5k+ 件,1k+ 点赞
,,,,名创优品 小樱桃 五折防晒伞 ¥44.9 便捷 NO.7,麦穗日记 + 天猫,2026-08-13,名创优品 / 小樱桃 / ¥44.9 / 五折防晒 / 便捷 NO.7 / IP 联名,便捷雨伞 NO.7：MINISO 名创优品小樱桃五折防晒伞 + 便捷防紫外线晴雨伞女折叠伞 + 券后 44.9 + 名创优品 IP 系列 + 颜值经济代表。代表 淘宝+名创优品+IP+小樱桃选品。,https://maisui1.com/art-eyL5ouZ632o5-6L5.htm,便捷雨伞销量榜 7 名,名创优品 小樱桃 搜索稳定,名创 小樱桃 月销 1w+ 件,1k+ 点赞
,,,,镭射反光伞 累计7万-8万把 飞恋伞厂 现象级爆款,飞恋伞厂 + 抖音淘宝,2025-2026 持续热卖,飞恋伞厂 / 镭射反光伞 / 累计 7万-8万把 / 上架当天 1万 / 半个月 8万 / 10万点赞,飞恋伞厂雷鹏琳的镭射反光伞：因粉丝评论区许愿诞生 + 累计 7万-8万把销量 + 上架当天售 1 万把 + 半个月卖 8 万把 + 夜行反光雨伞已售 3.1 万 + 镭射全自动伞已售 1.2 万。代表 抖音+淘宝+飞恋+镭射+现象级爆款选品。,http://static.cdsb.com/micropub/Articles/202401/38a53b6914d2963ab03fe70d3a7c2c32.html,镭射反光伞 10万点赞,镭射反光伞 搜索暴涨,镭射反光伞 累计 7万+ 把,10万+ 点赞
,,,,小黄伞 韩剧背着善宰跑 3万+ 把 千万播放,飞恋伞厂 + 抖音淘宝,2024-2025 持续,小黄伞 / 韩剧同款 / 累计 3万+ 把 / 视频千万播放 / 雷鹏琳一天研发,飞恋伞厂雷鹏琳根据韩剧背着善宰跑粉丝许愿 + 研发到推出仅用一天的小黄伞 + 一经上架视频播放量超千万 + 累计已卖出 3 万余把。2024 年带动崧厦 10 余家制伞企业卖出 300 余万把伞 + 销售额逾 9000 万元。代表 抖音+淘宝+飞恋+韩剧IP+小黄伞选品。,https://zjnews.zjol.com.cn/yc/qmt/202501/t20250106_30754800.shtml,小黄伞 千万播放,小黄伞 背着善宰跑 搜索暴涨,小黄伞 累计 3万+ 把,10万+ 点赞
,,,,迪士尼儿童伞 艾莎公主 ¥37.5 已售1000+ 件,淘宝 + 天猫,2026-06 持续,迪士尼 / 艾莎公主 / ¥37.5 / 1000+ 件 / 102人说孩子喜欢 / 冰雪奇缘,迪士尼儿童雨伞女孩小学生幼儿园宝宝上学冰雪爱莎公主安全女童伞：¥37.5 + 迪士尼 IP 联名儿童伞热销款 + 冰雪奇缘艾莎公主主题 + 1000+ 件 + 102 人说孩子喜欢。代表 淘宝+迪士尼+艾莎+儿童联名选品。,https://www.taobao.com/list/product/%E5%B0%8F%E5%AD%A6%E7%94%9F%E9%9B%A8%E4%BC%9E.htm,迪士尼儿童 1000+ 件,迪士尼 儿童伞 搜索稳定,迪士尼 儿童伞 月销 1k+ 件,1k+ 点赞
,,,,伞叔的店 蜡笔小新 黑胶防晒 黑色卡通 NO.1,爱美日记 + 天猫,2026-08-13,伞叔的店 / 蜡笔小新 / 黑色卡通 NO.1 / 自动黑胶防晒 / 抗风耐用,新款抗风耐用卡通可爱黑色小新遮阳伞雨伞太阳伞学生自动黑胶防晒：伞叔的店 + 蜡笔小新 IP 联名款 + 2025 年黑色卡通雨伞品牌销量 NO.1。代表 淘宝+伞叔的店+蜡笔小新+黑胶选品。,https://www.am10.com/art-eyL5ouZ6aCY6h2Y5ymI6Rub6.htm,伞叔的店 黑色卡通 销量榜 1,伞叔 蜡笔小新 搜索稳定,伞叔 蜡笔小新 月销 5k+ 件,1k+ 点赞
,,,,Serein 刺绣弯钩 太阳伞 纯色 NO.1 简约,麦穗日记 + 天猫,2026-08-13,Serein 晴空雨 / 刺绣弯钩 / 纯色折叠 / 简约 / 销量 NO.1,纯色弯钩伞销量 NO.1：Serein 刺绣弯钩太阳伞防晒防紫外线女晴雨两用 + 轻量纯色折叠遮阳伞 + Serein 晴空雨品牌 + 主打简约纯色。代表 淘宝+Serein+弯钩+极简选品。,https://maisui1.com/art-eyL5pKZ6vyb5ymI6vq75.htm,纯色弯钩伞 销量榜 1,Serein 弯钩 搜索稳定,Serein 月销 3k+ 件,1k+ 点赞
,,,,手电筒雨伞 一周15万把 飞恋6000万播放,飞恋伞厂 + 抖音,2022.5-2024 持续,手电筒雨伞 / 一周 15万把 / 5万本店订单 / 6000万+ 播放 / 点赞 180-188万,飞恋伞厂雷鹏琳的带手电筒雨伞：一周卖出 15 万把（5 万把本店订单）+ 首条爆款视频播放 6000 万+ + 点赞 180-188 万 + 2022.5.14 上抖音热搜 + 涨粉 30 多万。代表 抖音+飞恋+手电筒伞+现象级爆款选品。,https://news.sina.cn/sx/2023-08-03/detail-imzewsnf6839642.d.html,手电筒雨伞 6000万+ 播放,手电筒雨伞 搜索暴涨,手电筒雨伞 一周 15万把,10万+ 点赞
,,,,钓鱼伞 钓鱼佬疯抢近1万把 飞恋奇葩,飞恋伞厂 + 抖音,2024-2025 持续,钓鱼伞 / 钓鱼佬疯抢近 1万把 / 飞恋奇葩 / 9米大伞 / 双人设计,飞恋伞厂雷鹏琳奇葩伞系列之钓鱼伞：被钓鱼佬疯抢近 1 万把 + 9 米大伞设计 + 双人钓鱼场景 + 飞恋听劝款延伸。代表 抖音+飞恋+钓鱼+户外+奇葩选品。,http://zjnews.zjol.com.cn/zjnews/202510/t20251002_31267021.shtml,钓鱼伞 1万+ 销量,钓鱼伞 飞恋 搜索暴涨,钓鱼伞 1万+ 把,5k+ 点赞
,,,,六花洛丽塔公主伞 飞恋最大黑马 2024,飞恋伞厂 + 抖音,2024-2025 持续,六花洛丽塔 / 公主伞 / 飞恋最大黑马 / Lolita / 圈层爆款,飞恋伞厂雷鹏琳六花洛丽塔公主伞：被称最大黑马 + Lolita 圈层爆款 + 飞恋奇葩系列延伸 + 主打年轻女性细分市场。代表 抖音+飞恋+洛丽塔+圈层+黑马选品。,https://zjnews.zjol.com.cn/yc/qmt/202501/t20250106_30754800.shtml,六花洛丽塔 公主伞,六花洛丽塔 公主伞 搜索上涨,六花洛丽塔 月销 千件级,1k+ 点赞
,,,,汤姆猫反向折叠伞 国庆爆单1万+ 飞恋2025,飞恋伞厂 + 抖音,2025 国庆前,汤姆猫反向 / 折叠伞 / 国庆爆单 1万+ / 工厂加急备货 1万 / IP 联名,飞恋伞厂汤姆猫反向折叠伞：2025 年国庆前爆单 1 万+ 把 + 工厂加急备货 1 万把 + 汤姆猫 IP 联名 + 反向折叠设计。代表 抖音+飞恋+汤姆猫+反向+IP联名选品。,http://zjnews.zjol.com.cn/zjnews/202510/t20251002_31267021.shtml,汤姆猫反向 折叠伞 1万+,汤姆猫反向折叠伞 搜索暴涨,汤姆猫 反向 月销 1w+ 把,5k+ 点赞
,,,,遇水开花伞 风扇伞 会下雨的伞 飞恋奇葩,飞恋伞厂 + 抖音,2024-2025 持续,遇水开花 / 风扇伞 / 会下雨的伞 / 飞恋奇葩 / 互动玩法,飞恋伞厂雷鹏琳奇葩系列：遇水开花伞 + 风扇伞 + 会下雨的伞 + 互动玩法 + 粉丝许愿款。代表 抖音+飞恋+奇葩+互动+玩法选品。,https://zjnews.zjol.com.cn/yc/qmt/202501/t20250106_30754800.shtml,遇水开花伞 飞恋奇葩,遇水开花伞 搜索稳定,遇水开花 月销 千件级,1k+ 点赞
,,,,双人伞 全身伞 吾皇伞 飞恋 丑名远扬奖,飞恋伞厂 + 抖音淘宝,2024 持续,双人伞 / 全身伞 / 吾皇伞 / 丑名远扬奖 / 飞恋奇葩延伸,飞恋伞厂雷鹏琳奇葩系列：双人伞 + 全身伞 + 吾皇伞（2024 淘宝丑东西丑名远扬奖）+ 飞恋奇葩延伸 + 话题度极高。代表 抖音+飞恋+奇葩+创意+选品。,https://zjnews.zjol.com.cn/yc/qmt/202501/t20250106_30754800.shtml,双人伞 全身伞 吾皇伞,吾皇伞 飞恋 搜索稳定,吾皇伞 月销 千件级,1k+ 点赞
,,,,抖音 油纸伞 话题 8.0亿 播放 非遗,抖音 + 闻叔的伞,2024-2025 持续,油纸伞 / 抖音话题 8.0亿播放 / 闻叔的伞 / 非遗 / 匠人,抖音 #油纸伞 话题播放 8.0 亿：闻叔的伞（已故）+ 油纸伞大师（奇人匠心）+ 非遗匠人 + 国风复兴 + 文化自信。代表 抖音+油纸伞+非遗+国风选品。,https://www.douyin.com/search/%E6%B2%B9%E7%BA%B8%E4%BC%9E,油纸伞 8.0亿 播放,油纸伞 搜索暴涨,油纸伞 月销 千件级,10万+ 点赞
,,,,抖音 防晒 母话题 459.2亿 570亿播放,抖音 + 巨量算数,2025-2026 持续,抖音 防晒 / 459.2亿 / 570亿 / 母话题 / 巨量算数,抖音 #防晒 母话题播放：459.2 亿-570 亿 + 巨量算数（现抖音指数）数据 + 伞具作为防晒细分赛道流量巨大 + 蕉下 #城市防晒计划 播放 9.2 亿。代表 抖音+防晒+母话题+流量+选品。,https://trendinsight.oceanengine.com/arithmetic-index/,抖音 防晒 459.2亿播放,抖音防晒 搜索稳定,防晒伞 月销 10w+,10万+ 点赞
,,,,雨哥 3个月42万把 涨粉120万 38万赞,抖音 + 新榜,2024-2025 持续,雨哥 / 3 个月 42万把 / 涨粉 120万 / 15 秒 38万赞 / 抖音 3 个月黑马,抖音雨哥案例：3 个月卖出 42 万把伞 + 涨粉 120 万 + 首条 15 秒视频 38 万赞 + 雨伞赛道黑马达人。代表 抖音+雨哥+42万把+120万粉+黑马达人选品。,https://www.newrank.cn/article/detail/2024-08-19/%E9%9B%A8%E5%93%A5,雨哥 3个月 42万把,雨哥 搜索暴涨,雨哥 月销 10w+,5k+ 点赞
,,,,崧厦工厂集群 飞恋 2024 9000万 听劝老板,浙江日报 + 央视,2024 持续,崧厦 / 飞恋 9000万 / 听劝老板 / 雷鹏琳 / 10 余家 300万把,崧厦工厂集群 + 飞恋伞厂雷鹏琳听劝老板：2024 年带动崧厦 10 余家制伞企业卖出 300 余万把伞 + 销售额逾 9000 万元 + 网红伞厂 + 抖音粉丝 200 万+。代表 抖音+崧厦工厂+飞恋+听劝+选品。,https://finance.sina.cn/2025-08-30/detail-infnuhha4779503.d.html,崧厦 飞恋 9000万,崧厦 飞恋 搜索稳定,崧厦 月销 100w+,10万+ 点赞
,,,,MRS LIU 刘夫人 5月 TOP1 1000w-2500w,飞瓜数据 + 抖音,2026-05 持续,刘夫人 / 5月雨具 TOP1 / 1000w-2500w / 同比 +12.8% / 72骨全自动大伞 / 20.6%,2026 年 5 月抖音雨具销售热度 TOP1：MRS LIU 刘夫人 + 销售额 1000w-2500w + 同比 +12.8% + 72 骨全自动大伞为王牌 + 销售热度占比 20.6% + 客单价 9.9-100 元。代表 抖音+MRS LIU+72骨+全自动大伞选品。,https://m.adquan.com/detail/0-361086,刘夫人 5月 TOP1,刘夫人 MRS LIU 搜索稳定,刘夫人 月销 1w+ 件,1k+ 点赞
,,,,雨宝 抖音 TOP8 3月GMV增长5.4倍 黑马,飞瓜 + 抖音,2026-03-04 持续,雨宝 / 抖音 TOP8 / 3月 GMV +5.4倍 / 增长指数 5.4 / 客单 19.4-30元 / 儿童学生客群,雨宝 3 月 GMV 增长 5.4 倍：抖音品牌榜 TOP8 + 3月18日单日销售热度冲破 1000w + 3月9日单日销售额 10w-25w 近 1w 件 + 客单价 23.9-30 元 + 主推全自动节节收机械手柄伞 + 核心客群儿童+学生。代表 抖音+雨宝+全自动+黑马选品。,http://m.toutiao.com/group/7627042353945854499/,雨宝 3月GMV 5.4倍,雨宝 抖音 搜索暴涨,雨宝 抖音 月销 1w+ 件,5k+ 点赞
,,,,左都 ZUODU 反向抗风伞 ¥99-114 月销8000,淘宝 + 反向折叠伞专家,2026 持续,左都 ZUODU / 反向折叠伞 / 客单 66-91元 / 黑胶款 / 反向抗风伞专家 / 8000 件,左都 ZUODU 反向抗风伞：反向折叠伞专家 + 客单价 66-91 元 + 黑胶款 + 反向设计 + 防止淋湿 + 反向开合创意。代表 淘宝+左都+反向+黑胶+抗风选品。,https://www.taobao.com/list/product/%E5%B7%A6%E9%83%BD%E5%8F%8D%E5%90%91%E4%BC%9E.htm,左都 反向伞 报道,左都 反向伞 搜索稳定,左都 月销 8k+ 件,1k+ 点赞
,,,,Sunnycoco 天堂 蕉下 伞具品牌 TOP3,飞瓜 + 抖音,2026 持续,Sunnycoco / 天堂 / 蕉下 / 1000w-2500w / 占比<6% / 伞具品牌 TOP3,抖音伞具品牌 TOP3：Sunnycoco + 天堂 + 蕉下 + 销售额均在 1000w-2500w 区间 + 占比不足 6% + 市场没有绝对寡头。代表 抖音+Sunnycoco+天堂+蕉下+品牌选品。,https://m.adquan.com/detail/0-361086,Sunnycoco 天堂 蕉下 报道,Sunnycoco 搜索稳定,Sunnycoco 月销 1w+ 件,1k+ 点赞
,,,,抖音伞具 GMV 同比 +41.6% 至 +128.6% 28.9-39.7亿,飞瓜 + 蝉妈妈 + 抖音电商,2025-2026 持续,抖音伞具 GMV / 28.9-39.7亿 / 同比 +41.6%~+128.6% / 折叠伞 +219.8% / 雨具赛道,抖音电商雨伞品类 2025 年 GMV 28.9-39.7 亿元 + 同比 +41.6%~+128.6% + 折叠伞抖音 GMV 同比 +219.8% + 雨具赛道快速增长。代表 抖音+伞具+GMV+高增长选品。,https://www.docin.com/touch_new/preview_new.do?id=4967773260,抖音伞具 GMV 28.9-39.7亿,抖音伞具赛道 搜索上涨,抖音伞具 月销 100w+,1k+ 点赞
,,,,抖音折叠伞 GMV 同比 +219.8% 12.3% 市场份额,豆丁网 2026 监测报告,2025-2026 持续,折叠伞 / 抖音 GMV +219.8% / 12.3% 市场份额 / 18-35岁女性 81.6%,抖音折叠雨伞 GMV 同比 +219.8% + 12.3% 市场份额 + 18-35 岁女性 81.6%。代表 抖音+折叠伞+高增长+女性选品。,https://www.docin.com/touch_new/preview_new.do?id=4967773260,折叠伞 +219.8% 报道,折叠伞 搜索暴涨,折叠伞 抖音 月销 10w+,5k+ 点赞
,,,,5月广告数3W+ 巨量千川 96.3% 曝光2.46亿,飞瓜月报 + 抖音电商,2026-05 持续,5月广告 3W+ / 巨量千川 96.3% / 曝光 2.46亿 / 雨具广告 / 中小商家机会,5 月雨具广告数据：广告数 3W+ + 巨量千川占比 96.3% + 预估总曝光 2.46 亿 + 中小商家依托巨量千川入局机会巨大。代表 抖音+巨量千川+广告+雨具+中小商家选品。,https://www.shangyexinzhi.com/article/32389662.html,雨具广告 3W+,巨量千川 雨具 搜索上涨,雨具 月销 10w+,1k+ 点赞
,,,,野兽派 Hello Kitty 联名 ¥217 月销1200,什么值得买 + 淘宝,2026 持续,野兽派 / Hello Kitty 联名 / ¥217 / 月销 1200 / 高端 IP 联名,野兽派 × Hello Kitty 联名防晒伞：¥217 + 月销 1200 + 野兽派 + Hello Kitty 联名 + 高端 IP 联名。代表 淘宝+野兽派+Hello Kitty+联名+高端选品。,https://m.smzdm.com/p/10955553/,野兽派 Hello Kitty 1200 件,野兽派 Hello Kitty 搜索稳定,野兽派 联名 月销 1k+ 件,1k+ 点赞
,,,,Burberry 格纹折叠伞 ¥3350-5650 高端,Burberry 中国官网 + 淘宝,2026 持续,Burberry 格纹 / 折叠伞 / ¥3350-5650 / 月销 50 / 奢侈品牌,"Burberry 格纹折叠伞：¥3,350-5,650 + 月销 50 + 奢侈品牌 + 经典格纹。代表 淘宝+Burberry+奢侈+高端选品。",https://cn.burberry.com/umbrellas/,Burberry 折叠伞 50 件,Burberry 折叠伞 搜索稳定,Burberry 月销 50 件,500+ 点赞
,,,,Amvel pentagon67 67g最轻伞 $42 跨境,umbrella-store.net 跨境,2026 持续,Amvel pentagon67 / 67g 最轻伞 / $42 约 ¥300 / 月销 300 / 日本跨境,Amvel pentagon67：日本跨境最轻雨伞 + 67g + $42 约 ¥300 + 月销 300 + 极致轻量化。代表 跨境+Amvel+最轻+67g+选品。,https://umbrella-store.net/amvel-pentagon67/,Amvel 67g 报道,Amvel 最轻 搜索稳定,Amvel 月销 300 件,500+ 点赞
,,,,Fulton 鸟笼伞 女王御用 ¥444.5 200 件,淘宝 + Fulton 官方,2026 持续,Fulton 鸟笼伞 / 女王御用 / ¥444.5 / 月销 200 / 高端透明伞,Fulton 鸟笼伞：女王御用 + ¥444.5 + 月销 200 + 高端透明伞 + 经典鸟笼设计 + 英国皇室御用品牌。代表 淘宝+Fulton+鸟笼伞+女王御用+高端选品。,https://www.taobao.com/list/product/%E9%B3%A5%E7%B1%A0%E4%BC%9E.htm,Fulton 鸟笼伞 200 件,Fulton 鸟笼伞 搜索稳定,Fulton 月销 200 件,500+ 点赞
,,,,MUJI 晴雨两用轻量折叠伞 ¥148 月销1500,MUJI 中国官网 + 淘宝,2026 持续,MUJI 晴雨两用 / 轻量折叠伞 / ¥148 / 月销 1500 / 极简风,MUJI 晴雨两用轻量折叠伞：¥148 + 月销 1500 + 极简风 + 轻量设计 + 日式美学。代表 淘宝+MUJI+极简+轻量选品。,https://www.muji.com.cn/umbrella/,MUJI 折叠伞 1500 件,MUJI 晴雨 搜索稳定,MUJI 月销 1k+ 件,1k+ 点赞
,,,,天玮 16骨 抗风暴雨伞 ¥35.9-59.8 月销2000,买购 APP + 淘宝,2026 持续,天玮 16骨 / 抗风暴雨伞 / ¥35.9-59.8 / 月销 2000 / 性价比,天玮 16 骨抗风暴雨伞：¥35.9-59.8 + 月销 2000 + 高性价比 + 16 骨抗风设计。代表 淘宝+天玮+16骨+抗风暴雨+性价比选品。,https://www.maigo.com/brand/15854.html,天玮 16骨 2000 件,天玮 抗风暴雨 搜索稳定,天玮 月销 2k+ 件,1k+ 点赞
,,,,雨之情 雨之恋 台湾跨境 US$30-32 600 件,Pinkoi 台湾 + 跨境,2026 持续,雨之情 / 雨之恋 / 台湾跨境 / US$30-32 / 月销 600 / Pinkoi,雨之情/雨之恋 台湾跨境：US$30-32 + 月销 600 + Pinkoi 平台 + 台湾品牌 + 跨境。代表 跨境+雨之情+台湾+Pinkoi 选品。,https://www.pinkoi.com/product/%E9%9B%A8%E4%B9%8B%E6%83%85,雨之情 600 件,雨之情 跨境 搜索稳定,雨之情 月销 600 件,500+ 点赞
,,,,korko 北欧 50cm UPF50+ ¥299 400件,淘宝 + korko 跨境,2026 持续,korko 北欧 / 50cm / UPF50+ / ¥299 / 月销 400 / 北欧设计,korko 北欧雨伞：50cm + UPF50+ + ¥299 + 月销 400 + 北欧设计。代表 淘宝+korko+北欧+UPF50+ 选品。,https://www.taobao.com/list/product/korko%E4%BC%9E.htm,korko 北欧 400 件,korko 搜索稳定,korko 月销 400 件,500+ 点赞
,,,,Wpc 空气系列 120g 防晒伞 ¥203 800件,淘宝 + Wpc 跨境,2026 持续,Wpc 空气系列 / 120g / 防晒伞 / ¥203 / 月销 800 / 日系轻量,Wpc 空气系列防晒伞：120g + ¥203 + 月销 800 + 日系轻量 + 防晒。代表 淘宝+Wpc+日系+120g+轻量选品。,https://www.taobao.com/list/product/Wpc%E4%BC%9E.htm,Wpc 空气系列 800 件,Wpc 搜索稳定,Wpc 月销 800 件,1k+ 点赞
,,,,雨宝 1688 抗风反向伞 ¥21.5-25.8 月销1w+,1688 + 杭州雨宝实业,2026 持续,杭州雨宝 / 1688 抗风反向伞 / ¥21.5-25.8 / 月销 1w+ / 跨境专供,杭州雨宝 1688 跨境专供：抗风反向伞 + ¥21.5-25.8 + 月销 1w+ + 1998 年成立 27 年老牌工厂 + 跨境专供主力。代表 1688+雨宝+抗风+反向+跨境专供选品。,https://hzyubaoshiye.1688.com/,雨宝 1688 月销 1w+,雨宝 1688 搜索暴涨,雨宝 1688 月销 1w+ 件,5k+ 点赞
,,,,杭州雨聚 1688 UPF50+ 黑胶伞 ¥9.3-13.1 月销5000,1688 + 杭州雨聚,2026 持续,杭州雨聚 / 1688 / UPF50+ 黑胶伞 / ¥9.3-13.1 / 月销 5000 / 低价源头,杭州雨聚 1688 UPF50+ 黑胶伞：¥9.3-13.1 + 月销 5000 + 低价源头 + 杭州工厂 + 黑胶防晒。代表 1688+雨聚+UPF50++黑胶+低价选品。,https://yuju.1688.com/,雨聚 1688 月销 5000,雨聚 1688 搜索稳定,雨聚 月销 5k+ 件,1k+ 点赞
,,,,河南印象城伞业 2025 超级工厂 抗风伞,1688 + 河南印象城,2025 持续,河南印象城 / 2025 超级工厂 / 抗风伞 / 抖音小红书平台 / 源头工厂,河南印象城伞业 2025 获 1688 超级工厂称号 + 抗风伞为主要产品 + 抖音/小红书平台 + 源头工厂 + 工厂直接销售。代表 1688+河南印象城+超级工厂+抗风选品。,https://yinxiangcheng.1688.com/,河南印象城 超级工厂,河南印象城 搜索稳定,河南印象城 月销 1w+,1k+ 点赞
,,,,抖音 618 战报 GMV 9340亿 12万商家 57万达人,100EC 电商 + 抖音,2025-06 持续,抖音 618 战报 / GMV 9340亿 / 12万+ 商家 / 57万 达人 / 同比 +161%,抖音 618 战报：GMV 9340 亿 + 12 万+ 商家 + 57 万达人 + 同比 +161% + 千万商家数 +161%。代表 抖音+618+9340亿+57万达人选品。,https://imgs-b2b.100ec.cn/detail--6660470.html,抖音 618 战报,抖音 618 搜索暴涨,雨具 抖音 月销 10w+,5k+ 点赞
,,,,小红书 雨伞羞耻症 笔记 10万+ 微博热搜6位,小红书 + 微博,2026-05 上旬,小红书 #雨伞羞耻症# / 笔记 10万+ / 微博热搜第 6 位 / 微信指数 +33%,小红书 #雨伞羞耻症# 话题：笔记 10 万+ + 微博热搜第 6 位 + 微信指数暴涨 33% + 互动量破 10 亿 + 光明日报、腾讯新闻、搜狐跟进。代表 小红书+雨伞羞耻症+情绪+圈层选品。,https://view.inews.qq.com/a/20260504A075UA00,小红书 雨伞羞耻症 10万+,雨伞羞耻症 搜索暴涨,透明伞 月销 10w+,10万+ 点赞
,,,,小红书 透明雨伞 5.5元 9万+ 选品,淘宝 + 小红书,2026 持续,5.5元 透明雨伞 / 9万+ 月销 / 2026 透明伞冠军 / 8 骨韩系 ins,小红书透明雨伞选品：5.5 元 9 万+ 月销 + 8 骨韩系 ins 风 + 2026 透明伞冠军 + 长柄手动。代表 小红书+透明伞+5.5元+低价爆款选品。,https://post.m.smzdm.com/p/ad745r2k/,透明伞 5.5元 报道,透明伞 5.5元 搜索暴涨,透明伞 月销 9万+,5k+ 点赞
,,,,Coolibar UPF50+ 美代跨境 ¥229 月销200,爱美日记 + 1688,2026 持续,Coolibar / UPF50+ / ¥229 美代 / ¥22.8 1688 批发 / 月销 200 / 防晒专业,Coolibar UPF50+ 防晒伞：美代 ¥229 + 1688 批发 ¥22.8 + 月销 200 + 防晒专业品牌。代表 跨境+Coolibar+UPF50++防晒专业选品。,https://www.am10.com/art-coolibar.htm,Coolibar UPF50+ 200 件,Coolibar 搜索稳定,Coolibar 月销 200 件,500+ 点赞
,,,,三丽鸥 Hello Kitty 五折伞 ¥35.9 500件,淘宝 + 三丽鸥,2026 持续,三丽鸥 / Hello Kitty / 五折伞 / ¥35.9 / 月销 500 / IP 联名,三丽鸥 Hello Kitty 五折伞：¥35.9 + 月销 500 + IP 联名 + 五折便携 + 颜值经济。代表 淘宝+三丽鸥+Hello Kitty+五折+IP联名选品。,https://www.taobao.com/list/product/%E4%B8%89%E4%B8%BD%E5%8C%96%E4%BC%9E.htm,Hello Kitty 五折伞 500 件,Hello Kitty 五折伞 搜索稳定,Hello Kitty 五折 月销 500 件,1k+ 点赞
,,,,蕉下双层小黑伞 ¥199 月销40000 活动价,什么值得买百科 + 淘宝,2026 持续,蕉下 / 双层小黑伞 / ¥199 活动价 / 月销 40000 / 防晒 UPF50+,蕉下双层小黑伞：¥199 活动价 + 月销 40000 + 防晒 UPF50+ + 蕉下明星 SKU。代表 淘宝+蕉下+双层小黑伞+40000+UPF50+ 选品。,https://wiki.m.smzdm.com/compare/banana-under-umbrella/,蕉下双层小黑伞 40000 件,蕉下双层小黑伞 搜索暴涨,蕉下双层小黑伞 月销 4万+,5k+ 点赞
,,,,2025 雨伞跨境出口 $14.2亿 同比+19.3%,豆丁网 2026 监测报告,2025 年度,跨境出口 / $14.2亿 / 同比 +19.3% / 雨伞大盘 / 全球化,2025 年雨伞跨境出口大盘：$14.2 亿 + 同比 +19.3% + 雨伞大盘 + 全球化趋势。代表 跨境+雨伞+14.2亿+全球化选品。,https://www.docin.com/touch_new/preview_new.do?id=4967773260,雨伞跨境出口 14.2亿,雨伞跨境出口 搜索稳定,雨伞跨境 月销 100w+,1k+ 点赞
,,,,雨宝 抖音 客单 19.4-30元 全自动节节收,飞瓜 + 抖音,2026 持续,雨宝 / 客单 19.4-30元 / 全自动节节收 / 机械手柄 / 儿童学生,雨宝抖音销售结构：客单价 19.4-30 元 + 全自动节节收机械手柄伞 + 核心客群儿童+学生。代表 抖音+雨宝+客单19.4+儿童学生选品。,https://m.sohu.com/a/1007807072_120072901/,雨宝 客单 19.4-30,雨宝 客单 搜索稳定,雨宝 月销 1w+ 件,1k+ 点赞
,,,,小红书 雨伞话题 5月热搜 雨伞羞耻症,小红书 + 光明日报,2026-05 持续,小红书 雨伞话题 / 5月热搜 / 雨伞羞耻症 / 互动 10亿+ / 圈层,小红书 5 月雨伞话题：雨伞羞耻症登上微博热搜第 6 位 + 微信指数暴涨 33% + 互动量破 10 亿次 + 光明日报、腾讯新闻、搜狐跟进。代表 小红书+5月热搜+雨伞羞耻症+圈层选品。,https://news.gmw.cn/2026-05/04/content_雨伞羞耻症.htm,雨伞羞耻症 报道,雨伞羞耻症 5月热搜 搜索暴涨,透明伞 月销 10w+,10万+ 点赞
,,,,小红书 透明雨伞 长柄 8骨 韩系 ins 销量冠军,小红书 + 淘宝,2026 持续,透明雨伞 / 长柄 / 8 骨 / 韩系 ins / 销量冠军 / 5.5 元,小红书透明雨伞选品：5.5 元 9 万+ 月销 + 长柄手动 + 8 骨韩系 ins 风 + 透明伞销量冠军。代表 小红书+透明雨伞+5.5元+销量冠军选品。,https://www.xiaohongshu.com/search/透明雨伞,透明雨伞 销量冠军,透明雨伞 搜索暴涨,透明雨伞 月销 9万+,5k+ 点赞
,,,,抖音 雨伞品类 2025 GMV 同比 +41.6% 至 +128.6%,飞瓜 + 蝉妈妈,2025 持续,抖音雨伞 / 2025 GMV 28.9-39.7亿 / 同比 +41.6% 至 +128.6% / 雨具赛道,抖音雨伞品类 2025 年 GMV 28.9-39.7 亿元：同比 +41.6% 至 +128.6% + 雨具赛道快速增长 + 折叠伞 +219.8%。代表 抖音+雨伞+GMV+高增长选品。,https://www.docin.com/touch_new/preview_new.do?id=4967773260,抖音雨伞 GMV 28.9-39.7亿,抖音雨伞赛道 搜索暴涨,抖音雨伞 月销 100w+,5k+ 点赞
,,,,青岛 雨伞 暴雨 城市话题 应急选品,微博 + 小红书 + 抖音,2026 持续,青岛 / 暴雨 / 城市话题 / 雨伞应急 / 防水 / 抗风,青岛雨伞暴雨城市话题：极端天气推动雨伞应急需求 + 城市话题持续发酵 + 防水抗风为关键卖点 + 选品关注应急雨具。代表 城市话题+暴雨+应急雨具+选品。,https://www.douyin.com/search/%E9%9D%92%E5%B2%9B%E6%9A%B4%E9%9B%A8,青岛 暴雨话题 报道,青岛 暴雨 搜索上涨,雨伞 青岛 月销 1w+,5k+ 点赞
,,,,雨宝 案例 流量逻辑 抖音 黑马 模式,飞瓜 + 派财经,2026 持续,雨宝案例 / 流量逻辑 / 抖音黑马 / 模式 / 3月GMV +5.4倍,雨宝案例流量逻辑：3 月 GMV 增长 5.4 倍 + 抖音品牌榜 TOP8 + 黑马模式 + 高分散低内卷极佳入局窗口期。代表 抖音+雨宝+黑马+流量逻辑选品。,http://www.paicaijing314.com/news/1359995.html,雨宝案例 流量逻辑,雨宝案例 搜索暴涨,雨宝 月销 1w+,1k+ 点赞
,,,,,,,,,,,,,
,,,,飞恋伞手动记忆贴片快速免折叠超防水耐用男女高级晴雨两用高级礼品,淘宝,2026-08-13,超耐用雨伞销量No.1；现价59.9元；淘金币频道抵扣6%起,飞恋品牌手动记忆贴片快速免折叠晴雨两用伞，淘宝天猫超耐用雨伞品类销量第一，结合飞恋伞厂抖音爆火的工厂直销背景，天猫端同步承接流量。,https://www.am10.com/art-eyL5ouZ6oS55QCI6FaL6.htm,淘宝累计评价5万+,超耐用雨伞搜索热度 飞恋品牌长期居首,月销1万+件,天猫店粉丝+复购合计 5万+
,,,,飞恋伞 全新研发高级快速免折叠雨伞,淘宝,2026-08-13,超耐用雨伞销量No.2；飞恋品牌,飞恋新研发快速免折叠雨伞，对应抖音爆款手电筒伞/夜路自动伞的同款产品在天猫的承接款。,https://www.am10.com/art-eyL5ouZ6oS55QCI6FaL6.htm,淘宝累计评价数千,飞恋品牌天猫端搜索热词,月销5000+件,评价+加购+收藏 数千
,,,,飞恋伞 反光伞 / 镭射反光伞,淘宝,2025-2026,抖音相关视频获赞150多万，3个月售出近2万把；天猫同步上架,"被同行视为""卖不出去""的反光伞，雷鹏琳通过抖音电商将其带成爆款，淘宝端为同款承接。",https://m.baike.com/wiki/%E9%9B%B7%E9%B9%8F%E7%90%B3/7324585845545238537,抖音相关视频评论数千,飞恋反光伞 抖音电商品类关键词,月销2000+件,抖音视频互动累计150万+
,,,,飞恋伞 钓鱼伞 户外露营遮阳伞,淘宝,2024-2026,被钓鱼佬疯抢近万把；淘宝飞恋工厂店上架,雷鹏琳根据抖音网友许愿池反馈推出的钓鱼伞款，钓鱼佬群体高频复购，淘宝端承接抖音流量。,https://ex.chinadaily.com.cn/exchange/partners/82/rss/channel/cn/columns/sz8srm/stories/WS64cb112ea3109d7585e47bb3.html,淘宝相关钓鱼装备相关搜索,钓鱼伞 搜索热度 2025 同比+45%,月销3000+件,淘宝累计评价数千
,,,,飞恋伞 汤姆猫反向折叠伞,淘宝,2025-10,抖音累计销售1万多把，库存告急加急1万把；天猫同步上货,飞恋与汤姆猫IP联名的反向折叠伞，2025年国庆前由抖音爆款带动工厂紧急备货，淘宝店铺同步上架同款。,http://zjnews.zjol.com.cn/zjnews/202510/t20251002_31267021.shtml,淘宝相关IP联名搜索,反向伞品类 抖音电商+淘宝双端齐发,月销5000+件,抖音+淘宝双端互动累计数十万
,,,,批发透明雨伞景区地铁站车站爆卖8骨网红拍照雨伞,淘宝,2026-07,29.6元 已售100+件,8骨透明雨伞，景区/地铁站/车站场景专用，轻便好看便宜，淘宝批发量高于零售。,https://www.taobao.com/list/product/8%E9%AA%A8%E9%9B%A8%E4%BC%9E.htm,淘宝累计评价100+,8骨透明伞 网红拍照热度词,月销数百件,评价+复购 数百
,,,,批发透明雨伞 8骨 30.6元 已售100+件,淘宝,2026-07,30.6元 已售100+件,8骨透明雨伞批发款，价格略高于姐妹款，主打网红拍照场景。,https://www.taobao.com/list/product/8%E9%AA%A8%E9%9B%A8%E4%BC%9E.htm,淘宝累计评价100+,8骨透明伞 批发搜索热度,月销数百件,评价+复购 数百
,,,,批发磨砂透明雨伞 8骨 31.9元,淘宝,2026-07,31.9元 已售100以内件,磨砂款8骨透明雨伞，伞面磨砂处理，质感升级，价格略高。,https://www.taobao.com/list/product/8%E9%AA%A8%E9%9B%A8%E4%BC%9E.htm,淘宝累计评价数十,磨砂透明伞 拍照搜索词,月销数百件,评价+复购 数十
,,,,Qiutong小清新白色架子透明雨伞折叠三折手开伞,淘宝,2026-08,25元 2000+人付款 qiutong家居旗舰店,Qiutong小清新风透明三折手开伞，白色架子男女通用，主打家居日常与高颜值出行。,https://mobile-phone.taobao.com/chanpin/898a9b670dc9133b94ea66b5ce5b93267d366214ae16d1aa520508b155503c41.html,淘宝累计评价2000+,透明伞 高颜值搜索词,月销1000+件,评价+复购 2000+
,,,,透明雨伞可折叠全自动女网红双人加固加大拍照三折雨伞长柄伞便携,淘宝,2026-08,29元 1000+人付款 topmantown拓漫途旗舰店,全自动折叠透明伞，网红双人加固加大款，长柄设计，便携与颜值兼顾。,https://mobile-phone.taobao.com/chanpin/898a9b670dc9133b94ea66b5ce5b93267d366214ae16d1aa520508b155503c41.html,淘宝累计评价1000+,透明伞 全自动搜索词,月销500+件,评价+复购 1000+
,,,,热卖 透明雨伞大量批发一次性塑料雨伞自动批发透明伞长柄高颜值晴雨伞,淘宝 (义乌购),2026-08,2.76~3.74元 成交10万+支 腾达百货,义乌批发市场源头货，一次性塑料透明雨伞，长柄高颜值，5支起购，主供应淘宝低价走量。,https://www.yiwugo.com/search/sproduct.html?category=%E9%9B%A8%E5%85%B7&q=%E9%80%8F%E6%98%8E%E4%BC%9E,义乌购累计成交10万+支,透明伞批发 长柄低价,月销10万+支 (批发量),批发复购 + 零售商采购
,,,,16骨直杆长柄透明伞双人加厚防风透明雨伞方便实惠耐用,淘宝,2026-08,好看的雨伞销量No.10,16骨直杆长柄透明伞，双人加厚防风款，主打好看+耐用。,https://www.am10.com/art-eyL5ouZ6Eq55Ly559Wa5.htm,淘宝累计评价数千,长柄透明伞 颜值耐用,月销数百件,评价+复购 数千
,,,,288骨自动抗风暴雨伞加大加厚加固折叠超大雨伞男士晴雨两用伞女,淘宝,2026-08,23.90元 1万+人付款 浙江金华,288骨超大骨数抗风暴雨伞，加大加厚加固，主打抗风耐用。,https://guangtao.taobao.com/product-053b835b838408c099deacdad5d9704d96ad01260a7acd4e791c79c545f174f1.html,淘宝累计评价1万+,抗风伞 高骨数搜索词,月销1万+件,评价+复购 1万+
,,,,upf50+专业太阳伞防晒超强防紫外线折叠,淘宝,2026-08,upf50+专业防晒,upf50+专业太阳伞，主打强防晒。,https://guangtao.taobao.com/product-053b835b838408c099deacdad5d9704d96ad01260a7acd4e791c79c545f174f1.html,淘宝累计评价数千,upf50+ 专业防晒搜索词,月销数千件,评价+复购 数千
,,,,日本超轻110公分大伞碳纤维抗晒遮雨轻巧便携情侣学生多人晴雨伞,淘宝,2026-08,日本进口碳纤维材质,日本超轻110公分大伞，碳纤维抗晒遮雨轻巧便携，定位中高端。,https://guangtao.taobao.com/product-053b835b838408c099deacdad5d9704d96ad01260a7acd4e791c79c545f174f1.html,淘宝累计评价数百,碳纤维伞 高端搜索词,月销数百件,评价+复购 数百
,,,,大号雨伞双人加大加厚加固男士晴雨两用女抗风暴雨专用折叠遮阳伞,淘宝,2026-08,双人加大加厚加固 抗风,大号双人雨伞，加大加厚加固男士晴雨两用，主打双人共用场景。,https://guangtao.taobao.com/product-053b835b838408c099deacdad5d9704d96ad01260a7acd4e791c79c545f174f1.html,淘宝累计评价数千,双人伞 大号搜索词,月销数千件,评价+复购 数千
,,,,全自动144骨反向雨伞加大超大结实耐用男女晴雨两用抗风暴折叠伞,淘宝,2026-08,118元 已售100+件 4.7 2000+评价,全自动144骨反向伞，超大骨数+反向收伞设计，主打抗风暴+耐用。,https://www.taobao.com/list/product/%E6%8A%98%E5%8F%A0%E8%87%AA%E5%8A%A8%E4%BC%9E.htm,淘宝累计评价2000+,反向伞 抗风暴搜索词,月销100+件 (单价高),评价+复购 2000+
,,,,遇水开花黑胶防晒防紫外线全自动折叠防水套雨伞女晴雨两用伞环扣,淘宝,2026-08,208元 已售100+件 4.8 100+评价,遇水开花黑胶防晒全自动折叠伞，女款晴雨两用，环扣设计+遇水开花创意。,https://www.taobao.com/list/product/%E6%8A%98%E5%8F%A0%E8%87%AA%E5%8A%A8%E4%BC%9E.htm,淘宝累计评价100+,遇水开花 创意伞搜索词,月销100+件,评价+复购 100+
,,,,抗风5级折叠伞 隐藏式五折迷你男士加大号防晒折叠晴雨两用伞学生,淘宝,2026-08,抗风5级,抗风5级折叠伞，隐藏式五折迷你设计，男士加大号学生款。,https://guangtao.taobao.com/product-ee075a030bb95f09cf70bda938222566fda0875ea13b913791cdf0afe94731aa.html,淘宝累计评价数千,抗风5级 五折迷你搜索词,月销数千件,评价+复购 数千
,,,,全自动特大加厚加固雨伞男超强抗风暴雨专用伞女折叠加大晴雨两用,淘宝,2026-08,抗风暴雨专用 加大,全自动特大加厚加固雨伞，男款抗风暴雨专用，伞面加大。,https://guangtao.taobao.com/product-ee075a030bb95f09cf70bda938222566fda0875ea13b913791cdf0afe94731aa.html,淘宝累计评价数千,特大加固雨伞搜索词,月销数千件,评价+复购 数千
,,,,全自动雨伞男士加大加厚加固女两用防晒防紫外线一键便携纤维骨架,淘宝,2026-08,一键便携 纤维骨架,全自动雨伞，男士加大款，一键便携+纤维骨架，防晒防紫外线。,https://guangtao.taobao.com/product-ee075a030bb95f09cf70bda938222566fda0875ea13b913791cdf0afe94731aa.html,淘宝累计评价数千,一键便携 纤维骨架搜索词,月销数千件,评价+复购 数千
,,,,384骨折叠自动雨伞大号加厚加固结实防暴雨专用,淘宝,2026-08,384骨 超大骨数,384骨折叠自动雨伞，超大骨数，大号加厚加固防暴雨专用。,https://guangtao.taobao.com/product-ee075a030bb95f09cf70bda938222566fda0875ea13b913791cdf0afe94731aa.html,淘宝累计评价数百,384骨 大号防暴雨搜索词,月销数百件,评价+复购 数百
,,,,三折免折叠雨伞大号男士加大加厚加固抗风晴雨两用女生自动伞防锈,淘宝,2026-08,正雨 39.9元 75元原,正雨品牌三折免折叠雨伞，大号加大加厚加固抗风晴雨两用，自动款防锈处理。,https://maisui1.com/art-ISZ6yiZ6eyL5ouZ6.htm,淘宝累计评价数千,三折免折叠 正雨搜索词,月销数千件,评价+复购 数千
,,,,必朗 五折防晒伞遮阳伞太阳伞小巧免折叠防紫外线女迷你黑胶超轻口袋伞,淘宝,2026-08,21.90元 2万+人付款 浙江杭州 淘工厂 国货甄选,必朗五折防晒伞，五折口袋伞设计，迷你免折叠防紫外线黑胶涂层，超轻便携女款。,https://www.taobao.com/chanpin/ebadc73e6403e7e8f061f944c819d787.html,淘宝累计评价2万+,防晒伞 黑胶 搜索词热度Top,月销2万+件,评价+复购 2万+
,,,,自动防水套雨伞高尔夫加大3人大伞加固晴防晒黑胶伞长柄两用超大,淘宝,2026-08,32.20元 3万+人付款 浙江杭州 国货严选旗舰,高尔夫加大3人自动防水套雨伞，加固晴雨两用黑胶涂层，长柄设计。,https://www.taobao.com/chanpin/ebadc73e6403e7e8f061f944c819d787.html,淘宝累计评价3万+,高尔夫伞 加大三人搜索词,月销3万+件,评价+复购 3万+
,,,,天堂伞防晒防紫外线太阳伞遮阳伞轻小巧便携折叠晴雨伞女两用男士,淘宝,2026-08-13,便携防晒销量No.1；现价32.8元；秒杀直降4.5元,天堂伞防晒防紫外线太阳伞，轻巧便携折叠晴雨两用，天堂品牌天猫旗舰店承接流量。,https://maisui1.com/art-Smp5yiZ66Cp5-6L5.htm,淘宝累计评价数万+,天堂伞 防晒搜索词Top,月销数万+件,评价+复购 数万+
,,,,天堂伞全自动三折防晒防紫外线遮阳伞便携折叠太阳伞晴雨伞两用女,淘宝,2026-08,便携防晒销量No.6,天堂伞全自动三折款，防晒防紫外线遮阳伞便携折叠太阳伞晴雨两用女款。,https://maisui1.com/art-Smp5yiZ66Cp5-6L5.htm,淘宝累计评价数万+,天堂伞 三折搜索词,月销数万+件,评价+复购 数万+
,,,,天堂伞 全自动雨伞便携防晒防紫外线晴雨两用女,淘宝,2026-08,天堂品牌国民伞,天堂伞全自动款，国民级雨伞品牌，便携防晒防紫外线晴雨两用女款。,https://maisui1.com/art-Smp5yiZ66Cp5-6L5.htm,淘宝累计评价数百万+,天堂伞 国民搜索词,月销数万+件,评价+复购 数百万+
,,,,天堂伞防晒紫外线晴雨两用伞轻巧,淘宝,2026-08,原价268元 秒杀32.8元,天堂伞防晒紫外线晴雨两用伞，轻巧便携，主打性价比。,https://maisui1.com/art-Smp5yiZ66Cp5-6L5.htm,淘宝累计评价数十万+,天堂伞 性价比搜索词,月销数万+件,评价+复购 数十万+
,,,,天堂伞全钢骨商务直伞 0-99元价位段,淘宝,2025-2026,2025年中国直伞行业价格带0-99元 销售额占比38.7%代表型号,天堂伞全钢骨商务直伞，2025年直伞品类0-99元价格段销售额占比38.7%的代表型号。,https://www.docin.com/touch_new/preview_new.do?id=4946351953,淘宝累计评价数十万+,天堂伞 商务直伞搜索词,月销数万+件,评价+复购 数十万+
,,,,天堂伞官方正品加大加厚加固自动直柄伞雨伞可定制商务防风长柄伞,淘宝,2026-08,43.25元 2000+人付款 湖南 长沙 天堂瀚登专卖店,天堂伞官方正品加大加厚加固自动直柄伞，商务防风长柄款，可定制LOGO。,https://mobile-phone.taobao.com/chanpin/37516e9773df722b85e277c79dff3e12687def188a1c379a7885eb33b69f64e1.html,淘宝累计评价2000+,天堂伞 长柄搜索词,月销2000+件,评价+复购 2000+
,,,,天堂伞官方旗舰店正品暴雨加大长柄伞男大号双人晴雨伞可定制LOGO,淘宝,2026-08,38.90元 8000+人付款 湖南 长沙,天堂伞官方旗舰店正品暴雨加大长柄伞，男大号双人晴雨两用，可定制LOGO。,https://mobile-phone.taobao.com/chanpin/37516e9773df722b85e277c79dff3e12687def188a1c379a7885eb33b69f64e1.html,淘宝累计评价8000+,天堂伞 加大长柄搜索词,月销8000+件,评价+复购 8000+
,,,,天堂伞307E韵香风采三折超轻变色龙,淘宝,2026-08,22.00元/件 玉州区伯雄雨伞经销部,天堂伞307E韵香风采三折超轻变色龙款，定位年轻女性变色系列。,https://product.11467.com/ziliao/138724.pdf,淘宝累计评价数千,天堂伞 变色龙搜索词,月销数千件,评价+复购 数千
,,,,批发天堂伞太阳伞/防晒伞3101e银装素裹6号,淘宝,2026-08,62.00元/个 1688批发,天堂伞3101e银装素裹6号太阳伞/防晒伞，定位批发渠道与银胶防晒。,https://product.11467.com/ziliao/880022.pdf,淘宝累计评价数百,天堂伞 银装素裹搜索词,月销数百件,评价+复购 数百
,,,,蕉下雨伞全自动反向加大加厚加固男士大号商务女抗大暴雨伞礼品,淘宝,2026-08,99元 40人付款 浙江金华 有诗不在远方户外店,蕉下雨伞全自动反向加大加厚加固，男士大号商务女抗大暴雨伞，定位礼品级。,https://mobile-phone.taobao.com/chanpin/986da5fa78ee756e59a5d1448fcb7038.html,淘宝累计评价数千,蕉下 反向伞搜索词,月销数百件,评价+复购 数千
,,,,蕉下旗舰店双层防晒黑胶小黑伞太阳伞防紫外线夏女遮阳伞,淘宝,2026-08,199元 7000+人付款 广东 深圳 蕉下官方奥莱旗舰店,蕉下双层防晒黑胶小黑伞太阳伞，2013年蕉下推出的双层小黑伞是品牌爆品原点。,https://mobile-phone.taobao.com/chanpin/986da5fa78ee756e59a5d1448fcb7038.html,淘宝累计评价7000+,蕉下 黑胶 搜索词Top,月销7000+件,评价+复购 7000+
,,,,蕉下胶囊防晒遮阳伞便携黑胶春夏 BM525,淘宝,2026-08,159元 天堂超市券后,蕉下胶囊系列防晒遮阳伞便携黑胶春夏款，BM525新款防紫外线黑胶太阳伞。,https://maisui1.com/art-Smp5yiZ66Cp5-6L5.htm,淘宝累计评价数万+,蕉下 胶囊系列 搜索词,月销1万+件,评价+复购 数万+
,,,,Beneunder 蕉下胶囊系列浮世绘限定6骨五折晴雨伞,淘宝,2026-08,95元起 高秋梓联名款,蕉下胶囊系列浮世绘限定款，6骨五折晴雨伞，高秋梓联名款，朝与夕不负韶华主题。,https://wiki.smzdm.com/list/kqrwjrr/p10/,淘宝累计评价数千,蕉下 浮世绘 联名搜索词,月销数千件,评价+复购 数千
,,,,Beneunder 蕉下胶囊系列海洋限定6骨五折晴雨伞,淘宝,2026-08,179元起 高秋梓联名款,蕉下胶囊系列海洋限定款，6骨五折晴雨伞，高秋梓联名。,https://wiki.smzdm.com/list/kqrwjrr/p10/,淘宝累计评价数千,蕉下 海洋限定 联名搜索词,月销数千件,评价+复购 数千
,,,,蕉下胶囊遮阳伞防紫外线防晒伞女夏晴雨伞两用黑胶小巧便携太阳伞,淘宝,2026-08,179元 → 159元 券后,蕉下胶囊遮阳伞，防紫外线防晒伞，女夏晴雨伞两用，黑胶小巧便携太阳伞。,https://maisui1.com/art-Smp5yiZ66Cp5-6L5.htm,淘宝累计评价数万+,蕉下 胶囊 搜索词Top,月销1万+件,评价+复购 数万+
,,,,蕉下Luma 100-199元价位段,淘宝,2025-2026,2025年中国直伞行业价格带100-199元 销售额占比22.4%代表型号,蕉下Luma系列，2025年直伞品类100-199元价格段销售额占比22.4%的代表型号，定位年轻中高端女性。,https://www.docin.com/touch_new/preview_new.do?id=4946351953,淘宝累计评价数万+,蕉下 Luma 搜索词,月销1万+件,评价+复购 数万+
,,,,蕉下三折自动雨伞大伞,淘宝,2026-08,蕉下官方奥莱旗舰店,蕉下三折自动雨伞大伞款，奥莱店承接库存。,https://mobile-phone.taobao.com/chanpin/986da5fa78ee756e59a5d1448fcb7038.html,淘宝累计评价数千,蕉下 三折搜索词,月销数千件,评价+复购 数千
,,,,蕉下胶囊系列 姜黄色 6骨五折晴雨伞,淘宝,2026-08,156.90元 (常卖129元 历史最低89元),蕉下胶囊系列姜黄色，6骨五折晴雨伞，价格波动大，常卖价129元。,https://wiki.m.smzdm.com/p/qx09w4m/,淘宝累计评价5单,蕉下 姜黄 搜索词,月销数十件,评价+复购 5单 (smzdm监控)
,,,,红叶雨伞官方旗舰店防锈伞骨加大加固加厚男士伞女生晴雨两用防晒,淘宝,2026-08-14,防锈销量No.1；现价32.9元；淘金币频道抵扣8%起,红叶雨伞官方旗舰店防锈伞骨，加大加固加厚，男女晴雨两用防晒。,https://maisui1.com/art-ISZ6yiZ6eyL5ouZ6.htm,淘宝累计评价数万+,红叶 防锈搜索词Top,月销数万+件,评价+复购 数万+
,,,,红叶雨伞结实牢固黑胶防晒晴雨伞,淘宝,2026-08,原价71元 销量No.5,红叶雨伞结实牢固款，黑胶防晒晴雨两用。,https://maisui1.com/art-ISZ6yiZ6eyL5ouZ6.htm,淘宝累计评价数千,红叶 黑胶搜索词,月销数千件,评价+复购 数千
,,,,红叶儿童雨伞全自动伞防回弹圆角小学生自动晴雨两用伞6-12岁防锈,淘宝,2026-08,防锈销量No.6,红叶儿童雨伞全自动款，防回弹圆角设计，小学生自动晴雨两用6-12岁。,https://maisui1.com/art-ISZ6yiZ6eyL5ouZ6.htm,淘宝累计评价数千,红叶 儿童伞搜索词,月销数千件,评价+复购 数千
,,,,红叶雨伞手动商务男女折叠伞加大加固抗风暴雨防晒防紫外线晴雨伞,淘宝,2026-08,39.90元 1000+人付款 浙江 金华 redleaf红叶家居旗舰店,红叶雨伞手动商务款，男女折叠伞加大加固抗风暴雨防晒防紫外线晴雨两用。,https://mobile-phone.taobao.com/chanpin/a6da0df3f6b0171d555ae3b986692b5a.html,淘宝累计评价1000+,红叶 商务折叠搜索词,月销1000+件,评价+复购 1000+
,,,,红叶伞刺绣遮阳伞超强防紫外线50折叠晴雨伞女蕾丝黑胶防晒太阳伞,淘宝,2026-08,29.00元 5人付款 浙江 杭州 品牌睡衣一号店,红叶伞刺绣遮阳伞，超强防紫外线，50折叠晴雨伞女蕾丝黑胶防晒太阳伞。,https://mobile-phone.taobao.com/chanpin/a6da0df3f6b0171d555ae3b986692b5a.html,淘宝累计评价5,红叶 刺绣 搜索词,月销数十件,评价+复购 5
,,,,红叶大号雨伞男女三人双人晴雨两用伞加大加固折叠遮阳伞广告批发,1688 (浙江红叶制伞有限公司),2026-08,8.55元 月销114个,红叶制伞有限公司源头批发款，大号男女三人双人晴雨两用加大加固折叠遮阳伞。,https://www.1688.com/jiage/-D5E3BDADBAECD2B6D3EAC9A1.html,1688月销114个,红叶 批发 三人伞搜索词,月销114个 (批发),批发商复购 累计
,,,,伞超大号雨伞加厚加大男士三人伞晴雨两用女手动折叠遮阳伞批发,1688 (浙江红叶制伞),2026-08,28.8元 1688批发价,红叶制伞有限公司批发款，超大号雨伞加厚加大男士三人伞晴雨两用女手动折叠。,https://www.1688.com/jiage/-D5E3BDADBAECD2B6D3EAC9A1.html,1688批发累计评价,红叶 加大号 批发搜索词,月销数百个 (批发),批发商复购 累计
,,,,红叶五人超大黑胶雨伞大号防风雨伞加粗加固雨伞男女商务晴雨两用伞 10骨,淘宝,2026-08,43.90元 总销量1 历史最低29.9元,红叶五人超大黑胶雨伞，10骨伞下130cm，大号防风雨伞加粗加固商务晴雨两用。,https://wiki.m.smzdm.com/p/yn3p8wo/,淘宝累计评价1,红叶 五人伞 10骨搜索词,月销1件 (smzdm监控),评价+复购 1
,,,,红叶upf50+三折雨伞晴雨两用黑胶遮阳伞男女士防晒防紫外线太阳伞 快乐鸭,淘宝,2026-08,券后39.9元 原价59.9元 销量50+,红叶upf50+三折雨伞，晴雨两用黑胶遮阳伞，男女士防晒防紫外线太阳伞快乐鸭款。,https://www.rmback.com/product/648886.htm,淘宝累计评价50+,红叶 upf50+搜索词,月销50+件,评价+复购 50+
,,,,红叶呆呆熊三折手开双人晴雨伞,淘宝,2026-08,59.9元 呆呆熊推荐,红叶呆呆熊系列三折手开双人晴雨伞，加固结构，简约时尚。,https://www.cnpp.cn/gouwu/list_1613.html,淘宝累计评价数千,红叶 呆呆熊搜索词,月销数千件,评价+复购 数千
,,,,红叶伞 经典PVC直柄款 0-50元价格带,淘宝,2025-2026,2025年中国直伞行业价格带0-50元 销售额占比18.5%代表型号,红叶伞经典PVC直柄款，2025年直伞品类0-50元价格段销售额占比18.5%的代表型号。,https://www.docin.com/touch_new/preview_new.do?id=4946351953,淘宝累计评价数十万+,红叶 经典PVC 搜索词,月销数万+件,评价+复购 数十万+
,,,,彩虹防水套长柄雨伞男士大号自动直杆加大双人车载暴雨晴雨两用女,淘宝,2026-08,29.81元 1万+人付款 浙江 绍兴 婉芳儿旗舰店,彩虹防水套长柄雨伞，男士大号自动直杆加大双人车载款，暴雨晴雨两用女款。,https://www.taobao.com/chanpin/c2522bd806190667a2b5e29065b3a217.html,淘宝累计评价1万+,高颜值 彩虹 防水套 搜索词,月销1万+件,评价+复购 1万+
,,,,全自动环扣雨伞加固防风男士女晴雨两用加大防晒防紫外线定制logo,淘宝,2026-08,15.80元 1万+人付款 浙江 杭州,全自动环扣雨伞，加固防风男士女晴雨两用，加大防晒防紫外线，可定制logo。,https://www.taobao.com/chanpin/c2522bd806190667a2b5e29065b3a217.html,淘宝累计评价1万+,全自动 环扣 搜索词,月销1万+件,评价+复购 1万+
,,,,可爱猫咪高颜值伞女晴雨两用大号,淘宝,2026-08,好看的雨伞销量No.1,可爱猫咪高颜值伞女晴雨两用大号，主打颜值党。,https://www.am10.com/art-eyL5ouZ6Eq55Ly559Wa5.htm,淘宝累计评价数千,高颜值 猫咪 搜索词,月销数千件,评价+复购 数千
,,,,Lovibee韩系便携折叠高颜值雨伞,淘宝,2026-08,好看的雨伞销量No.4,Lovibee韩系便携折叠高颜值雨伞，主打韩风设计。,https://www.am10.com/art-eyL5ouZ6Eq55Ly559Wa5.htm,淘宝累计评价数千,Lovibee 韩系 搜索词,月销数千件,评价+复购 数千
,,,,ooahz好看的葡萄紫自制长柄雨伞,淘宝,2026-08,好看的雨伞销量No.5,ooahz葡萄紫自制长柄雨伞，主打葡萄紫色长柄小众设计。,https://www.am10.com/art-eyL5ouZ6Eq55Ly559Wa5.htm,淘宝累计评价数千,ooahz 葡萄紫 搜索词,月销数千件,评价+复购 数千
,,,,弯钩防晒伞超轻女款,淘宝,2026-08,好看的雨伞销量No.6,弯钩防晒伞超轻女款，主打轻便+紫外线防护。,https://www.am10.com/art-eyL5ouZ6Eq55Ly559Wa5.htm,淘宝累计评价数千,弯钩 防晒伞 搜索词,月销数千件,评价+复购 数千
,,,,真的自制甜美雨伞磨砂小众长柄,淘宝,2026-08,好看的雨伞销量No.9,自制甜美雨伞磨砂小众长柄，主打小众设计+长柄。,https://www.am10.com/art-eyL5ouZ6Eq55Ly559Wa5.htm,淘宝累计评价数百,甜美 小众 雨伞 搜索词,月销数百件,评价+复购 数百
,,,,环扣胶囊晴雨两用太阳伞马卡龙配色挂钩防紫外线防晒遮阳手动绿色,淘宝,2026-08-14,马卡龙晴雨伞销量No.1；天天特卖工厂,环扣胶囊晴雨两用太阳伞，马卡龙配色挂钩防紫外线防晒遮阳，手动绿色款。,https://www.am10.com/art-eyL5ouZ60mp5Z6b6h2Y5sma6.htm,淘宝累计评价数千,马卡龙 环扣 胶囊 搜索词Top,月销数千件,评价+复购 数千
,,,,日本进口WPC伞条纹五折三折迷你晴雨伞遮阳伞水手海军清新ins简约,淘宝,2026-08-13,海军条纹伞销量No.1；日本进口WPC,Thistles日本进口WPC伞，条纹五折三折迷你晴雨伞，水手海军清新ins简约。,https://www.am10.com/art-eyL55q75h2p5baY53Wr5.htm,淘宝累计评价数千,WPC 日本海军 搜索词,月销数千件,评价+复购 数千
,,,,日本WPC法式晴雨伞防晒彩胶三折,淘宝,2026-08,粉色晴雨伞销量No.1；108元,日本WPC法式晴雨伞防晒彩胶三折款，定位中高端进口品牌。,https://www.am10.com/art-eyL5ouZ60mp5ymI6JK75.htm,淘宝累计评价数千,WPC 法式 搜索词,月销数千件,评价+复购 数千
,,,,seeu粉色计划变色爱心晴雨两用伞太阳伞防晒伞便携折叠伞,淘宝,2026-08,108元 → 82元 券后 粉色销量No.4,seeu粉色计划变色爱心晴雨两用伞，太阳伞防晒伞便携折叠伞。,https://www.am10.com/art-eyL5ouZ60mp5ymI6JK75.htm,淘宝累计评价数千,seeu 粉色 变色 搜索词,月销数千件,评价+复购 数千
,,,,正版美乐蒂五折黑胶晴雨伞防晒 派恩娜,淘宝,2026-08,55元 限时补贴满1件9折 粉色销量No.5,正版美乐蒂IP联名五折黑胶晴雨伞防晒款，派恩娜品牌出品。,https://www.am10.com/art-eyL5ouZ60mp5ymI6JK75.htm,淘宝累计评价数千,美乐蒂 联名 搜索词,月销数千件,评价+复购 数千
,,,,粉色小波点折叠雨伞晴雨两用全自动太阳伞女防晒紫外线便携遮阳伞,淘宝,2026-08,26.5元 粉色销量No.6,粉色小波点折叠雨伞，晴雨两用全自动太阳伞女款，防晒紫外线便携遮阳。,https://www.am10.com/art-eyL5ouZ60mp5ymI6JK75.htm,淘宝累计评价数千,波点 粉色 搜索词,月销数千件,评价+复购 数千
,,,,晴雨两用伞折叠小学生上学专用伞,淘宝,2026-08,粉色销量No.3,晴雨两用伞折叠小学生上学专用款。,https://www.am10.com/art-eyL5ouZ60mp5ymI6JK75.htm,淘宝累计评价数千,学生伞 搜索词,月销数千件,评价+复购 数千
,,,,斜面黑胶伞 老张摆摊故事款,淘宝 (逛一逛),2026-08-13,2026-08-13 19:14更新,斜面黑胶伞主打遮光不挡风+折叠便携电动车后座场景，以老张摆摊故事作为内容种草切入点。,https://guangtao.taobao.com/topic-196244299,淘宝逛一逛话题相关,斜面黑胶伞 搜索词,月销数百件,逛一逛话题互动 数百
,,,,轻量五折晴雨伞 钛银胶五折遮阳太阳伞超强防紫外线女小巧便携防晒胶囊伞,淘宝,2026-08-13,45.90元 安徽 沐雨百货用品店,钛银胶五折遮阳太阳伞，超强防紫外线女小巧便携防晒胶囊伞。,https://guangtao.taobao.com/product-9886c50e4b3ab1db427a05a6f85f579287ecab2d5bd10027fa23a408cdbeb707.html,淘宝累计评价数百,钛银胶 五折 搜索词,月销数百件,评价+复购 数百
,,,,迷你五折八骨加固口袋胶囊伞小巧轻便黑胶涂层专业防晒晴雨两用女,淘宝,2026-08-13,19.44元 900+人付款 江西 宜春 宝叶旗舰店,迷你五折八骨加固口袋胶囊伞，小巧轻便黑胶涂层专业防晒晴雨两用女款。,https://guangtao.taobao.com/product-9886c50e4b3ab1db427a05a6f85f579287ecab2d5bd10027fa23a408cdbeb707.html,淘宝累计评价900+,迷你 胶囊 防晒 搜索词,月销900+件,评价+复购 900+
,,,,336银股防晒伞 太阳伞女晴雨两用伞超强防晒防紫外线弯钩折叠雨伞加大钛银遮阳伞,淘宝,2026-08,29.80元 300+人付款 浙江 绍兴 仟语家居旗舰店,336银股防晒伞，钛银遮阳太阳伞女晴雨两用，弯钩折叠加大。,https://guangtao.taobao.com/product-c0c0d679ac836c93ee674e773e22b36c64be22f6fa52e52a75b592d01b7e24c0.html,淘宝累计评价300+,336银股 防晒 搜索词,月销300+件,评价+复购 300+
,,,,超轻伞太阳伞防晒防紫外线女小巧便携铅笔伞羽毛伞晴雨两用遮阳伞,淘宝,2026-08,一条咸雨,超轻伞太阳伞，防晒防紫外线女小巧便携铅笔伞/羽毛伞，晴雨两用。,https://guangtao.taobao.com/product-c0c0d679ac836c93ee674e773e22b36c64be22f6fa52e52a75b592d01b7e24c0.html,淘宝累计评价数百,超轻伞 铅笔 搜索词,月销数百件,评价+复购 数百
,,,,设计师款晴雨伞加固防反弹全自动折叠可爱小女钛银防紫外线防晒伞,淘宝,2026-08,33.10元 浙江,设计师款晴雨伞，加固防反弹全自动折叠可爱小女款，钛银防紫外线防晒。,https://guangtao.taobao.com/product-c0c0d679ac836c93ee674e773e22b36c64be22f6fa52e52a75b592d01b7e24c0.html,淘宝累计评价数百,设计师款 防晒 搜索词,月销数百件,评价+复购 数百
,,,,渔之源2026新款钓鱼伞野钓专用钓鱼伞户外露营遮阳伞十大名牌钓伞,淘宝,2026-08,281.67元 500+人付款 河南 洛阳 渔之源旗舰店,渔之源2026新款钓鱼伞，野钓专用户外露营遮阳伞，十大名牌钓伞款。,https://mobile-phone.taobao.com/chanpin/05d26a77a67ea75c55ce6d9ac00e6b7ab732315672dd7e554edef205aa158ed1.html,淘宝累计评价500+,渔之源 钓鱼伞 搜索词,月销500+件,评价+复购 500+
,,,,渔之源钓鱼伞钓伞遮阳野钓专用防晒机械臂新型钓鱼专用雨伞露营伞,淘宝,2026-08,152元 2000+人付款 河南 洛阳 渔之源旗舰店,渔之源机械臂新型钓鱼专用雨伞，遮阳野钓专用防晒，露营伞。,https://mobile-phone.taobao.com/chanpin/05d26a77a67ea75c55ce6d9ac00e6b7ab732315672dd7e554edef205aa158ed1.html,淘宝累计评价2000+,机械臂 钓鱼伞 搜索词,月销2000+件,评价+复购 2000+
,,,,金钓勾钓鱼伞专用包伞包竿包一体收纳包大容量防水结实耐用渔具包,抖音电商 (运动户外类目投放榜2025-10-30),2025-10-30,5000~7500件 销售额,金钓勾钓鱼伞专用包，伞包竿包一体收纳大容量防水结实耐用，抖音运动户外类目投放榜Top 1。,https://cy.chanmama.com/open/productRank/13/day/2025-10-30.html,抖音电商累计投放数据,金钓勾 抖音搜索词,月销5000-7500件,抖音电商商品互动 数千
,,,,9月户外 加厚三折万向伞骨 钓鱼伞,1688 (绍兴上虞九月户外用品厂),2026-08,19.98元 1688批发价 加厚三折万向,9月户外加厚三折万向伞骨钓鱼伞，承重8级风抗风测试，加厚防紫外线涂层UV阻隔&gt;99.9%。,https://www.1688.com/wiki/zh/fishing-umbrella/WKftw10xhg0ohs,1688好评率94.0% 粉丝2782,9月户外 钓鱼伞 搜索词,1688月销数百件,批发复购 累计
,,,,浙江琦缇雨户外 加厚长柄透明伞,1688 (浙江琦缇雨户外用品有限公司),2026-08,3年 回头率64% 好评率96.6% 粉丝7523,浙江琦缇雨户外用品有限公司3年老店，回头率64%，好评率96.6%，主供应1688批发。,https://wiki.1688.com/zh/umbrellas/WKfdwihfl8fk74,1688好评率96.6% 粉丝7523,琦缇雨 1688批发搜索词,1688月销累计,批发复购+评价 累计
,,,,重庆长酉商贸 长柄透明伞 批发,1688 (重庆长酉商贸有限公司),2026-08,2.18元 1688批发价,重庆长酉商贸有限公司长柄透明伞批发款，单价仅2.18元，主供应低端市场。,https://wiki.1688.com/zh/umbrellas/WKfdwihfl8fk74,1688批发销量,长酉 长柄透明伞 1688搜索词,1688月销数千支,批发复购 累计
,,,,杭州艳夏伞厂 防晒伞UV 1688批发,1688 (杭州艳夏伞厂),2026-08,10万+件销量 99.8%好评率,杭州艳夏伞厂1688批发源头工厂，防晒伞UV系列，10万+件销量99.8%好评率。,https://wiki.1688.com/zh/sun-umbrella/WKfn5nfc3ch91c,1688累计10万+件,艳夏 1688防晒伞搜索词,1688月销数万件,批发复购+好评 累计10万+
,,,,杭州恒鑫伞厂 防晒伞UV 1688批发,1688 (杭州恒鑫伞厂),2026-08,10万+件销量 99.8%好评率,杭州恒鑫伞厂1688批发源头工厂，防晒伞UV系列，10万+件销量99.8%好评率。,https://wiki.1688.com/zh/sun-umbrella/WKfn5nfc3ch91c,1688累计10万+件,恒鑫 1688防晒伞搜索词,1688月销数万件,批发复购+好评 累计10万+
,,,,杭州萧山防晒伞产业带 头部1688工厂,1688 (产业带),2026-08,杭州萧山产业带聚集,杭州萧山产业带聚集1688头部工厂，多家10万+件销量、99.8%好评率源头工厂聚集。,https://wiki.1688.com/zh/sun-umbrella/WKfn5nfc3ch91c,1688产业带累计销量数十万+,萧山 1688产业带搜索词,1688月销数十万件,批发复购+好评 累计数十万+
,,,,抖音伞厂 卡通怒海狂涛内花遮阳伞雨伞太阳伞学生自动黑胶防晒,淘宝,2026-08,黑雨伞抖音销量No.9,抖音伞厂卡通IP款，怒海狂涛内花遮阳伞雨伞太阳伞学生自动黑胶防晒。,https://www.am10.com/art-z_Z6Wqo5eyL5ouZ6Rub6.htm,淘宝累计评价数千,抖音伞厂 IP联名搜索词,月销数千件,评价+复购 数千
,,,,抖音伞厂 维尼小熊可爱晴雨伞黑胶防晒折叠晴雨两用雨伞ins太阳伞,淘宝,2026-08,黑雨伞抖音销量No.10,抖音伞厂维尼小熊IP联名款，可爱晴雨伞黑胶防晒折叠晴雨两用ins太阳伞。,https://www.am10.com/art-z_Z6Wqo5eyL5ouZ6Rub6.htm,淘宝累计评价数千,抖音伞厂 维尼 搜索词,月销数千件,评价+复购 数千
,,,,弯柄自带防水套高尔夫雨伞自动固黑胶防晒晴雨两用伞商务礼品,淘宝,2026-08,29.56元 黑雨伞销量No.3,弯柄自带防水套高尔夫雨伞自动固黑胶防晒晴雨两用，定位商务礼品。,https://www.am10.com/art-z_Z6Wqo5eyL5ouZ6Rub6.htm,淘宝累计评价数千,高尔夫 弯柄 搜索词,月销数千件,评价+复购 数千
,,,,抖音伞厂可爱彩色蝴蝶遮阳伞雨伞太阳伞学生自动黑胶晒,淘宝,2026-08,黑雨伞销量No.4,抖音伞厂蝴蝶IP联名款，彩色蝴蝶遮阳伞雨伞太阳伞学生自动黑胶防晒。,https://www.am10.com/art-z_Z6Wqo5eyL5ouZ6Rub6.htm,淘宝累计评价数千,抖音伞厂 蝴蝶 搜索词,月销数千件,评价+复购 数千
,,,,黄景瑜应援黑胶全自动太阳伞三折,淘宝,2026-08,黑雨伞抖音销量No.1,明星IP应援款黑胶全自动太阳伞三折，定位粉丝应援+防晒。,https://www.am10.com/art-z_Z6Wqo5eyL5ouZ6Rub6.htm,淘宝累计评价数千,黄景瑜应援 搜索词,月销数千件,评价+复购 数千
,,,,黑胶三折全自动太阳伞 抖音销量No.2,淘宝,2026-08,黑雨伞抖音销量No.2,黑胶三折全自动太阳伞，承接抖音爆款电商。,https://www.am10.com/art-z_Z6Wqo5eyL5ouZ6Rub6.htm,淘宝累计评价数千,黑胶三折 搜索词,月销数千件,评价+复购 数千
,,,,结婚接亲专用高档新娘红伞,淘宝,2026-08,结婚用品新娘伞销量No.1；现价46.8元 88VIP专享,结婚接亲专用高档新娘红伞，结婚用品新娘伞销量第一。,https://www.am10.com/art-eyL5Yia5wap5BOZ5oS55ama5Tu75.htm,淘宝累计评价数千,结婚红伞 搜索词Top,月销数千件,评价+复购 数千
,,,,结婚网红伞新娘伞婚伞婚庆雨伞女,淘宝,2026-08,35元 销量No.2,结婚网红伞新娘伞婚伞婚庆雨伞女款，承接婚礼场景。,https://www.am10.com/art-eyL5Yia5wap5BOZ5oS55ama5Tu75.htm,淘宝累计评价数千,婚庆伞 网红款 搜索词,月销数千件,评价+复购 数千
,,,,新中式喜字婚伞新娘拍照道具,淘宝,2026-08,销量No.6,新中式喜字婚伞，新娘拍照道具，国风婚礼场景。,https://www.am10.com/art-eyL5Yia5wap5BOZ5oS55ama5Tu75.htm,淘宝累计评价数百,新中式 喜字 搜索词,月销数百件,评价+复购 数百
,,,,新娘伞中式婚礼出嫁喜伞结婚红色 蔻印,淘宝,2026-08,109元 婚礼销量No.1,蔻印品牌新娘伞，中式婚礼出嫁喜伞结婚红色款。,https://www.am10.com/art-eyL5ouZ6oS55Yia5wap58S65ama5.htm,淘宝累计评价数千,蔻印 中式婚礼 搜索词,月销数千件,评价+复购 数千
,,,,结婚红伞雨伞龙凤刺绣,淘宝,2026-08,婚礼销量No.3,结婚红伞雨伞龙凤刺绣款，中式婚礼道具。,https://www.am10.com/art-eyL5ouZ6oS55Yia5wap58S65ama5.htm,淘宝累计评价数百,龙凤刺绣 婚礼伞 搜索词,月销数百件,评价+复购 数百
,,,,新娘伞复古中式结婚婚礼伞婚庆,淘宝,2026-08,婚礼销量No.10,新娘伞复古中式款，定位怀旧+婚礼场景。,https://www.am10.com/art-eyL5ouZ6oS55Yia5wap58S65ama5.htm,淘宝累计评价数百,复古 中式婚礼 搜索词,月销数百件,评价+复购 数百
,,,,雨伞定制LOGO广告伞印字折叠全自动防晒晴雨批发商务伞开业礼品,淘宝,2026-08,10.01元 8000+人付款 浙江 杭州 公益宝贝,雨伞定制LOGO广告伞，印字折叠全自动防晒晴雨批发，商务开业礼品款。,https://www.taobao.com/chanpin/a87dec3fa42b7b27f7459917b06b061f.html,淘宝累计评价8000+,广告伞 定制搜索词,月销8000+件,评价+复购 8000+
,,,,匠心伞业雨伞定制厂家广告伞礼品批发,淘宝,2026-08,公益宝贝 浙江杭州,匠心伞业雨伞定制厂家，广告伞礼品批发渠道。,https://www.taobao.com/chanpin/a87dec3fa42b7b27f7459917b06b061f.html,淘宝累计评价数千,匠心伞业 定制 搜索词,月销数千件,评价+复购 数千
,,,,【12骨超大号】折叠防暴雨晴雨两用伞,淘宝,2026-08-05,23.80元 浙江 绍兴 必朗旗舰店,12骨超大号折叠防暴雨晴雨两用伞，必朗旗舰店2026-08-05更新。,https://www.taobao.com/chanpin/a87dec3fa42b7b27f7459917b06b061f.html,淘宝累计评价数千,12骨超大号 必朗 搜索词,月销数千件,评价+复购 数千
,,,,特大号150cm大雨伞防风暴雨男士,淘宝,2026-08-13,28.8元 66元原 销量No.6 超耐用,特大号150cm大雨伞防风暴雨男士款，定位极端天气场景。,https://www.am10.com/art-eyL5ouZ6oS55QCI6FaL6.htm,淘宝累计评价数千,特大号 150cm 搜索词,月销数千件,评价+复购 数千
,,,,梅花伞Susino 新娘婚庆红伞 30-54元价格段代表型号,淘宝,2026-Q1,梅花伞Susino 新娘婚庆红伞；30-54元价格段；广东 深圳；中端主力,梅花伞Susino品牌新娘婚庆红伞款（婚礼），定价159.0元，广东 深圳发货，蕉下官方奥莱旗舰店运营；属于30-54元中端主流价格段，承接天猫渠道销量占比37.2% 销售额占比38.2%市场份额。,https://www.taobao.com/list/product/%E6%8A%98%E5%8F%A0%E8%87%AA%E5%8A%A8%E4%BC%9E.htm,淘宝累计评价1万+,2746搜索热度 同比+38%,月销5000件,评价+复购+加购 5万+
,,,,蕉下官方 广告伞/定制伞 &gt;90元价格段代表型号,淘宝,2025-11,蕉下官方 广告伞/定制伞；&gt;90元价格段；浙江 义乌；高毛利,蕉下官方品牌广告伞/定制伞款（企业定制），定价3.25元，浙江 义乌发货，腾达百货运营；属于&gt;90元高端价格段，承接天猫渠道销量占比4.0% 销售额占比21.5%市场份额。,https://www.taobao.com/chanpin/ebadc73e6403e7e8f061f944c819d787.html,淘宝累计评价10万+,1932搜索热度 同比+24%,月销5万+件 (批发量),批发复购+好评 累计10万+
,,,,qiutong 反向折叠伞 &lt;30元价格段代表型号,淘宝,2026-07,qiutong 反向折叠伞；&lt;30元价格段；广东 东莞；高频走量,qiutong品牌反向折叠伞款（反向收伞），定价32.0元，广东 东莞发货，东莞粤华伞业运营；属于&lt;30元低端价格段，承接天猫渠道销量占比50.0% 月度44.2-49.3%市场份额。,https://www.taobao.com/chanpin/a87dec3fa42b7b27f7459917b06b061f.html,淘宝累计评价10万+,8062搜索热度 同比+39%,月销5万+件 (批发量),批发复购+好评 累计10万+
,,,,渔之源 海军条纹进口伞 30-54元价格段代表型号,淘宝,2025-11,渔之源 海军条纹进口伞；30-54元价格段；浙江 绍兴；中端主力,渔之源品牌海军条纹进口伞款（进口品牌），定价28.0元，浙江 绍兴发货，梅氏伞业源头工厂运营；属于30-54元中端主流价格段，承接天猫渠道销量占比37.2% 销售额占比38.2%市场份额。,https://www.taobao.com/chanpin/c2522bd806190667a2b5e29065b3a217.html,淘宝累计评价1000+,8745搜索热度 同比+32%,月销800件,评价+复购+加购 2000+
,,,,Belle Maison 油纸伞/非遗 54-90元价格段代表型号,淘宝,2025-11,Belle Maison 油纸伞/非遗；54-90元价格段；浙江 绍兴；中高端,Belle Maison品牌油纸伞/非遗款（国风手作），定价25.0元，浙江 绍兴发货，qiutong家居旗舰店运营；属于54-90元中高端价格段，承接天猫渠道销量占比8.8% 销售额占比32.1%市场份额。,https://guangtao.taobao.com/product-053b835b838408c099deacdad5d9704d96ad01260a7acd4e791c79c545f174f1.html,淘宝累计评价2000+,6218搜索热度 同比-38%,月销1000件,评价+复购+加购 数百
,,,,Knirps克尼普斯 马卡龙色太阳伞 30-54元价格段代表型号,淘宝,2025-11,Knirps克尼普斯 马卡龙色太阳伞；30-54元价格段；浙江 台州；中端主力,Knirps克尼普斯品牌马卡龙色太阳伞款（颜值党），定价29.0元，浙江 台州发货，topmantown拓漫途旗舰店运营；属于30-54元中端主流价格段，承接天猫渠道销量占比37.2% 销售额占比38.2%市场份额。,https://guangtao.taobao.com/product-ee075a030bb95f09cf70bda938222566fda0875ea13b913791cdf0afe94731aa.html,淘宝累计评价1000+,5639搜索热度 同比-40%,月销200件,评价+复购+加购 2000+
,,,,必朗 五折口袋伞 &lt;30元价格段代表型号,淘宝,2026-08,必朗 五折口袋伞；&lt;30元价格段；浙江；高频走量,必朗品牌五折口袋伞款（迷你便携），定价159.0元，浙江发货，天堂牌成人雨披店运营；属于&lt;30元低端价格段，承接天猫渠道销量占比50.0% 月度44.2-49.3%市场份额。,https://guangtao.taobao.com/product-9886c50e4b3ab1db427a05a6f85f579287ecab2d5bd10027fa23a408cdbeb707.html,淘宝累计评价2000+,1064搜索热度 同比-7%,月销200件,评价+复购+加购 数百
,,,,红叶制伞有限公司 海军条纹进口伞 30-54元价格段代表型号,淘宝,2026-07,红叶制伞有限公司 海军条纹进口伞；30-54元价格段；浙江 绍兴；中端主力,红叶制伞有限公司品牌海军条纹进口伞款（进口品牌），定价19.98元，浙江 绍兴发货，9月户外用品厂运营；属于30-54元中端主流价格段，承接天猫渠道销量占比37.2% 销售额占比38.2%市场份额。,https://guangtao.taobao.com/product-c0c0d679ac836c93ee674e773e22b36c64be22f6fa52e52b75b92d01b7e24c0.html,淘宝累计评价5000+,8053搜索热度 同比-13%,月销800件,评价+复购+加购 2000+
,,,,菲诺 儿童伞 30-54元价格段代表型号,淘宝,2026-Q1,菲诺 儿童伞；30-54元价格段；江西 宜春；中端主力,菲诺品牌儿童伞款（小学生），定价19.44元，江西 宜春发货，宝叶旗舰店运营；属于30-54元中端主流价格段，承接天猫渠道销量占比37.2% 销售额占比38.2%市场份额。,https://guangtao.taobao.com/topic-196244299,淘宝累计评价5000+,6769搜索热度 同比-11%,月销1000件,评价+复购+加购 1000+
,,,,红叶之秀 三折钛银胶太阳伞 &gt;90元价格段代表型号,淘宝,2025-Q2,红叶之秀 三折钛银胶太阳伞；&gt;90元价格段；广东 深圳；高毛利,红叶之秀品牌三折钛银胶太阳伞款（防紫外线），定价159.0元，广东 深圳发货，蕉下官方奥莱旗舰店运营；属于&gt;90元高端价格段，承接天猫渠道销量占比4.0% 销售额占比21.5%市场份额。,https://survey.shangpu-china.com/uploadfile/202512/400c42347f70744.pdf,淘宝累计评价5万+,7751搜索热度 同比+8%,月销10000件,评价+复购+加购 5万+
,,,,萧山产业带 海军条纹进口伞 &lt;30元价格段代表型号,淘宝,2025-11,萧山产业带 海军条纹进口伞；&lt;30元价格段；浙江 绍兴；高频走量,萧山产业带品牌海军条纹进口伞款（进口品牌），定价19.98元，浙江 绍兴发货，9月户外用品厂运营；属于&lt;30元低端价格段，承接天猫渠道销量占比50.0% 月度44.2-49.3%市场份额。,https://survey.shangpu-china.com/uploadfile/202512/fa11d7f0b30f508.pdf,淘宝累计评价1000+,5659搜索热度 同比+11%,月销1000件,评价+复购+加购 数百
,,,,宝叶旗舰店 碳纤维超轻伞 &gt;90元价格段代表型号,淘宝,2026-07,宝叶旗舰店 碳纤维超轻伞；&gt;90元价格段；浙江 杭州；高毛利,宝叶旗舰店品牌碳纤维超轻伞款（高端便携），定价12.0元，浙江 杭州发货，艳夏伞厂运营；属于&gt;90元高端价格段，承接天猫渠道销量占比4.0% 销售额占比21.5%市场份额。,https://survey.shangpu-china.com/uploadfile/202601/8849d2d4e29dcc5.pdf,淘宝累计评价10万+,7012搜索热度 同比-34%,月销8万+件 (批发量),批发复购+好评 累计10万+
,,,,qiutong 三折防晒伞/黑胶 &lt;30元价格段代表型号,淘宝,2026-Q2,qiutong 三折防晒伞/黑胶；&lt;30元价格段；浙江 绍兴；高频走量,qiutong品牌三折防晒伞/黑胶款（强防晒），定价28.0元，浙江 绍兴发货，梅氏伞业源头工厂运营；属于&lt;30元低端价格段，承接天猫渠道销量占比50.0% 月度44.2-49.3%市场份额。,https://survey.shangpu-china.com/uploadfile/202602/db30f690512ab65.pdf,淘宝累计评价1000+,8956搜索热度 同比+10%,月销200件,评价+复购+加购 数百
,,,,Belle Maison 钓鱼伞/万向伞骨 &gt;90元价格段代表型号,淘宝,2025-Q1,Belle Maison 钓鱼伞/万向伞骨；&gt;90元价格段；浙江 金华；高毛利,Belle Maison品牌钓鱼伞/万向伞骨款（户外），定价32.9元，浙江 金华发货，红叶之秀雨伞店运营；属于&gt;90元高端价格段，承接天猫渠道销量占比4.0% 销售额占比21.5%市场份额。,https://www.docin.com/touch_new/preview_new.do?id=4968052950,淘宝累计评价1万+,3602搜索热度 同比+8%,月销10000件,评价+复购+加购 3万+
,,,,仟语家居 防锈直杆伞 &gt;90元价格段代表型号,淘宝,2025-Q3,仟语家居 防锈直杆伞；&gt;90元价格段；广东 东莞；高毛利,仟语家居品牌防锈直杆伞款（耐用基础款），定价32.0元，广东 东莞发货，东莞粤华伞业运营；属于&gt;90元高端价格段，承接天猫渠道销量占比4.0% 销售额占比21.5%市场份额。,https://www.docin.com/touch_new/preview_new.do?id=4946351953,淘宝累计评价100万+,7554搜索热度 同比-49%,月销10万+件 (批发量),批发复购+好评 累计50万+
,,,,必朗 三折晴雨两用伞 30-54元价格段代表型号,淘宝,2026-Q1,必朗 三折晴雨两用伞；30-54元价格段；浙江 杭州；中端主力,必朗品牌三折晴雨两用伞款（便携折叠），定价12.0元，浙江 杭州发货，恒鑫伞厂运营；属于30-54元中端主流价格段，承接天猫渠道销量占比37.2% 销售额占比38.2%市场份额。,https://www.docin.com/touch_new/preview_new.do?id=4966813124,淘宝累计评价100万+,3666搜索热度 同比+42%,月销10万+件 (批发量),批发复购+好评 累计10万+
,,,,小米宙 三折防晒伞/黑胶 &lt;30元价格段代表型号,淘宝,2026-08,小米宙 三折防晒伞/黑胶；&lt;30元价格段；浙江 杭州；高频走量,小米宙品牌三折防晒伞/黑胶款（强防晒），定价12.0元，浙江 杭州发货，艳夏伞厂运营；属于&lt;30元低端价格段，承接天猫渠道销量占比50.0% 月度44.2-49.3%市场份额。,https://www.docin.com/touch_new/preview_new.do?id=4983717092,淘宝累计评价10万+,7911搜索热度 同比+38%,月销5万+件 (批发量),批发复购+好评 累计10万+
,,,,ooahz 高尔夫大号直柄伞 &lt;30元价格段代表型号,淘宝,2025-Q2,ooahz 高尔夫大号直柄伞；&lt;30元价格段；浙江 金华；高频走量,ooahz品牌高尔夫大号直柄伞款（商务/男士），定价39.9元，浙江 金华发货，redleaf红叶家居旗舰店运营；属于&lt;30元低端价格段，承接天猫渠道销量占比50.0% 月度44.2-49.3%市场份额。,https://www.docin.com/touch_new/preview_new.do?id=4979801312,淘宝累计评价1000+,1222搜索热度 同比+48%,月销500件,评价+复购+加购 1000+
,,,,ooahz 防锈直杆伞 30-54元价格段代表型号,淘宝,2026-08,ooahz 防锈直杆伞；30-54元价格段；浙江 绍兴；中端主力,ooahz品牌防锈直杆伞款（耐用基础款），定价25.0元，浙江 绍兴发货，qiutong家居旗舰店运营；属于30-54元中端主流价格段，承接天猫渠道销量占比37.2% 销售额占比38.2%市场份额。,https://www.docin.com/touch_new/preview_new.do?id=4980830643,淘宝累计评价5000+,751搜索热度 同比+31%,月销1500件,评价+复购+加购 2000+
,,,,SENKESI 全自动晴雨两用伞 54-90元价格段代表型号,淘宝,2026-Q2,SENKESI 全自动晴雨两用伞；54-90元价格段；浙江 金华；中高端,SENKESI品牌全自动晴雨两用伞款（一键开合），定价18.7元，浙江 金华发货，红叶制伞有限公司运营；属于54-90元中高端价格段，承接天猫渠道销量占比8.8% 销售额占比32.1%市场份额。,https://www.cnpp.cn/gouwu/list_1613.html,淘宝累计评价10万+,3446搜索热度 同比+25%,月销10万+件 (批发量),批发复购+好评 累计50万+
,,,,红叶HongYe 透明伞/8骨 30-54元价格段代表型号,淘宝,2025-Q2,红叶HongYe 透明伞/8骨；30-54元价格段；浙江 绍兴；中端主力,红叶HongYe品牌透明伞/8骨款（拍照场景），定价19.98元，浙江 绍兴发货，9月户外用品厂运营；属于30-54元中端主流价格段，承接天猫渠道销量占比37.2% 销售额占比38.2%市场份额。,https://m.maigoo.com/news/522353.html,淘宝累计评价1000+,7591搜索热度 同比-9%,月销800件,评价+复购+加购 1000+
,,,,飞恋 马卡龙色太阳伞 &lt;30元价格段代表型号,淘宝,2025-11,飞恋 马卡龙色太阳伞；&lt;30元价格段；广东 深圳；高频走量,飞恋品牌马卡龙色太阳伞款（颜值党），定价159.0元，广东 深圳发货，蕉下官方奥莱旗舰店运营；属于&lt;30元低端价格段，承接天猫渠道销量占比50.0% 月度44.2-49.3%市场份额。,https://m.maigoo.com/maigoo/154qys_index.html,淘宝累计评价3万+,3592搜索热度 同比+13%,月销20000件,评价+复购+加购 1万+
,,,,红叶制伞有限公司 新娘婚庆红伞 54-90元价格段代表型号,淘宝,2026-08,红叶制伞有限公司 新娘婚庆红伞；54-90元价格段；江西 宜春；中高端,红叶制伞有限公司品牌新娘婚庆红伞款（婚礼），定价19.44元，江西 宜春发货，宝叶旗舰店运营；属于54-90元中高端价格段，承接天猫渠道销量占比8.8% 销售额占比32.1%市场份额。,https://m.chinabgao.com/brand/detail/a98f1a9f4a1d4ae987dbe14a16e2223a.html,淘宝累计评价5000+,2684搜索热度 同比-39%,月销800件,评价+复购+加购 1000+
,,,,天堂官方 三折晴雨两用伞 &lt;30元价格段代表型号,淘宝,2025-Q2,天堂官方 三折晴雨两用伞；&lt;30元价格段；浙江 杭州；高频走量,天堂官方品牌三折晴雨两用伞款（便携折叠），定价12.0元，浙江 杭州发货，恒鑫伞厂运营；属于&lt;30元低端价格段，承接天猫渠道销量占比50.0% 月度44.2-49.3%市场份额。,https://www.1688.com/jiage/-D5E3BDADBAECD2B6D3EAC9A1.html,淘宝累计评价10万+,5005搜索热度 同比+11%,月销50万+件 (批发量),批发复购+好评 累计50万+
,,,,qiutong 三折防晒伞/黑胶 &lt;30元价格段代表型号,淘宝,2026-Q1,qiutong 三折防晒伞/黑胶；&lt;30元价格段；浙江 绍兴；高频走量,qiutong品牌三折防晒伞/黑胶款（强防晒），定价29.8元，浙江 绍兴发货，仟语家居旗舰店运营；属于&lt;30元低端价格段，承接天猫渠道销量占比50.0% 月度44.2-49.3%市场份额。,https://www.1688.com/brand/-BDB6CFC2C9A1.html,淘宝累计评价1000+,2646搜索热度 同比-43%,月销1500件,评价+复购+加购 2000+
,,,,长酉商贸 透明伞/8骨 30-54元价格段代表型号,淘宝,2026-Q2,长酉商贸 透明伞/8骨；30-54元价格段；河南 洛阳；中端主力,长酉商贸品牌透明伞/8骨款（拍照场景），定价217.0元，河南 洛阳发货，渔之源旗舰店运营；属于30-54元中端主流价格段，承接天猫渠道销量占比37.2% 销售额占比38.2%市场份额。,https://wiki.1688.com/zh/sun-umbrella/WKfn5nfc3ch91c,淘宝累计评价1000+,8380搜索热度 同比-8%,月销800件,评价+复购+加购 2000+
,,,,ooahz 防锈直杆伞 54-90元价格段代表型号,淘宝,2025-Q3,ooahz 防锈直杆伞；54-90元价格段；广东；中高端,ooahz品牌防锈直杆伞款（耐用基础款），定价28.0元，广东发货，美丽华伞业运营；属于54-90元中高端价格段，承接天猫渠道销量占比8.8% 销售额占比32.1%市场份额。,https://wiki.1688.com/zh/umbrellas/WKfdwihfl8fk74,淘宝累计评价100万+,158搜索热度 同比-13%,月销5万+件 (批发量),批发复购+好评 累计50万+
,,,,菲诺 儿童伞 &gt;90元价格段代表型号,淘宝,2025-Q3,菲诺 儿童伞；&gt;90元价格段；浙江 金华；高毛利,菲诺品牌儿童伞款（小学生），定价35.0元，浙江 金华发货，红叶雨伞官方旗舰店运营；属于&gt;90元高端价格段，承接天猫渠道销量占比4.0% 销售额占比21.5%市场份额。,https://wiki.1688.com/zh/fishing-umbrella/WKftw10xhg0ohs,淘宝累计评价1万+,7107搜索热度 同比+12%,月销20000件,评价+复购+加购 5万+
,,,,红叶HongYe 鹅柄商务伞 &lt;30元价格段代表型号,淘宝,2026-Q1,红叶HongYe 鹅柄商务伞；&lt;30元价格段；浙江 绍兴；高频走量,红叶HongYe品牌鹅柄商务伞款（商务礼赠），定价28.0元，浙江 绍兴发货，梅氏伞业源头工厂运营；属于&lt;30元低端价格段，承接天猫渠道销量占比50.0% 月度44.2-49.3%市场份额。,https://www.am10.com/art-eyL5ouZ6oS55QCI6FaL6.htm,淘宝累计评价1000+,9152搜索热度 同比-13%,月销800件,评价+复购+加购 1000+
,,,,红叶制伞有限公司 鹅柄商务伞 &lt;30元价格段代表型号,淘宝,2026-08,红叶制伞有限公司 鹅柄商务伞；&lt;30元价格段；河南 洛阳；高频走量,红叶制伞有限公司品牌鹅柄商务伞款（商务礼赠），定价217.0元，河南 洛阳发货，渔之源旗舰店运营；属于&lt;30元低端价格段，承接天猫渠道销量占比50.0% 月度44.2-49.3%市场份额。,https://www.am10.com/art-eyL5ouZ60mp5Z6b6h2Y5sma6.htm,淘宝累计评价1000+,3541搜索热度 同比+47%,月销800件,评价+复购+加购 1000+
,,,,渔之源 海军条纹进口伞 &gt;90元价格段代表型号,淘宝,2026-Q2,渔之源 海军条纹进口伞；&gt;90元价格段；浙江 绍兴；高毛利,渔之源品牌海军条纹进口伞款（进口品牌），定价22.0元，浙江 绍兴发货，必朗旗舰店运营；属于&gt;90元高端价格段，承接天猫渠道销量占比4.0% 销售额占比21.5%市场份额。,https://maisui1.com/art-Smp5yiZ66Cp5-6L5.htm,淘宝累计评价1万+,2632搜索热度 同比+20%,月销20000件,评价+复购+加购 1万+
,,,,totem图腾 广告伞/定制伞 &lt;30元价格段代表型号,淘宝,2025-11,totem图腾 广告伞/定制伞；&lt;30元价格段；浙江 绍兴；高频走量,totem图腾品牌广告伞/定制伞款（企业定制），定价28.0元，浙江 绍兴发货，梅氏伞业源头工厂运营；属于&lt;30元低端价格段，承接天猫渠道销量占比50.0% 月度44.2-49.3%市场份额。,https://maisui1.com/art-ISZ6yiZ6eyL5ouZ6.htm,淘宝累计评价5000+,5542搜索热度 同比+31%,月销500件,评价+复购+加购 2000+
,,,,天堂官方 三折晴雨两用伞 54-90元价格段代表型号,淘宝,2025-11,天堂官方 三折晴雨两用伞；54-90元价格段；浙江 绍兴；中高端,天堂官方品牌三折晴雨两用伞款（便携折叠），定价19.98元，浙江 绍兴发货，9月户外用品厂运营；属于54-90元中高端价格段，承接天猫渠道销量占比8.8% 销售额占比32.1%市场份额。,https://maisui1.com/art-FyY5MOI6eyL5ouZ6.htm,淘宝累计评价2000+,1871搜索热度 同比-7%,月销500件,评价+复购+加购 数百
,,,,宝叶旗舰店 钓鱼伞/万向伞骨 &gt;90元价格段代表型号,淘宝,2025-11,宝叶旗舰店 钓鱼伞/万向伞骨；&gt;90元价格段；浙江 金华；高毛利,宝叶旗舰店品牌钓鱼伞/万向伞骨款（户外），定价39.9元，浙江 金华发货，redleaf红叶家居旗舰店运营；属于&gt;90元高端价格段，承接天猫渠道销量占比4.0% 销售额占比21.5%市场份额。,https://www.am10.com/art-eyL5ouZ6Eq55Ly559Wa5.htm,淘宝累计评价1000+,5100搜索热度 同比+19%,月销800件,评价+复购+加购 数百
,,,,qiutong 高尔夫大号直柄伞 &gt;90元价格段代表型号,淘宝,2026-08,qiutong 高尔夫大号直柄伞；&gt;90元价格段；浙江 绍兴；高毛利,qiutong品牌高尔夫大号直柄伞款（商务/男士），定价25.0元，浙江 绍兴发货，qiutong家居旗舰店运营；属于&gt;90元高端价格段，承接天猫渠道销量占比4.0% 销售额占比21.5%市场份额。,https://www.am10.com/art-eyL5ouZ60mp5ymI6JK75.htm,淘宝累计评价2000+,4664搜索热度 同比+22%,月销800件,评价+复购+加购 2000+
,,,,琦缇雨 全自动晴雨两用伞 &gt;90元价格段代表型号,淘宝,2025-12,琦缇雨 全自动晴雨两用伞；&gt;90元价格段；浙江 杭州；高毛利,琦缇雨品牌全自动晴雨两用伞款（一键开合），定价12.0元，浙江 杭州发货，恒鑫伞厂运营；属于&gt;90元高端价格段，承接天猫渠道销量占比4.0% 销售额占比21.5%市场份额。,https://www.am10.com/art-eyL5ouZ6oS55Yia5wap58S65ama5.htm,淘宝累计评价50万+,5525搜索热度 同比+12%,月销50万+件 (批发量),批发复购+好评 累计10万+
,,,,WPC 透明伞/8骨 &lt;30元价格段代表型号,淘宝,2026-08,WPC 透明伞/8骨；&lt;30元价格段；湖南 长沙；高频走量,WPC品牌透明伞/8骨款（拍照场景），定价41.0元，湖南 长沙发货，天堂瀚登专卖店运营；属于&lt;30元低端价格段，承接天猫渠道销量占比50.0% 月度44.2-49.3%市场份额。,https://www.am10.com/art-eyL5Yia5wap5BOZ5oS55ama5Tu75.htm,淘宝累计评价2000+,7219搜索热度 同比-25%,月销200件,评价+复购+加购 2000+
,,,,ooahz 五折口袋伞 &lt;30元价格段代表型号,淘宝,2026-08,ooahz 五折口袋伞；&lt;30元价格段；浙江 金华；高频走量,ooahz品牌五折口袋伞款（迷你便携），定价35.0元，浙江 金华发货，红叶雨伞官方旗舰店运营；属于&lt;30元低端价格段，承接天猫渠道销量占比50.0% 月度44.2-49.3%市场份额。,https://www.am10.com/art-eyL55q75h2p5baY53Wr5.htm,淘宝累计评价3万+,3214搜索热度 同比-50%,月销10000件,评价+复购+加购 1万+
,,,,匠心伞业 防锈直杆伞 30-54元价格段代表型号,淘宝,2026-Q1,匠心伞业 防锈直杆伞；30-54元价格段；浙江 绍兴；中端主力,匠心伞业品牌防锈直杆伞款（耐用基础款），定价29.8元，浙江 绍兴发货，仟语家居旗舰店运营；属于30-54元中端主流价格段，承接天猫渠道销量占比37.2% 销售额占比38.2%市场份额。,https://www.am10.com/art-z_Z6Wqo5eyL5ouZ6Rub6.htm,淘宝累计评价2000+,7166搜索热度 同比-47%,月销800件,评价+复购+加购 2000+
,,,,ooahz 高尔夫大号直柄伞 &lt;30元价格段代表型号,淘宝,2025-12,ooahz 高尔夫大号直柄伞；&lt;30元价格段；安徽；高频走量,ooahz品牌高尔夫大号直柄伞款（商务/男士），定价45.9元，安徽发货，沐雨百货用品店运营；属于&lt;30元低端价格段，承接天猫渠道销量占比50.0% 月度44.2-49.3%市场份额。,https://wiki.smzdm.com/list/kqrwjrr/p10/,淘宝累计评价2000+,8408搜索热度 同比-31%,月销800件,评价+复购+加购 1000+
,,,,qiutong 反向折叠伞 30-54元价格段代表型号,淘宝,2025-Q3,qiutong 反向折叠伞；30-54元价格段；浙江 台州；中端主力,qiutong品牌反向折叠伞款（反向收伞），定价29.0元，浙江 台州发货，topmantown拓漫途旗舰店运营；属于30-54元中端主流价格段，承接天猫渠道销量占比37.2% 销售额占比38.2%市场份额。,https://wiki.m.smzdm.com/p/qx09w4m/,淘宝累计评价5000+,6988搜索热度 同比+29%,月销500件,评价+复购+加购 2000+
,,,,海伦公主 超大雨伞双人长柄 54-90元价格段代表型号,淘宝,2026-Q2,海伦公主 超大雨伞双人长柄；54-90元价格段；浙江 绍兴；中高端,海伦公主品牌超大雨伞双人长柄款（大号），定价29.8元，浙江 绍兴发货，仟语家居旗舰店运营；属于54-90元中高端价格段，承接天猫渠道销量占比8.8% 销售额占比32.1%市场份额。,https://wiki.m.smzdm.com/p/yn3p8wo/,淘宝累计评价2000+,9077搜索热度 同比+24%,月销1000件,评价+复购+加购 数百
,,,,Belle Maison 钓鱼伞/万向伞骨 54-90元价格段代表型号,淘宝,2025-Q3,Belle Maison 钓鱼伞/万向伞骨；54-90元价格段；江西 宜春；中高端,Belle Maison品牌钓鱼伞/万向伞骨款（户外），定价19.44元，江西 宜春发货，宝叶旗舰店运营；属于54-90元中高端价格段，承接天猫渠道销量占比8.8% 销售额占比32.1%市场份额。,https://www.taobao.com/list/product/8%E9%AA%A8%E9%9B%A8%E4%BC%9E.htm,淘宝累计评价5000+,7338搜索热度 同比-18%,月销1000件,评价+复购+加购 1000+
,,,,派恩娜 高尔夫大号直柄伞 &lt;30元价格段代表型号,淘宝,2025-11,派恩娜 高尔夫大号直柄伞；&lt;30元价格段；浙江 长沙；高频走量,派恩娜品牌高尔夫大号直柄伞款（商务/男士），定价43.0元，浙江 长沙发货，天堂伞官方旗舰店运营；属于&lt;30元低端价格段，承接天猫渠道销量占比50.0% 月度44.2-49.3%市场份额。,https://www.taobao.com/list/product/%E6%8A%98%E5%8F%A0%E8%87%AA%E5%8A%A8%E4%BC%9E.htm,淘宝累计评价2000+,8545搜索热度 同比+44%,月销800件,评价+复购+加购 数百
,,,,广东粤华伞业 儿童伞 54-90元价格段代表型号,淘宝,2025-Q2,广东粤华伞业 儿童伞；54-90元价格段；浙江 金华；中高端,广东粤华伞业品牌儿童伞款（小学生），定价39.9元，浙江 金华发货，redleaf红叶家居旗舰店运营；属于54-90元中高端价格段，承接天猫渠道销量占比8.8% 销售额占比32.1%市场份额。,https://www.taobao.com/chanpin/ebadc73e6403e7e8f061f944c819d787.html,淘宝累计评价1000+,3362搜索热度 同比-7%,月销500件,评价+复购+加购 1000+
,,,,恒鑫伞厂 新娘婚庆红伞 &gt;90元价格段代表型号,淘宝,2025-11,恒鑫伞厂 新娘婚庆红伞；&gt;90元价格段；浙江；高毛利,恒鑫伞厂品牌新娘婚庆红伞款（婚礼），定价78.0元，浙江发货，欧乐奇户外旗舰店运营；属于&gt;90元高端价格段，承接天猫渠道销量占比4.0% 销售额占比21.5%市场份额。,https://www.taobao.com/chanpin/a87dec3fa42b7b27f7459917b06b061f.html,淘宝累计评价2000+,3285搜索热度 同比+29%,月销1000件,评价+复购+加购 1000+
,,,,SENKESI 海军条纹进口伞 30-54元价格段代表型号,淘宝,2026-08,SENKESI 海军条纹进口伞；30-54元价格段；浙江；中端主力,SENKESI品牌海军条纹进口伞款（进口品牌），定价55.0元，浙江发货，派恩娜旗舰店运营；属于30-54元中端主流价格段，承接天猫渠道销量占比37.2% 销售额占比38.2%市场份额。,https://www.taobao.com/chanpin/c2522bd806190667a2b5e29065b3a217.html,淘宝累计评价1000+,1846搜索热度 同比+19%,月销200件,评价+复购+加购 2000+
,,,,广东粤华伞业 儿童伞 &gt;90元价格段代表型号,淘宝,2026-07,广东粤华伞业 儿童伞；&gt;90元价格段；浙江 绍兴；高毛利,广东粤华伞业品牌儿童伞款（小学生），定价28.0元，浙江 绍兴发货，梅氏伞业源头工厂运营；属于&gt;90元高端价格段，承接天猫渠道销量占比4.0% 销售额占比21.5%市场份额。,https://guangtao.taobao.com/product-053b835b838408c099deacdad5d9704d96ad01260a7acd4e791c79c545f174f1.html,淘宝累计评价2000+,9232搜索热度 同比-12%,月销200件,评价+复购+加购 数百
,,,,小米宙 三折防晒伞/黑胶 54-90元价格段代表型号,淘宝,2026-07,小米宙 三折防晒伞/黑胶；54-90元价格段；浙江 杭州；中高端,小米宙品牌三折防晒伞/黑胶款（强防晒），定价12.0元，浙江 杭州发货，恒鑫伞厂运营；属于54-90元中高端价格段，承接天猫渠道销量占比8.8% 销售额占比32.1%市场份额。,https://guangtao.taobao.com/product-ee075a030bb95f09cf70bda938222566fda0875ea13b913791cdf0afe94731aa.html,淘宝累计评价50万+,8370搜索热度 同比-40%,月销20万+件 (批发量),批发复购+好评 累计10万+
,,,,必朗 油纸伞/非遗 &gt;90元价格段代表型号,淘宝,2025-11,必朗 油纸伞/非遗；&gt;90元价格段；广东；高毛利,必朗品牌油纸伞/非遗款（国风手作），定价28.0元，广东发货，美丽华伞业运营；属于&gt;90元高端价格段，承接天猫渠道销量占比4.0% 销售额占比21.5%市场份额。,https://guangtao.taobao.com/product-9886c50e4b3ab1db427a05a6f85f579287ecab2d5bd10027fa23a408cdbeb707.html,淘宝累计评价100万+,4150搜索热度 同比+22%,月销10万+件 (批发量),批发复购+好评 累计50万+
,,,,Lovibee 儿童伞 54-90元价格段代表型号,淘宝,2026-Q1,Lovibee 儿童伞；54-90元价格段；浙江 杭州；中高端,Lovibee品牌儿童伞款（小学生），定价12.0元，浙江 杭州发货，恒鑫伞厂运营；属于54-90元中高端价格段，承接天猫渠道销量占比8.8% 销售额占比32.1%市场份额。,https://guangtao.taobao.com/product-c0c0d679ac836c93ee674e773e22b36c64be22f6fa52e52a75b592d01b7e24c0.html,淘宝累计评价50万+,1369搜索热度 同比+20%,月销20万+件 (批发量),批发复购+好评 累计50万+
,,,,飞恋 马卡龙色太阳伞 &lt;30元价格段代表型号,淘宝,2025-11,飞恋 马卡龙色太阳伞；&lt;30元价格段；浙江 绍兴；高频走量,飞恋品牌马卡龙色太阳伞款（颜值党），定价29.8元，浙江 绍兴发货，仟语家居旗舰店运营；属于&lt;30元低端价格段，承接天猫渠道销量占比50.0% 月度44.2-49.3%市场份额。,https://guangtao.taobao.com/topic-196244299,淘宝累计评价1000+,2571搜索热度 同比-49%,月销500件,评价+复购+加购 2000+
,,,,菲诺 三折钛银胶太阳伞 &lt;30元价格段代表型号,淘宝,2025-11,菲诺 三折钛银胶太阳伞；&lt;30元价格段；重庆；高频走量,菲诺品牌三折钛银胶太阳伞款（防紫外线），定价2.18元，重庆发货，长酉商贸运营；属于&lt;30元低端价格段，承接天猫渠道销量占比50.0% 月度44.2-49.3%市场份额。,https://survey.shangpu-china.com/uploadfile/202512/400c42347f70744.pdf,淘宝累计评价50万+,6778搜索热度 同比-34%,月销20万+件 (批发量),批发复购+好评 累计10万+
,,,,渔之源 透明伞/8骨 &gt;90元价格段代表型号,淘宝,2025-Q1,渔之源 透明伞/8骨；&gt;90元价格段；广东 深圳；高毛利,渔之源品牌透明伞/8骨款（拍照场景），定价165.0元，广东 深圳发货，蕉下官方旗舰店运营；属于&gt;90元高端价格段，承接天猫渠道销量占比4.0% 销售额占比21.5%市场份额。,https://survey.shangpu-china.com/uploadfile/202512/fa11d7f0b30f508.pdf,淘宝累计评价3万+,420搜索热度 同比+41%,月销10000件,评价+复购+加购 3万+
,,,,蕉下官方 广告伞/定制伞 54-90元价格段代表型号,淘宝,2026-07,蕉下官方 广告伞/定制伞；54-90元价格段；浙江 金华；中高端,蕉下官方品牌广告伞/定制伞款（企业定制），定价18.7元，浙江 金华发货，红叶制伞有限公司运营；属于54-90元中高端价格段，承接天猫渠道销量占比8.8% 销售额占比32.1%市场份额。,https://survey.shangpu-china.com/uploadfile/202601/8849d2d4e29dcc5.pdf,淘宝累计评价100万+,6489搜索热度 同比+31%,月销10万+件 (批发量),批发复购+好评 累计10万+
,,,,艳夏伞厂 五折口袋伞 30-54元价格段代表型号,淘宝,2026-Q2,艳夏伞厂 五折口袋伞；30-54元价格段；江西 宜春；中端主力,艳夏伞厂品牌五折口袋伞款（迷你便携），定价19.44元，江西 宜春发货，宝叶旗舰店运营；属于30-54元中端主流价格段，承接天猫渠道销量占比37.2% 销售额占比38.2%市场份额。,https://survey.shangpu-china.com/uploadfile/202602/db30f690512ab65.pdf,淘宝累计评价2000+,7240搜索热度 同比-29%,月销800件,评价+复购+加购 2000+
,,,,qiutong 帐篷/沙滩伞 30-54元价格段代表型号,淘宝,2025-Q1,qiutong 帐篷/沙滩伞；30-54元价格段；浙江 绍兴；中端主力,qiutong品牌帐篷/沙滩伞款（户外），定价22.0元，浙江 绍兴发货，必朗旗舰店运营；属于30-54元中端主流价格段，承接天猫渠道销量占比37.2% 销售额占比38.2%市场份额。,https://www.docin.com/touch_new/preview_new.do?id=4968052950,淘宝累计评价1万+,2191搜索热度 同比+39%,月销10000件,评价+复购+加购 3万+
,,,,梅花伞Susino 碳纤维超轻伞 &lt;30元价格段代表型号,淘宝,2026-Q2,梅花伞Susino 碳纤维超轻伞；&lt;30元价格段；浙江 绍兴；高频走量,梅花伞Susino品牌碳纤维超轻伞款（高端便携），定价19.98元，浙江 绍兴发货，9月户外用品厂运营；属于&lt;30元低端价格段，承接天猫渠道销量占比50.0% 月度44.2-49.3%市场份额。,https://www.docin.com/touch_new/preview_new.do?id=4946351953,淘宝累计评价1000+,2323搜索热度 同比+16%,月销1000件,评价+复购+加购 1000+
,,,,萧山产业带 海军条纹进口伞 54-90元价格段代表型号,淘宝,2025-12,萧山产业带 海军条纹进口伞；54-90元价格段；广东 东莞；中高端,萧山产业带品牌海军条纹进口伞款（进口品牌），定价32.0元，广东 东莞发货，东莞粤华伞业运营；属于54-90元中高端价格段，承接天猫渠道销量占比8.8% 销售额占比32.1%市场份额。,https://www.docin.com/touch_new/preview_new.do?id=4966813124,淘宝累计评价50万+,7549搜索热度 同比-29%,月销8万+件 (批发量),批发复购+好评 累计50万+
,,,,topmantown拓漫途 全自动晴雨两用伞 &lt;30元价格段代表型号,淘宝,2025-Q2,topmantown拓漫途 全自动晴雨两用伞；&lt;30元价格段；浙江 金华；高频走量,topmantown拓漫途品牌全自动晴雨两用伞款（一键开合），定价39.9元，浙江 金华发货，redleaf红叶家居旗舰店运营；属于&lt;30元低端价格段，承接天猫渠道销量占比50.0% 月度44.2-49.3%市场份额。,https://www.docin.com/touch_new/preview_new.do?id=4983717092,淘宝累计评价2000+,417搜索热度 同比+8%,月销1000件,评价+复购+加购 数百
,,,,琦缇雨 超大雨伞双人长柄 &lt;30元价格段代表型号,淘宝,2025-11,琦缇雨 超大雨伞双人长柄；&lt;30元价格段；浙江 杭州；高频走量,琦缇雨品牌超大雨伞双人长柄款（大号），定价12.0元，浙江 杭州发货，艳夏伞厂运营；属于&lt;30元低端价格段，承接天猫渠道销量占比50.0% 月度44.2-49.3%市场份额。,https://www.docin.com/touch_new/preview_new.do?id=4979801312,淘宝累计评价100万+,4151搜索热度 同比-6%,月销5万+件 (批发量),批发复购+好评 累计10万+
,,,,seeu 新娘婚庆红伞 30-54元价格段代表型号,淘宝,2026-Q1,seeu 新娘婚庆红伞；30-54元价格段；浙江 义乌；中端主力,seeu品牌新娘婚庆红伞款（婚礼），定价3.25元，浙江 义乌发货，腾达百货运营；属于30-54元中端主流价格段，承接天猫渠道销量占比37.2% 销售额占比38.2%市场份额。,https://www.docin.com/touch_new/preview_new.do?id=4980830643,淘宝累计评价50万+,1974搜索热度 同比+18%,月销20万+件 (批发量),批发复购+好评 累计50万+
,,,,小米宙 三折钛银胶太阳伞 30-54元价格段代表型号,淘宝,2025-Q1,小米宙 三折钛银胶太阳伞；30-54元价格段；浙江 金华；中端主力,小米宙品牌三折钛银胶太阳伞款（防紫外线），定价18.7元，浙江 金华发货，红叶制伞有限公司运营；属于30-54元中端主流价格段，承接天猫渠道销量占比37.2% 销售额占比38.2%市场份额。,https://www.cnpp.cn/gouwu/list_1613.html,淘宝累计评价50万+,1976搜索热度 同比+15%,月销50万+件 (批发量),批发复购+好评 累计10万+
,,,,腾达百货 钓鱼伞/万向伞骨 54-90元价格段代表型号,淘宝,2025-11,腾达百货 钓鱼伞/万向伞骨；54-90元价格段；浙江 绍兴；中高端,腾达百货品牌钓鱼伞/万向伞骨款（户外），定价28.0元，浙江 绍兴发货，梅氏伞业源头工厂运营；属于54-90元中高端价格段，承接天猫渠道销量占比8.8% 销售额占比32.1%市场份额。,https://m.maigoo.com/news/522353.html,淘宝累计评价1000+,6249搜索热度 同比-50%,月销1500件,评价+复购+加购 数百
,,,,WPC 透明伞/8骨 &lt;30元价格段代表型号,淘宝,2026-08,WPC 透明伞/8骨；&lt;30元价格段；浙江 台州；高频走量,WPC品牌透明伞/8骨款（拍照场景），定价29.0元，浙江 台州发货，topmantown拓漫途旗舰店运营；属于&lt;30元低端价格段，承接天猫渠道销量占比50.0% 月度44.2-49.3%市场份额。,https://m.maigoo.com/maigoo/154qys_index.html,淘宝累计评价1000+,2083搜索热度 同比+41%,月销800件,评价+复购+加购 1000+
,,,,艳夏伞厂 高尔夫大号直柄伞 &gt;90元价格段代表型号,淘宝,2026-07,艳夏伞厂 高尔夫大号直柄伞；&gt;90元价格段；湖南 长沙；高毛利,艳夏伞厂品牌高尔夫大号直柄伞款（商务/男士），定价41.0元，湖南 长沙发货，天堂瀚登专卖店运营；属于&gt;90元高端价格段，承接天猫渠道销量占比4.0% 销售额占比21.5%市场份额。,https://m.chinabgao.com/brand/detail/a98f1a9f4a1d4ae987dbe14a16e2223a.html,淘宝累计评价1000+,1229搜索热度 同比+26%,月销800件,评价+复购+加购 1000+
,,,,萧山产业带 马卡龙色太阳伞 &lt;30元价格段代表型号,淘宝,2026-Q2,萧山产业带 马卡龙色太阳伞；&lt;30元价格段；浙江 义乌；高频走量,萧山产业带品牌马卡龙色太阳伞款（颜值党），定价3.25元，浙江 义乌发货，腾达百货运营；属于&lt;30元低端价格段，承接天猫渠道销量占比50.0% 月度44.2-49.3%市场份额。,https://www.1688.com/jiage/-D5E3BDADBAECD2B6D3EAC9A1.html,淘宝累计评价100万+,6034搜索热度 同比+34%,月销20万+件 (批发量),批发复购+好评 累计10万+
,,,,红叶之秀 三折晴雨两用伞 30-54元价格段代表型号,淘宝,2026-Q2,红叶之秀 三折晴雨两用伞；30-54元价格段；浙江 绍兴；中端主力,红叶之秀品牌三折晴雨两用伞款（便携折叠），定价25.0元，浙江 绍兴发货，qiutong家居旗舰店运营；属于30-54元中端主流价格段，承接天猫渠道销量占比37.2% 销售额占比38.2%市场份额。,https://www.1688.com/brand/-BDB6CFC2C9A1.html,淘宝累计评价2000+,4525搜索热度 同比+39%,月销1500件,评价+复购+加购 1000+
,,,,红叶制伞有限公司 新娘婚庆红伞 54-90元价格段代表型号,淘宝,2025-11,红叶制伞有限公司 新娘婚庆红伞；54-90元价格段；浙江 金华；中高端,红叶制伞有限公司品牌新娘婚庆红伞款（婚礼），定价32.9元，浙江 金华发货，红叶之秀雨伞店运营；属于54-90元中高端价格段，承接天猫渠道销量占比8.8% 销售额占比32.1%市场份额。,https://wiki.1688.com/zh/sun-umbrella/WKfn5nfc3ch91c,淘宝累计评价3万+,4122搜索热度 同比+10%,月销5000件,评价+复购+加购 3万+
,,,,必朗 碳纤维超轻伞 &gt;90元价格段代表型号,淘宝,2026-07,必朗 碳纤维超轻伞；&gt;90元价格段；湖南 长沙；高毛利,必朗品牌碳纤维超轻伞款（高端便携），定价41.0元，湖南 长沙发货，天堂瀚登专卖店运营；属于&gt;90元高端价格段，承接天猫渠道销量占比4.0% 销售额占比21.5%市场份额。,https://wiki.1688.com/zh/umbrellas/WKfdwihfl8fk74,淘宝累计评价2000+,6309搜索热度 同比-36%,月销1500件,评价+复购+加购 数百
,,,,Belle Maison 反向折叠伞 30-54元价格段代表型号,淘宝,2026-08,Belle Maison 反向折叠伞；30-54元价格段；浙江；中端主力,Belle Maison品牌反向折叠伞款（反向收伞），定价159.0元，浙江发货，天堂牌成人雨披店运营；属于30-54元中端主流价格段，承接天猫渠道销量占比37.2% 销售额占比38.2%市场份额。,https://wiki.1688.com/zh/fishing-umbrella/WKftw10xhg0ohs,淘宝累计评价5000+,4332搜索热度 同比-43%,月销800件,评价+复购+加购 1000+
,,,,COSMOS 鹅柄商务伞 &lt;30元价格段代表型号,淘宝,2025-11,COSMOS 鹅柄商务伞；&lt;30元价格段；江西 宜春；高频走量,COSMOS品牌鹅柄商务伞款（商务礼赠），定价19.44元，江西 宜春发货，宝叶旗舰店运营；属于&lt;30元低端价格段，承接天猫渠道销量占比50.0% 月度44.2-49.3%市场份额。,https://www.am10.com/art-eyL5ouZ6oS55QCI6FaL6.htm,淘宝累计评价2000+,3230搜索热度 同比-31%,月销1500件,评价+复购+加购 2000+
,,,,Knirps克尼普斯 马卡龙色太阳伞 &gt;90元价格段代表型号,淘宝,2026-Q2,Knirps克尼普斯 马卡龙色太阳伞；&gt;90元价格段；浙江 金华；高毛利,Knirps克尼普斯品牌马卡龙色太阳伞款（颜值党），定价18.7元，浙江 金华发货，红叶制伞有限公司运营；属于&gt;90元高端价格段，承接天猫渠道销量占比4.0% 销售额占比21.5%市场份额。,https://www.am10.com/art-eyL5ouZ60mp5Z6b6h2Y5sma6.htm,淘宝累计评价50万+,7442搜索热度 同比+10%,月销20万+件 (批发量),批发复购+好评 累计10万+
,,,,宝叶旗舰店 钓鱼伞/万向伞骨 30-54元价格段代表型号,淘宝,2026-08,宝叶旗舰店 钓鱼伞/万向伞骨；30-54元价格段；浙江 杭州；中端主力,宝叶旗舰店品牌钓鱼伞/万向伞骨款（户外），定价12.0元，浙江 杭州发货，恒鑫伞厂运营；属于30-54元中端主流价格段，承接天猫渠道销量占比37.2% 销售额占比38.2%市场份额。,https://maisui1.com/art-Smp5yiZ66Cp5-6L5.htm,淘宝累计评价50万+,6146搜索热度 同比-38%,月销10万+件 (批发量),批发复购+好评 累计50万+
,,,,seeu 帐篷/沙滩伞 54-90元价格段代表型号,淘宝,2025-11,seeu 帐篷/沙滩伞；54-90元价格段；浙江；中高端,seeu品牌帐篷/沙滩伞款（户外），定价55.0元，浙江发货，派恩娜旗舰店运营；属于54-90元中高端价格段，承接天猫渠道销量占比8.8% 销售额占比32.1%市场份额。,https://maisui1.com/art-ISZ6yiZ6eyL5ouZ6.htm,淘宝累计评价1000+,7534搜索热度 同比-21%,月销800件,评价+复购+加购 数百
,,,,梅花伞Susino 碳纤维超轻伞 54-90元价格段代表型号,淘宝,2025-11,梅花伞Susino 碳纤维超轻伞；54-90元价格段；广东 深圳；中高端,梅花伞Susino品牌碳纤维超轻伞款（高端便携），定价165.0元，广东 深圳发货，蕉下官方旗舰店运营；属于54-90元中高端价格段，承接天猫渠道销量占比8.8% 销售额占比32.1%市场份额。,https://maisui1.com/art-FyY5MOI6eyL5ouZ6.htm,淘宝累计评价1万+,8879搜索热度 同比+49%,月销2000件,评价+复购+加购 1万+
,,,,梅花伞Susino 新娘婚庆红伞 &gt;90元价格段代表型号,淘宝,2025-11,梅花伞Susino 新娘婚庆红伞；&gt;90元价格段；浙江；高毛利,梅花伞Susino品牌新娘婚庆红伞款（婚礼），定价55.0元，浙江发货，派恩娜旗舰店运营；属于&gt;90元高端价格段，承接天猫渠道销量占比4.0% 销售额占比21.5%市场份额。,https://www.am10.com/art-eyL5ouZ6Eq55Ly559Wa5.htm,淘宝累计评价1000+,8695搜索热度 同比+11%,月销800件,评价+复购+加购 1000+
,,,,红叶之秀 三折钛银胶太阳伞 54-90元价格段代表型号,淘宝,2025-Q1,红叶之秀 三折钛银胶太阳伞；54-90元价格段；浙江 金华；中高端,红叶之秀品牌三折钛银胶太阳伞款（防紫外线），定价39.9元，浙江 金华发货，redleaf红叶家居旗舰店运营；属于54-90元中高端价格段，承接天猫渠道销量占比8.8% 销售额占比32.1%市场份额。,https://www.am10.com/art-eyL5ouZ60mp5ymI6JK75.htm,淘宝累计评价1000+,5052搜索热度 同比-39%,月销500件,评价+复购+加购 1000+
,,,,必朗 帐篷/沙滩伞 &lt;30元价格段代表型号,淘宝,2025-Q2,必朗 帐篷/沙滩伞；&lt;30元价格段；浙江 杭州；高频走量,必朗品牌帐篷/沙滩伞款（户外），定价12.0元，浙江 杭州发货，恒鑫伞厂运营；属于&lt;30元低端价格段，承接天猫渠道销量占比50.0% 月度44.2-49.3%市场份额。,https://www.am10.com/art-eyL5ouZ6oS55Yia5wap58S65ama5.htm,淘宝累计评价100万+,4886搜索热度 同比+13%,月销50万+件 (批发量),批发复购+好评 累计50万+
,,,,蕉下Beneunder 三折防晒伞/黑胶 &lt;30元价格段代表型号,淘宝,2025-Q1,蕉下Beneunder 三折防晒伞/黑胶；&lt;30元价格段；湖南 长沙；高频走量,蕉下Beneunder品牌三折防晒伞/黑胶款（强防晒），定价41.0元，湖南 长沙发货，天堂瀚登专卖店运营；属于&lt;30元低端价格段，承接天猫渠道销量占比50.0% 月度44.2-49.3%市场份额。,https://www.am10.com/art-eyL5Yia5wap5BOZ5oS55ama5Tu75.htm,淘宝累计评价2000+,4758搜索热度 同比-33%,月销1500件,评价+复购+加购 数百
,,,,仟语家居 防锈直杆伞 54-90元价格段代表型号,淘宝,2025-Q1,仟语家居 防锈直杆伞；54-90元价格段；浙江；中高端,仟语家居品牌防锈直杆伞款（耐用基础款），定价55.0元，浙江发货，派恩娜旗舰店运营；属于54-90元中高端价格段，承接天猫渠道销量占比8.8% 销售额占比32.1%市场份额。,https://www.am10.com/art-eyL55q75h2p5baY53Wr5.htm,淘宝累计评价2000+,1969搜索热度 同比+30%,月销1000件,评价+复购+加购 数百
,,,,FULTON富尔顿 五折口袋伞 30-54元价格段代表型号,淘宝,2026-08,FULTON富尔顿 五折口袋伞；30-54元价格段；广东 深圳；中端主力,FULTON富尔顿品牌五折口袋伞款（迷你便携），定价159.0元，广东 深圳发货，蕉下官方奥莱旗舰店运营；属于30-54元中端主流价格段，承接天猫渠道销量占比37.2% 销售额占比38.2%市场份额。,https://www.am10.com/art-z_Z6Wqo5eyL5ouZ6Rub6.htm,淘宝累计评价1万+,9321搜索热度 同比+10%,月销3000件,评价+复购+加购 1万+
,,,,必朗 油纸伞/非遗 &gt;90元价格段代表型号,淘宝,2025-12,必朗 油纸伞/非遗；&gt;90元价格段；浙江 绍兴；高毛利,必朗品牌油纸伞/非遗款（国风手作），定价22.0元，浙江 绍兴发货，必朗旗舰店运营；属于&gt;90元高端价格段，承接天猫渠道销量占比4.0% 销售额占比21.5%市场份额。,https://wiki.smzdm.com/list/kqrwjrr/p10/,淘宝累计评价3万+,3797搜索热度 同比+29%,月销20000件,评价+复购+加购 3万+
,,,,红叶HongYe 全自动晴雨两用伞 &gt;90元价格段代表型号,淘宝,2025-11,红叶HongYe 全自动晴雨两用伞；&gt;90元价格段；浙江 金华；高毛利,红叶HongYe品牌全自动晴雨两用伞款（一键开合），定价18.7元，浙江 金华发货，红叶制伞有限公司运营；属于&gt;90元高端价格段，承接天猫渠道销量占比4.0% 销售额占比21.5%市场份额。,https://wiki.m.smzdm.com/p/qx09w4m/,淘宝累计评价100万+,9416搜索热度 同比+44%,月销10万+件 (批发量),批发复购+好评 累计10万+
,,,,广东粤华伞业 马卡龙色太阳伞 30-54元价格段代表型号,淘宝,2025-Q3,广东粤华伞业 马卡龙色太阳伞；30-54元价格段；浙江；中端主力,广东粤华伞业品牌马卡龙色太阳伞款（颜值党），定价8.0元，浙江发货，琦缇雨户外用品运营；属于30-54元中端主流价格段，承接天猫渠道销量占比37.2% 销售额占比38.2%市场份额。,https://wiki.m.smzdm.com/p/yn3p8wo/,淘宝累计评价100万+,1430搜索热度 同比-16%,月销10万+件 (批发量),批发复购+好评 累计10万+
,,,,必朗 防锈直杆伞 &lt;30元价格段代表型号,淘宝,2025-11,必朗 防锈直杆伞；&lt;30元价格段；浙江 绍兴；高频走量,必朗品牌防锈直杆伞款（耐用基础款），定价19.98元，浙江 绍兴发货，9月户外用品厂运营；属于&lt;30元低端价格段，承接天猫渠道销量占比50.0% 月度44.2-49.3%市场份额。,https://www.taobao.com/list/product/8%E9%AA%A8%E9%9B%A8%E4%BC%9E.htm,淘宝累计评价2000+,7481搜索热度 同比+35%,月销1000件,评价+复购+加购 数百
,,,,天堂伞 反向折叠伞 54-90元价格段代表型号,淘宝,2025-11,天堂伞 反向折叠伞；54-90元价格段；广东 深圳；中高端,天堂伞品牌反向折叠伞款（反向收伞），定价159.0元，广东 深圳发货，蕉下官方奥莱旗舰店运营；属于54-90元中高端价格段，承接天猫渠道销量占比8.8% 销售额占比32.1%市场份额。,https://www.taobao.com/list/product/%E6%8A%98%E5%8F%A0%E8%87%AA%E5%8A%A8%E4%BC%9E.htm,淘宝累计评价3万+,7538搜索热度 同比-19%,月销5000件,评价+复购+加购 5万+
,,,,蕉下Beneunder 三折防晒伞/黑胶 &gt;90元价格段代表型号,淘宝,2025-Q2,蕉下Beneunder 三折防晒伞/黑胶；&gt;90元价格段；浙江；高毛利,蕉下Beneunder品牌三折防晒伞/黑胶款（强防晒），定价8.0元，浙江发货，琦缇雨户外用品运营；属于&gt;90元高端价格段，承接天猫渠道销量占比4.0% 销售额占比21.5%市场份额。,https://www.taobao.com/chanpin/ebadc73e6403e7e8f061f944c819d787.html,淘宝累计评价50万+,9022搜索热度 同比-14%,月销5万+件 (批发量),批发复购+好评 累计10万+
,,,,米家 广告伞/定制伞 &lt;30元价格段代表型号,淘宝,2025-Q2,米家 广告伞/定制伞；&lt;30元价格段；浙江 绍兴；高频走量,米家品牌广告伞/定制伞款（企业定制），定价28.0元，浙江 绍兴发货，梅氏伞业源头工厂运营；属于&lt;30元低端价格段，承接天猫渠道销量占比50.0% 月度44.2-49.3%市场份额。,https://www.taobao.com/chanpin/a87dec3fa42b7b27f7459917b06b061f.html,淘宝累计评价2000+,5139搜索热度 同比+41%,月销500件,评价+复购+加购 1000+
,,,,天浩塑胶 油纸伞/非遗 &gt;90元价格段代表型号,淘宝,2026-07,天浩塑胶 油纸伞/非遗；&gt;90元价格段；浙江 绍兴；高毛利,天浩塑胶品牌油纸伞/非遗款（国风手作），定价29.8元，浙江 绍兴发货，仟语家居旗舰店运营；属于&gt;90元高端价格段，承接天猫渠道销量占比4.0% 销售额占比21.5%市场份额。,https://www.taobao.com/chanpin/c2522bd806190667a2b5e29065b3a217.html,淘宝累计评价5000+,6694搜索热度 同比+37%,月销800件,评价+复购+加购 1000+
,,,,seeu 帐篷/沙滩伞 &lt;30元价格段代表型号,淘宝,2025-Q1,seeu 帐篷/沙滩伞；&lt;30元价格段；浙江 台州；高频走量,seeu品牌帐篷/沙滩伞款（户外），定价29.0元，浙江 台州发货，topmantown拓漫途旗舰店运营；属于&lt;30元低端价格段，承接天猫渠道销量占比50.0% 月度44.2-49.3%市场份额。,https://guangtao.taobao.com/product-053b835b838408c099deacdad5d9704d96ad01260a7acd4e791c79c545f174f1.html,淘宝累计评价5000+,753搜索热度 同比+25%,月销1500件,评价+复购+加购 1000+
,,,,红叶制伞有限公司 鹅柄商务伞 &lt;30元价格段代表型号,淘宝,2025-Q1,红叶制伞有限公司 鹅柄商务伞；&lt;30元价格段；浙江 绍兴；高频走量,红叶制伞有限公司品牌鹅柄商务伞款（商务礼赠），定价19.98元，浙江 绍兴发货，9月户外用品厂运营；属于&lt;30元低端价格段，承接天猫渠道销量占比50.0% 月度44.2-49.3%市场份额。,https://guangtao.taobao.com/product-ee075a030bb95f09cf70bda938222566fda0875ea13b913791cdf0afe94731aa.html,淘宝累计评价2000+,439搜索热度 同比+48%,月销500件,评价+复购+加购 2000+
,,,,红叶制伞有限公司 帐篷/沙滩伞 30-54元价格段代表型号,淘宝,2026-Q2,红叶制伞有限公司 帐篷/沙滩伞；30-54元价格段；广东 深圳；中端主力,红叶制伞有限公司品牌帐篷/沙滩伞款（户外），定价159.0元，广东 深圳发货，蕉下官方奥莱旗舰店运营；属于30-54元中端主流价格段，承接天猫渠道销量占比37.2% 销售额占比38.2%市场份额。,https://guangtao.taobao.com/product-9886c50e4b3ab1db427a05a6f85f579287ecab2d5bd10027fa23a408cdbeb707.html,淘宝累计评价1万+,8602搜索热度 同比+22%,月销10000件,评价+复购+加购 5万+
,,,,必朗 防锈直杆伞 &gt;90元价格段代表型号,淘宝,2025-Q2,必朗 防锈直杆伞；&gt;90元价格段；浙江 绍兴；高毛利,必朗品牌防锈直杆伞款（耐用基础款），定价22.0元，浙江 绍兴发货，必朗旗舰店运营；属于&gt;90元高端价格段，承接天猫渠道销量占比4.0% 销售额占比21.5%市场份额。,https://guangtao.taobao.com/product-c0c0d679ac836c93ee674e773e22b36c64be22f6fa52e52a75b592d01b7e24c0.html,淘宝累计评价3万+,7800搜索热度 同比-26%,月销2000件,评价+复购+加购 5万+
,,,,红叶制伞有限公司 钓鱼伞/万向伞骨 30-54元价格段代表型号,淘宝,2026-08,红叶制伞有限公司 钓鱼伞/万向伞骨；30-54元价格段；浙江；中端主力,红叶制伞有限公司品牌钓鱼伞/万向伞骨款（户外），定价8.0元，浙江发货，琦缇雨户外用品运营；属于30-54元中端主流价格段，承接天猫渠道销量占比37.2% 销售额占比38.2%市场份额。,https://guangtao.taobao.com/topic-196244299,淘宝累计评价100万+,6844搜索热度 同比+23%,月销10万+件 (批发量),批发复购+好评 累计50万+
,,,,红叶制伞有限公司 帐篷/沙滩伞 &lt;30元价格段代表型号,淘宝,2026-08,红叶制伞有限公司 帐篷/沙滩伞；&lt;30元价格段；浙江；高频走量,红叶制伞有限公司品牌帐篷/沙滩伞款（户外），定价159.0元，浙江发货，天堂牌成人雨披店运营；属于&lt;30元低端价格段，承接天猫渠道销量占比50.0% 月度44.2-49.3%市场份额。,https://survey.shangpu-china.com/uploadfile/202512/400c42347f70744.pdf,淘宝累计评价1000+,1542搜索热度 同比-25%,月销1000件,评价+复购+加购 1000+
,,,,totem图腾 广告伞/定制伞 &lt;30元价格段代表型号,淘宝,2026-07,totem图腾 广告伞/定制伞；&lt;30元价格段；浙江 长沙；高频走量,totem图腾品牌广告伞/定制伞款（企业定制），定价43.0元，浙江 长沙发货，天堂伞官方旗舰店运营；属于&lt;30元低端价格段，承接天猫渠道销量占比50.0% 月度44.2-49.3%市场份额。,https://survey.shangpu-china.com/uploadfile/202512/fa11d7f0b30f508.pdf,淘宝累计评价5000+,7669搜索热度 同比-17%,月销1500件,评价+复购+加购 1000+
,,,,红叶制伞有限公司 钓鱼伞/万向伞骨 &gt;90元价格段代表型号,淘宝,2026-07,红叶制伞有限公司 钓鱼伞/万向伞骨；&gt;90元价格段；浙江 义乌；高毛利,红叶制伞有限公司品牌钓鱼伞/万向伞骨款（户外），定价3.25元，浙江 义乌发货，腾达百货运营；属于&gt;90元高端价格段，承接天猫渠道销量占比4.0% 销售额占比21.5%市场份额。,https://survey.shangpu-china.com/uploadfile/202601/8849d2d4e29dcc5.pdf,淘宝累计评价50万+,3435搜索热度 同比-13%,月销5万+件 (批发量),批发复购+好评 累计50万+
,,,,totem图腾 三折钛银胶太阳伞 &lt;30元价格段代表型号,淘宝,2026-08,totem图腾 三折钛银胶太阳伞；&lt;30元价格段；广东 深圳；高频走量,totem图腾品牌三折钛银胶太阳伞款（防紫外线），定价159.0元，广东 深圳发货，蕉下官方奥莱旗舰店运营；属于&lt;30元低端价格段，承接天猫渠道销量占比50.0% 月度44.2-49.3%市场份额。,https://survey.shangpu-china.com/uploadfile/202602/db30f690512ab65.pdf,淘宝累计评价5万+,4020搜索热度 同比+24%,月销2000件,评价+复购+加购 1万+
,,,,Belle Maison 油纸伞/非遗 &gt;90元价格段代表型号,淘宝,2025-Q3,Belle Maison 油纸伞/非遗；&gt;90元价格段；浙江 绍兴；高毛利,Belle Maison品牌油纸伞/非遗款（国风手作），定价19.98元，浙江 绍兴发货，9月户外用品厂运营；属于&gt;90元高端价格段，承接天猫渠道销量占比4.0% 销售额占比21.5%市场份额。,https://www.docin.com/touch_new/preview_new.do?id=4968052950,淘宝累计评价2000+,3781搜索热度 同比+12%,月销200件,评价+复购+加购 数百
,,,,qiutong 帐篷/沙滩伞 &gt;90元价格段代表型号,淘宝,2025-11,qiutong 帐篷/沙滩伞；&gt;90元价格段；浙江；高毛利,qiutong品牌帐篷/沙滩伞款（户外），定价8.0元，浙江发货，琦缇雨户外用品运营；属于&gt;90元高端价格段，承接天猫渠道销量占比4.0% 销售额占比21.5%市场份额。,https://www.docin.com/touch_new/preview_new.do?id=4946351953,淘宝累计评价50万+,8437搜索热度 同比+31%,月销10万+件 (批发量),批发复购+好评 累计50万+
,,,,必朗 碳纤维超轻伞 &gt;90元价格段代表型号,淘宝,2025-Q3,必朗 碳纤维超轻伞；&gt;90元价格段；浙江；高毛利,必朗品牌碳纤维超轻伞款（高端便携），定价159.0元，浙江发货，天堂牌成人雨披店运营；属于&gt;90元高端价格段，承接天猫渠道销量占比4.0% 销售额占比21.5%市场份额。,https://www.docin.com/touch_new/preview_new.do?id=4966813124,淘宝累计评价5000+,2469搜索热度 同比-43%,月销1500件,评价+复购+加购 2000+
,,,,seeu 新娘婚庆红伞 &lt;30元价格段代表型号,淘宝,2025-12,seeu 新娘婚庆红伞；&lt;30元价格段；江西 宜春；高频走量,seeu品牌新娘婚庆红伞款（婚礼），定价19.44元，江西 宜春发货，宝叶旗舰店运营；属于&lt;30元低端价格段，承接天猫渠道销量占比50.0% 月度44.2-49.3%市场份额。,https://www.docin.com/touch_new/preview_new.do?id=4983717092,淘宝累计评价2000+,6898搜索热度 同比-37%,月销800件,评价+复购+加购 数百
,,,,菲诺 三折钛银胶太阳伞 54-90元价格段代表型号,淘宝,2026-Q1,菲诺 三折钛银胶太阳伞；54-90元价格段；浙江 杭州；中高端,菲诺品牌三折钛银胶太阳伞款（防紫外线），定价12.0元，浙江 杭州发货，恒鑫伞厂运营；属于54-90元中高端价格段，承接天猫渠道销量占比8.8% 销售额占比32.1%市场份额。,https://www.docin.com/touch_new/preview_new.do?id=4979801312,淘宝累计评价100万+,8122搜索热度 同比+33%,月销50万+件 (批发量),批发复购+好评 累计50万+
,,,,红叶HongYe 透明伞/8骨 54-90元价格段代表型号,淘宝,2025-11,红叶HongYe 透明伞/8骨；54-90元价格段；浙江 绍兴；中高端,红叶HongYe品牌透明伞/8骨款（拍照场景），定价22.0元，浙江 绍兴发货，婉芳儿旗舰店运营；属于54-90元中高端价格段，承接天猫渠道销量占比8.8% 销售额占比32.1%市场份额。,https://www.docin.com/touch_new/preview_new.do?id=4980830643,淘宝累计评价1万+,9003搜索热度 同比-25%,月销20000件,评价+复购+加购 5万+
,,,,天堂伞 反向折叠伞 &gt;90元价格段代表型号,淘宝,2026-Q2,天堂伞 反向折叠伞；&gt;90元价格段；浙江 绍兴；高毛利,天堂伞品牌反向折叠伞款（反向收伞），定价22.0元，浙江 绍兴发货，必朗旗舰店运营；属于&gt;90元高端价格段，承接天猫渠道销量占比4.0% 销售额占比21.5%市场份额。,https://www.cnpp.cn/gouwu/list_1613.html,淘宝累计评价5万+,6830搜索热度 同比-35%,月销3000件,评价+复购+加购 3万+
,,,,渔之源 透明伞/8骨 30-54元价格段代表型号,淘宝,2026-07,渔之源 透明伞/8骨；30-54元价格段；浙江 义乌；中端主力,渔之源品牌透明伞/8骨款（拍照场景），定价3.25元，浙江 义乌发货，腾达百货运营；属于30-54元中端主流价格段，承接天猫渠道销量占比37.2% 销售额占比38.2%市场份额。,https://m.maigoo.com/news/522353.html,淘宝累计评价50万+,706搜索热度 同比-42%,月销20万+件 (批发量),批发复购+好评 累计10万+
,,,,天浩塑胶 油纸伞/非遗 &lt;30元价格段代表型号,淘宝,2025-Q3,天浩塑胶 油纸伞/非遗；&lt;30元价格段；浙江 台州；高频走量,天浩塑胶品牌油纸伞/非遗款（国风手作），定价29.0元，浙江 台州发货，topmantown拓漫途旗舰店运营；属于&lt;30元低端价格段，承接天猫渠道销量占比50.0% 月度44.2-49.3%市场份额。,https://m.maigoo.com/maigoo/154qys_index.html,淘宝累计评价2000+,7586搜索热度 同比-14%,月销1500件,评价+复购+加购 2000+
,,,,山白 广告伞/定制伞 &lt;30元价格段代表型号,淘宝,2025-Q2,山白 广告伞/定制伞；&lt;30元价格段；浙江 金华；高频走量,山白品牌广告伞/定制伞款（企业定制），定价39.9元，浙江 金华发货，redleaf红叶家居旗舰店运营；属于&lt;30元低端价格段，承接天猫渠道销量占比50.0% 月度44.2-49.3%市场份额。,https://m.chinabgao.com/brand/detail/a98f1a9f4a1d4ae987dbe14a16e2223a.html,淘宝累计评价2000+,4442搜索热度 同比-49%,月销1000件,评价+复购+加购 2000+
,,,,topmantown拓漫途 全自动晴雨两用伞 54-90元价格段代表型号,淘宝,2026-08,topmantown拓漫途 全自动晴雨两用伞；54-90元价格段；浙江 金华；中高端,topmantown拓漫途品牌全自动晴雨两用伞款（一键开合），定价35.0元，浙江 金华发货，红叶雨伞官方旗舰店运营；属于54-90元中高端价格段，承接天猫渠道销量占比8.8% 销售额占比32.1%市场份额。,https://www.1688.com/jiage/-D5E3BDADBAECD2B6D3EAC9A1.html,淘宝累计评价5万+,6326搜索热度 同比+45%,月销20000件,评价+复购+加购 3万+
,,,,红叶HongYe 鹅柄商务伞 &lt;30元价格段代表型号,淘宝,2025-Q2,红叶HongYe 鹅柄商务伞；&lt;30元价格段；浙江 绍兴；高频走量,红叶HongYe品牌鹅柄商务伞款（商务礼赠），定价22.0元，浙江 绍兴发货，必朗旗舰店运营；属于&lt;30元低端价格段，承接天猫渠道销量占比50.0% 月度44.2-49.3%市场份额。,https://www.1688.com/brand/-BDB6CFC2C9A1.html,淘宝累计评价3万+,1221搜索热度 同比-48%,月销20000件,评价+复购+加购 1万+
,,,,必朗 五折口袋伞 &gt;90元价格段代表型号,淘宝,2025-Q1,必朗 五折口袋伞；&gt;90元价格段；浙江 杭州；高毛利,必朗品牌五折口袋伞款（迷你便携），定价12.0元，浙江 杭州发货，艳夏伞厂运营；属于&gt;90元高端价格段，承接天猫渠道销量占比4.0% 销售额占比21.5%市场份额。,https://wiki.1688.com/zh/sun-umbrella/WKfn5nfc3ch91c,淘宝累计评价50万+,1746搜索热度 同比-49%,月销5万+件 (批发量),批发复购+好评 累计10万+
,,,,匠心伞业 防锈直杆伞 54-90元价格段代表型号,淘宝,2026-08,匠心伞业 防锈直杆伞；54-90元价格段；浙江；中高端,匠心伞业品牌防锈直杆伞款（耐用基础款），定价8.0元，浙江发货，琦缇雨户外用品运营；属于54-90元中高端价格段，承接天猫渠道销量占比8.8% 销售额占比32.1%市场份额。,https://wiki.1688.com/zh/umbrellas/WKfdwihfl8fk74,淘宝累计评价10万+,4906搜索热度 同比-32%,月销5万+件 (批发量),批发复购+好评 累计10万+
,,,,ooahz 五折口袋伞 &gt;90元价格段代表型号,淘宝,2025-11,ooahz 五折口袋伞；&gt;90元价格段；浙江 绍兴；高毛利,ooahz品牌五折口袋伞款（迷你便携），定价28.0元，浙江 绍兴发货，梅氏伞业源头工厂运营；属于&gt;90元高端价格段，承接天猫渠道销量占比4.0% 销售额占比21.5%市场份额。,https://wiki.1688.com/zh/fishing-umbrella/WKftw10xhg0ohs,淘宝累计评价5000+,3050搜索热度 同比-10%,月销1500件,评价+复购+加购 1000+
,,,,Lovibee 儿童伞 &gt;90元价格段代表型号,淘宝,2025-12,Lovibee 儿童伞；&gt;90元价格段；浙江 绍兴；高毛利,Lovibee品牌儿童伞款（小学生），定价22.0元，浙江 绍兴发货，婉芳儿旗舰店运营；属于&gt;90元高端价格段，承接天猫渠道销量占比4.0% 销售额占比21.5%市场份额。,https://www.am10.com/art-eyL5ouZ6oS55QCI6FaL6.htm,淘宝累计评价3万+,2444搜索热度 同比-45%,月销20000件,评价+复购+加购 3万+
,,,,FULTON富尔顿 超大雨伞双人长柄 &lt;30元价格段代表型号,淘宝,2026-Q1,FULTON富尔顿 超大雨伞双人长柄；&lt;30元价格段；浙江 绍兴；高频走量,FULTON富尔顿品牌超大雨伞双人长柄款（大号），定价19.98元，浙江 绍兴发货，9月户外用品厂运营；属于&lt;30元低端价格段，承接天猫渠道销量占比50.0% 月度44.2-49.3%市场份额。,https://www.am10.com/art-eyL5ouZ60mp5Z6b6h2Y5sma6.htm,淘宝累计评价1000+,4812搜索热度 同比+15%,月销1000件,评价+复购+加购 1000+
,,,,恒鑫伞厂 新娘婚庆红伞 54-90元价格段代表型号,淘宝,2026-07,恒鑫伞厂 新娘婚庆红伞；54-90元价格段；广东；中高端,恒鑫伞厂品牌新娘婚庆红伞款（婚礼），定价28.0元，广东发货，美丽华伞业运营；属于54-90元中高端价格段，承接天猫渠道销量占比8.8% 销售额占比32.1%市场份额。,https://maisui1.com/art-Smp5yiZ66Cp5-6L5.htm,淘宝累计评价10万+,4197搜索热度 同比-24%,月销20万+件 (批发量),批发复购+好评 累计50万+
,,,,红叶之秀 三折晴雨两用伞 &lt;30元价格段代表型号,淘宝,2025-12,红叶之秀 三折晴雨两用伞；&lt;30元价格段；浙江 台州；高频走量,红叶之秀品牌三折晴雨两用伞款（便携折叠），定价29.0元，浙江 台州发货，topmantown拓漫途旗舰店运营；属于&lt;30元低端价格段，承接天猫渠道销量占比50.0% 月度44.2-49.3%市场份额。,https://maisui1.com/art-ISZ6yiZ6eyL5ouZ6.htm,淘宝累计评价2000+,6348搜索热度 同比+41%,月销500件,评价+复购+加购 2000+
,,,,腾达百货 钓鱼伞/万向伞骨 &lt;30元价格段代表型号,淘宝,2026-07,腾达百货 钓鱼伞/万向伞骨；&lt;30元价格段；浙江 绍兴；高频走量,腾达百货品牌钓鱼伞/万向伞骨款（户外），定价22.0元，浙江 绍兴发货，必朗旗舰店运营；属于&lt;30元低端价格段，承接天猫渠道销量占比50.0% 月度44.2-49.3%市场份额。,https://maisui1.com/art-FyY5MOI6eyL5ouZ6.htm,淘宝累计评价5万+,4597搜索热度 同比-48%,月销10000件,评价+复购+加购 1万+
,,,,琦缇雨 全自动晴雨两用伞 54-90元价格段代表型号,淘宝,2025-Q3,琦缇雨 全自动晴雨两用伞；54-90元价格段；安徽；中高端,琦缇雨品牌全自动晴雨两用伞款（一键开合），定价45.9元，安徽发货，沐雨百货用品店运营；属于54-90元中高端价格段，承接天猫渠道销量占比8.8% 销售额占比32.1%市场份额。,https://www.am10.com/art-eyL5ouZ6Eq55Ly559Wa5.htm,淘宝累计评价5000+,5872搜索热度 同比-17%,月销500件,评价+复购+加购 1000+
,,,,长酉商贸 透明伞/8骨 &lt;30元价格段代表型号,淘宝,2025-Q3,长酉商贸 透明伞/8骨；&lt;30元价格段；浙江；高频走量,长酉商贸品牌透明伞/8骨款（拍照场景），定价78.0元，浙江发货，欧乐奇户外旗舰店运营；属于&lt;30元低端价格段，承接天猫渠道销量占比50.0% 月度44.2-49.3%市场份额。,https://www.am10.com/art-eyL5ouZ60mp5ymI6JK75.htm,淘宝累计评价5000+,5161搜索热度 同比+7%,月销200件,评价+复购+加购 1000+
,,,,seeu 反向折叠伞 &lt;30元价格段代表型号,淘宝,2026-08,seeu 反向折叠伞；&lt;30元价格段；广东 深圳；高频走量,seeu品牌反向折叠伞款（反向收伞），定价165.0元，广东 深圳发货，蕉下官方旗舰店运营；属于&lt;30元低端价格段，承接天猫渠道销量占比50.0% 月度44.2-49.3%市场份额。,https://www.am10.com/art-eyL5ouZ6oS55Yia5wap58S65ama5.htm,淘宝累计评价1万+,5452搜索热度 同比+16%,月销5000件,评价+复购+加购 1万+
,,,,萧山产业带 马卡龙色太阳伞 54-90元价格段代表型号,淘宝,2025-12,萧山产业带 马卡龙色太阳伞；54-90元价格段；浙江 绍兴；中高端,萧山产业带品牌马卡龙色太阳伞款（颜值党），定价19.98元，浙江 绍兴发货，9月户外用品厂运营；属于54-90元中高端价格段，承接天猫渠道销量占比8.8% 销售额占比32.1%市场份额。,https://www.am10.com/art-eyL5Yia5wap5BOZ5oS55ama5Tu75.htm,淘宝累计评价2000+,8321搜索热度 同比+15%,月销1500件,评价+复购+加购 1000+
,,,,seeu 反向折叠伞 54-90元价格段代表型号,淘宝,2026-Q2,seeu 反向折叠伞；54-90元价格段；浙江 台州；中高端,seeu品牌反向折叠伞款（反向收伞），定价29.0元，浙江 台州发货，topmantown拓漫途旗舰店运营；属于54-90元中高端价格段，承接天猫渠道销量占比8.8% 销售额占比32.1%市场份额。,https://www.am10.com/art-eyL55q75h2p5baY53Wr5.htm,淘宝累计评价1000+,7773搜索热度 同比+14%,月销200件,评价+复购+加购 2000+
,,,,艳夏伞厂 五折口袋伞 54-90元价格段代表型号,淘宝,2026-Q1,艳夏伞厂 五折口袋伞；54-90元价格段；河南 洛阳；中高端,艳夏伞厂品牌五折口袋伞款（迷你便携），定价217.0元，河南 洛阳发货，渔之源旗舰店运营；属于54-90元中高端价格段，承接天猫渠道销量占比8.8% 销售额占比32.1%市场份额。,https://www.am10.com/art-z_Z6Wqo5eyL5ouZ6Rub6.htm,淘宝累计评价1000+,6564搜索热度 同比-39%,月销200件,评价+复购+加购 1000+
,,,,FULTON富尔顿 - 三折黑胶伞 通勤族的黑科技,抖音,2025-12,非遗手作 | 反光伞 2200万 | 3.8w粉,抖音鸟笼伞/英伦绅士赛道的非遗手作内容，账号FULTON富尔顿（英伦，3.8w粉），围绕话题#反光伞（2200万播放 / 0.4w视频 / 同比+85%），代表视频《三折黑胶伞 通勤族的黑科技》。,https://www.douyin.com/search/反光伞?type=video,视频0.4w / 播放2200万,搜索热度+18%,月销3万-5万单,同城 雨伞相关 搜索指数 18万 / 同比 +46%
,,,,BELLE MAISON - 8款自动开合伞对比 谁才是真一键,抖音,2026-02,直播间片段 | 夜路自动伞 4200万 | 2.1w粉,抖音日系/家庭赛道的直播间片段内容，账号BELLE MAISON（日系，2.1w粉），围绕话题#夜路自动伞（4200万播放 / 0.8w视频 / 同比新），代表视频《8款自动开合伞对比 谁才是真一键》。,https://www.douyin.com/search/夜路自动伞?type=video,视频0.8w / 播放4200万,搜索热度+5%,月销1万-3万单,抖音电商 运动户外榜 投放榜 Top 1
,,,,黑雨伞工厂店 - 挑战飞恋手电筒伞 照亮3公里夜路,抖音,2026-08-14,实景测试 | 钛银胶伞 6400万 | 12.8w粉,抖音黑胶/防紫外线/抖音爆款赛道的实景测试内容，账号黑雨伞工厂店（源头工厂，12.8w粉），围绕话题#钛银胶伞（6400万播放 / 1.2w视频 / 同比+22%），代表视频《挑战飞恋手电筒伞 照亮3公里夜路》。,https://www.douyin.com/search/钛银胶伞?type=video,视频1.2w / 播放6400万,搜索热度+18%,月销5万单,抖音热搜 #飞恋伞 #持续 12小时
,,,,FULTON富尔顿 - 保康暴雨 暖视频里那把伞火了,抖音,2026-08-10,PK对比 | 保康暖视频 800万 | 3.8w粉,抖音鸟笼伞/英伦绅士赛道的PK对比内容，账号FULTON富尔顿（英伦，3.8w粉），围绕话题#保康暖视频（800万播放 / 0.2w视频 / 同比新），代表视频《保康暴雨 暖视频里那把伞火了》。,https://www.douyin.com/search/保康暖视频?type=video,视频0.2w / 播放800万,搜索热度+24%,月销8千-1万单,GMV 单场 280万 / UV价值 38元 / 转化率 4.6%
,,,,KOL小辣椒 - 三折黑胶伞 通勤族的黑科技,抖音,2026-08-10,对比实验 | 透明伞 2.6亿 | 150w粉,抖音雨伞场景植入赛道的对比实验内容，账号KOL小辣椒（美妆跨界，150w粉），围绕话题#透明伞（2.6亿播放 / 5.2w视频 / 同比-2%），代表视频《三折黑胶伞 通勤族的黑科技》。,https://www.douyin.com/search/透明伞?type=video,视频5.2w / 播放2.6亿,搜索热度+18%,蝉妈妈销量榜Top 1,达人推广 触达 4200万 / 互动 86万 / 转化 12.4万
,,,,闻士善 - 反光伞夜间实测 这才是真夜骑安全,抖音,2026-08-05,话题挑战 | 手电筒伞 6800万 | 65w粉,抖音古法油纸伞/非遗手作赛道的话题挑战内容，账号闻士善（闻叔的伞，65w粉），围绕话题#手电筒伞（6800万播放 / 1.4w视频 / 同比新），代表视频《反光伞夜间实测 这才是真夜骑安全》。,https://www.douyin.com/search/手电筒伞?type=video,视频1.4w / 播放6800万,搜索热度+24%,月销8千-1万单,系列视频 累计 1.2亿 播放 / 186万 赞 / 24.6万 评论
,,,,BELLE MAISON - 暴雨12小时 12骨伞全程无故障,抖音,2026-03,实景测试 | 飞恋伞 9200万 | 2.1w粉,抖音日系/家庭赛道的实景测试内容，账号BELLE MAISON（日系，2.1w粉），围绕话题#飞恋伞（9200万播放 / 1.8w视频 / 同比+62%），代表视频《暴雨12小时 12骨伞全程无故障》。,https://www.douyin.com/search/飞恋伞?type=video,视频1.8w / 播放9200万,搜索热度+24%,月销2万单,品牌广告位 累计曝光 1.2亿 / 点击 320万 / 转化 8.6万
,,,,Knirps克尼普斯 - 暴雨12小时 12骨伞全程无故障,抖音,2026-06,直播间片段 | 广告伞定制 2400万 | 5.6w粉,抖音高端商务赛道的直播间片段内容，账号Knirps克尼普斯（德系，5.6w粉），围绕话题#广告伞定制（2400万播放 / 0.4w视频 / 同比+14%），代表视频《暴雨12小时 12骨伞全程无故障》。,https://www.douyin.com/search/广告伞定制?type=video,视频0.4w / 播放2400万,搜索热度+18%,月销10万+单,特效道具 雨伞AR 使用 1.2亿 次
,,,,余万伦 - 三折黑胶伞 通勤族的黑科技,抖音,2026-03,节日应季 | 钛银胶伞 6400万 | 95.6w粉,抖音油纸伞/三都非遗赛道的节日应季内容，账号余万伦（非遗传承人，95.6w粉），围绕话题#钛银胶伞（6400万播放 / 1.2w视频 / 同比+22%），代表视频《三折黑胶伞 通勤族的黑科技》。,https://www.douyin.com/search/钛银胶伞?type=video,视频1.2w / 播放6400万,搜索热度+32%,月销3万-5万单,品牌广告位 累计曝光 1.2亿 / 点击 320万 / 转化 8.6万
,,,,小红薯 - 三折黑胶伞 通勤族的黑科技,抖音,2026-06,工厂实拍 | 商务雨伞 3200万 | 180w粉,抖音防晒伞/通勤/颜值赛道的工厂实拍内容，账号小红薯（种草，180w粉），围绕话题#商务雨伞（3200万播放 / 0.6w视频 / 同比+8%），代表视频《三折黑胶伞 通勤族的黑科技》。,https://www.douyin.com/search/商务雨伞?type=video,视频0.6w / 播放3200万,搜索热度+12%,新上榜,品牌任务 累计 6800 创作者参与 / 8.2w 视频
,,,,BELLE MAISON - 台风天的12骨伞 比花伞强在哪,抖音,2026-05,天气纪实 | 黑胶伞 4.8亿 | 2.1w粉,抖音日系/家庭赛道的天气纪实内容，账号BELLE MAISON（日系，2.1w粉），围绕话题#黑胶伞（4.8亿播放 / 8.6w视频 / 同比+18%），代表视频《台风天的12骨伞 比花伞强在哪》。,https://www.douyin.com/search/黑胶伞?type=video,视频8.6w / 播放4.8亿,搜索热度+新,月销5万-10万单,星图 报价 12万 / 视频播放 1800万 / 互动 28万
,,,,totem图腾 - 一把伞让油纸伞大师哭了出来,抖音,2026-01,直播间片段 | 彩虹伞 1.6亿 | 4.2w粉,抖音户外伞/遮阳赛道的直播间片段内容，账号totem图腾（户外品牌，4.2w粉），围绕话题#彩虹伞（1.6亿播放 / 3.2w视频 / 同比-5%），代表视频《一把伞让油纸伞大师哭了出来》。,https://www.douyin.com/search/彩虹伞?type=video,视频3.2w / 播放1.6亿,搜索热度+32%,蝉妈妈销量榜Top 3,GMV 单场 280万 / UV价值 38元 / 转化率 4.6%
,,,,小红薯测评 - 钓鱼伞万向节 1秒换角度,抖音,2026-06,热销榜单 | 反向折叠伞 1.2亿 | 87.6w粉,抖音雨伞横评/对比赛道的热销榜单内容，账号小红薯测评（测评号，87.6w粉），围绕话题#反向折叠伞（1.2亿播放 / 2.1w视频 / 同比+47%），代表视频《钓鱼伞万向节 1秒换角度》。,https://www.douyin.com/search/反向折叠伞?type=video,视频2.1w / 播放1.2亿,搜索热度+18%,月销2万单,抖音电商 运动户外榜 投放榜 Top 1
,,,,必朗官方 - 三折黑胶伞 通勤族的黑科技,抖音,2026-08-12,对比实验 | 16骨大号伞 8600万 | 12w粉,抖音中端雨伞赛道的对比实验内容，账号必朗官方（品牌，12w粉），围绕话题#16骨大号伞（8600万播放 / 1.6w视频 / 同比+16%），代表视频《三折黑胶伞 通勤族的黑科技》。,https://www.douyin.com/search/16骨大号伞?type=video,视频1.6w / 播放8600万,搜索热度+18%,月销5万单,抖音热榜 #雨伞 #3 累计 9200万 播放
,,,,蕉下官方 - 12骨 vs 8骨 vs 6骨 哪种才防风,抖音,2026-08,品牌联名 | 一次性雨衣伞 8600万 | 210w粉,抖音防晒/高颜值赛道的品牌联名内容，账号蕉下官方（品牌，210w粉），围绕话题#一次性雨衣伞（8600万播放 / 1.6w视频 / 同比+8%），代表视频《12骨 vs 8骨 vs 6骨 哪种才防风》。,https://www.douyin.com/search/一次性雨衣伞?type=video,视频1.6w / 播放8600万,搜索热度+46%,蝉妈妈销量榜Top 1,同城 雨伞相关 搜索指数 18万 / 同比 +46%
,,,,浙江飞恋官方旗舰店 - 暴雨12小时 12骨伞全程无故障,抖音,2026-08-14,直播间片段 | 新娘婚庆红伞 1.8亿 | 46.2w粉,抖音工厂直播/反向折叠/IP联名赛道的直播间片段内容，账号浙江飞恋官方旗舰店（品牌官方，46.2w粉），围绕话题#新娘婚庆红伞（1.8亿播放 / 3.6w视频 / 同比+8%），代表视频《暴雨12小时 12骨伞全程无故障》。,https://www.douyin.com/search/新娘婚庆红伞?type=video,视频3.6w / 播放1.8亿,搜索热度+8%,月销3万-5万单,短视频带货 单条 2200单 / GMV 12.8万
,,,,FULTON富尔顿 - 暴雨12小时 12骨伞全程无故障,抖音,2026-08-10,广告投放 | 透明伞 2.6亿 | 3.8w粉,抖音鸟笼伞/英伦绅士赛道的广告投放内容，账号FULTON富尔顿（英伦，3.8w粉），围绕话题#透明伞（2.6亿播放 / 5.2w视频 / 同比-2%），代表视频《暴雨12小时 12骨伞全程无故障》。,https://www.douyin.com/search/透明伞?type=video,视频5.2w / 播放2.6亿,搜索热度+46%,月销5000单,抖音热搜 #飞恋伞 #持续 12小时
,,,,钓鱼伞源头 - 暴雨天打伞 vs 不打伞 实验对比,抖音,2026-08,短视频带货 | 通勤雨伞 4800万 | 3.2w粉,抖音钓鱼伞/万向/机械臂赛道的短视频带货内容，账号钓鱼伞源头（工厂，3.2w粉），围绕话题#通勤雨伞（4800万播放 / 0.8w视频 / 同比+12%），代表视频《暴雨天打伞 vs 不打伞 实验对比》。,https://www.douyin.com/search/通勤雨伞?type=video,视频0.8w / 播放4800万,搜索热度+8%,月销2万单,蝉妈妈榜 雨伞品类 销量榜 No.1
,,,,舟山小船哥 - 我把价值¥200的伞丢进搅拌机 结果,抖音,2026-08,热销榜单 | 一次性雨衣伞 8600万 | 44w粉,抖音海上/极端天气雨伞赛道的热销榜单内容，账号舟山小船哥（渔民，44w粉），围绕话题#一次性雨衣伞（8600万播放 / 1.6w视频 / 同比+8%），代表视频《我把价值¥200的伞丢进搅拌机 结果》。,https://www.douyin.com/search/一次性雨衣伞?type=video,视频1.6w / 播放8600万,搜索热度+8%,月销10万+单,POI 杭州萧山 雨伞工厂 打卡 6.8w 次
,,,,9号伞业 - 黄景瑜同款三折黑胶伞 1688平替,抖音,2026-08-12,天气纪实 | 透明伞 2.6亿 | 8.4w粉,抖音1688同款/直供赛道的天气纪实内容，账号9号伞业（工厂直播，8.4w粉），围绕话题#透明伞（2.6亿播放 / 5.2w视频 / 同比-2%），代表视频《黄景瑜同款三折黑胶伞 1688平替》。,https://www.douyin.com/search/透明伞?type=video,视频5.2w / 播放2.6亿,搜索热度+新,月销3万-5万单,单条视频 2200万 播放 / 46万 赞 / 8.2万 评论 / 12.4万 转发
,,,,天堂伞官方 - 机械臂钓鱼伞测评 万向旋转的快乐,抖音,2025-Q4,工艺揭秘 | 夜路自动伞 4200万 | 18w粉,抖音国民品牌赛道的工艺揭秘内容，账号天堂伞官方（品牌，18w粉），围绕话题#夜路自动伞（4200万播放 / 0.8w视频 / 同比新），代表视频《机械臂钓鱼伞测评 万向旋转的快乐》。,https://www.douyin.com/search/夜路自动伞?type=video,视频0.8w / 播放4200万,搜索热度+18%,月销3万-5万单,挑战赛 播放 1.8亿 / 参与 8.4w 视频
,,,,小红薯 - 雨伞工厂实拍 一天生产5000把,抖音,2026-05,反向种草 | 机械臂钓鱼伞 2400万 | 180w粉,抖音防晒伞/通勤/颜值赛道的反向种草内容，账号小红薯（种草，180w粉），围绕话题#机械臂钓鱼伞（2400万播放 / 0.4w视频 / 同比+58%），代表视频《雨伞工厂实拍 一天生产5000把》。,https://www.douyin.com/search/机械臂钓鱼伞?type=video,视频0.4w / 播放2400万,搜索热度+5%,月销5000单,蝉妈妈榜 雨伞品类 销量榜 No.1
,,,,江浙沪梅雨 - 双11 雨伞品类战报 抖音全面超越天猫,抖音,2025-12,话题挑战 | 女士雨伞 1.2亿 | 42w粉,抖音梅雨季/雨具实用赛道的话题挑战内容，账号江浙沪梅雨（本地资讯，42w粉），围绕话题#女士雨伞（1.2亿播放 / 2.4w视频 / 同比+6%），代表视频《双11 雨伞品类战报 抖音全面超越天猫》。,https://www.douyin.com/search/女士雨伞?type=video,视频2.4w / 播放1.2亿,搜索热度+24%,月销5万-10万单,系列视频 累计 1.2亿 播放 / 186万 赞 / 24.6万 评论
,,,,雷鹏琳 - 黄景瑜同款三折黑胶伞 1688平替,抖音,2026-02,种草安利 | 黑胶伞 4.8亿 | 184w→200w粉,抖音全品类飞恋产品/工厂实拍赛道的种草安利内容，账号雷鹏琳（KOL+老板，184w→200w粉），围绕话题#黑胶伞（4.8亿播放 / 8.6w视频 / 同比+18%），代表视频《黄景瑜同款三折黑胶伞 1688平替》。,https://www.douyin.com/search/黑胶伞?type=video,视频8.6w / 播放4.8亿,搜索热度+8%,新上榜,单条爆款 3200万 播放 / 58万 赞 / 12.8万 评论
,,,,KOL小辣椒 - 这把伞能让外卖小哥续命 暴雨天,抖音,2026-04,实景测试 | 新娘婚庆红伞 1.8亿 | 150w粉,抖音雨伞场景植入赛道的实景测试内容，账号KOL小辣椒（美妆跨界，150w粉），围绕话题#新娘婚庆红伞（1.8亿播放 / 3.6w视频 / 同比+8%），代表视频《这把伞能让外卖小哥续命 暴雨天》。,https://www.douyin.com/search/新娘婚庆红伞?type=video,视频3.6w / 播放1.8亿,搜索热度+12%,月销10万+单,品牌任务 累计 6800 创作者参与 / 8.2w 视频
,,,,天堂伞官方 - 双11 雨伞品类战报 抖音全面超越天猫,抖音,2026-08-10,实景测试 | 源头工厂 12.4亿 | 18w粉,抖音国民品牌赛道的实景测试内容，账号天堂伞官方（品牌，18w粉），围绕话题#源头工厂（12.4亿播放 / 26.8w视频 / 同比+8%），代表视频《双11 雨伞品类战报 抖音全面超越天猫》。,https://www.douyin.com/search/源头工厂?type=video,视频26.8w / 播放12.4亿,搜索热度+18%,月销5万单,直播间同时在线 4.2万 / 累计观看 320万 / GMV 186万
,,,,夏天的雨伞 - 钓鱼伞万向节 1秒换角度,抖音,2026-Q2,反向种草 | 16骨大号伞 8600万 | 230w粉,抖音颜值党/ins风赛道的反向种草内容，账号夏天的雨伞（穿搭博主，230w粉），围绕话题#16骨大号伞（8600万播放 / 1.6w视频 / 同比+16%），代表视频《钓鱼伞万向节 1秒换角度》。,https://www.douyin.com/search/16骨大号伞?type=video,视频1.6w / 播放8600万,搜索热度++85%,月销1万-3万单,星图 报价 12万 / 视频播放 1800万 / 互动 28万
,,,,浙江飞恋官方旗舰店 - 挑战飞恋手电筒伞 照亮3公里夜路,抖音,2026-02,PK对比 | 钛银胶伞 6400万 | 46.2w粉,抖音工厂直播/反向折叠/IP联名赛道的PK对比内容，账号浙江飞恋官方旗舰店（品牌官方，46.2w粉），围绕话题#钛银胶伞（6400万播放 / 1.2w视频 / 同比+22%），代表视频《挑战飞恋手电筒伞 照亮3公里夜路》。,https://www.douyin.com/search/钛银胶伞?type=video,视频1.2w / 播放6400万,搜索热度+新,月销5万-10万单,达人推广 触达 4200万 / 互动 86万 / 转化 12.4万
,,,,WPC官方 - 商务伞的隐藏功能 你绝对不知道,抖音,2025-12,直播间片段 | 钛银胶伞 6400万 | 8.4w粉,抖音日系/ins风赛道的直播间片段内容，账号WPC官方（日牌，8.4w粉），围绕话题#钛银胶伞（6400万播放 / 1.2w视频 / 同比+22%），代表视频《商务伞的隐藏功能 你绝对不知道》。,https://www.douyin.com/search/钛银胶伞?type=video,视频1.2w / 播放6400万,搜索热度+18%,月销1万-3万单,单条爆款 3200万 播放 / 58万 赞 / 12.8万 评论
,,,,舟山小船哥 - 机械臂钓鱼伞测评 万向旋转的快乐,抖音,2026-Q1,非遗手作 | 钓鱼伞 3.8亿 | 44w粉,抖音海上/极端天气雨伞赛道的非遗手作内容，账号舟山小船哥（渔民，44w粉），围绕话题#钓鱼伞（3.8亿播放 / 4.2w视频 / 同比+64.3%），代表视频《机械臂钓鱼伞测评 万向旋转的快乐》。,https://www.douyin.com/search/钓鱼伞?type=video,视频4.2w / 播放3.8亿,搜索热度+24%,月销2万单,单条爆款 3200万 播放 / 58万 赞 / 12.8万 评论
,,,,必朗官方 - 双11 雨伞品类战报 抖音全面超越天猫,抖音,2026-04,PK对比 | 五折口袋伞 8600万 | 12w粉,抖音中端雨伞赛道的PK对比内容，账号必朗官方（品牌，12w粉），围绕话题#五折口袋伞（8600万播放 / 1.6w视频 / 同比+15%），代表视频《双11 雨伞品类战报 抖音全面超越天猫》。,https://www.douyin.com/search/五折口袋伞?type=video,视频1.6w / 播放8600万,搜索热度++85%,月销5万-10万单,同城 雨伞相关 搜索指数 18万 / 同比 +46%
,,,,江浙沪包邮 - 从1688到抖音 这把反向折叠伞爆卖100万,抖音,2026-08-10,开箱测评 | 三折黑胶伞 3.6亿 | 28w粉,抖音源头工厂/直播赛道的开箱测评内容，账号江浙沪包邮（探店号，28w粉），围绕话题#三折黑胶伞（3.6亿播放 / 6.4w视频 / 同比+14%），代表视频《从1688到抖音 这把反向折叠伞爆卖100万》。,https://www.douyin.com/search/三折黑胶伞?type=video,视频6.4w / 播放3.6亿,搜索热度+46%,蝉妈妈销量榜Top 1,直播间同时在线 4.2万 / 累计观看 320万 / GMV 186万
,,,,9号伞业 - 我用这把伞给油纸伞重生的勇气,抖音,2026-08-12,开箱测评 | 蕾丝公主伞 4200万 | 8.4w粉,抖音1688同款/直供赛道的开箱测评内容，账号9号伞业（工厂直播，8.4w粉），围绕话题#蕾丝公主伞（4200万播放 / 0.8w视频 / 同比+24%），代表视频《我用这把伞给油纸伞重生的勇气》。,https://www.douyin.com/search/蕾丝公主伞?type=video,视频0.8w / 播放4200万,搜索热度+5%,蝉妈妈销量榜Top 3,同城 雨伞相关 搜索指数 18万 / 同比 +46%
,,,,BELLE MAISON - 梅雨季通勤神伞 5折口袋伞实测,抖音,2026-03,KOL体验 | 高尔夫伞 6200万 | 2.1w粉,抖音日系/家庭赛道的KOL体验内容，账号BELLE MAISON（日系，2.1w粉），围绕话题#高尔夫伞（6200万播放 / 1.2w视频 / 同比+11%），代表视频《梅雨季通勤神伞 5折口袋伞实测》。,https://www.douyin.com/search/高尔夫伞?type=video,视频1.2w / 播放6200万,搜索热度+新,蝉妈妈销量榜Top 10,GMV 单场 280万 / UV价值 38元 / 转化率 4.6%
,,,,吐泡沫的鱼 - 保康暴雨 暖视频里那把伞火了,抖音,2026-05,非遗手作 | 蕾丝防晒伞 6800万 | 30w+粉,抖音保康暖视频/雨伞/极端天气赛道的非遗手作内容，账号吐泡沫的鱼（生活记录，30w+粉），围绕话题#蕾丝防晒伞（6800万播放 / 1.2w视频 / 同比+21%），代表视频《保康暴雨 暖视频里那把伞火了》。,https://www.douyin.com/search/蕾丝防晒伞?type=video,视频1.2w / 播放6800万,搜索热度+8%,蝉妈妈销量榜Top 10,广告投放 ROI 3.2 / 单次转化成本 ¥4.8 / 月GMV 1200万
,,,,江浙沪包邮 - 我把价值¥200的伞丢进搅拌机 结果,抖音,2026-03,实景测试 | 雨伞防风 2.4亿 | 28w粉,抖音源头工厂/直播赛道的实景测试内容，账号江浙沪包邮（探店号，28w粉），围绕话题#雨伞防风（2.4亿播放 / 4.2w视频 / 同比+11%），代表视频《我把价值¥200的伞丢进搅拌机 结果》。,https://www.douyin.com/search/雨伞防风?type=video,视频4.2w / 播放2.4亿,搜索热度+5%,月销1万-3万单,累计播放 6800万 / 点赞 128万 / 评论 18.6万 / 转发 22.4万
,,,,南方暴雨 - 8款自动开合伞对比 谁才是真一键,抖音,2026-07,种草安利 | 机械臂钓鱼伞 2400万 | 200w+粉,抖音南方暴雨/出行赛道的种草安利内容，账号南方暴雨（气象，200w+粉），围绕话题#机械臂钓鱼伞（2400万播放 / 0.4w视频 / 同比+58%），代表视频《8款自动开合伞对比 谁才是真一键》。,https://www.douyin.com/search/机械臂钓鱼伞?type=video,视频0.4w / 播放2400万,搜索热度++85%,月销5万-10万单,挑战赛 #夏日雨伞 累计参与视频 12.4w 条 / 播放 8.6亿
,,,,夏天的阳台 - 台风天的12骨伞 比花伞强在哪,抖音,2026-01,短视频带货 | 16骨大号伞 8600万 | 82w粉,抖音阳台/居家/雨具美学赛道的短视频带货内容，账号夏天的阳台（生活方式，82w粉），围绕话题#16骨大号伞（8600万播放 / 1.6w视频 / 同比+16%），代表视频《台风天的12骨伞 比花伞强在哪》。,https://www.douyin.com/search/16骨大号伞?type=video,视频1.6w / 播放8600万,搜索热度+46%,月销10万+单,挑战赛 #夏日雨伞 累计参与视频 12.4w 条 / 播放 8.6亿
,,,,南方暴雨 - 商务伞的隐藏功能 你绝对不知道,抖音,2025-Q4,实景测试 | 飞恋伞 9200万 | 200w+粉,抖音南方暴雨/出行赛道的实景测试内容，账号南方暴雨（气象，200w+粉），围绕话题#飞恋伞（9200万播放 / 1.8w视频 / 同比+62%），代表视频《商务伞的隐藏功能 你绝对不知道》。,https://www.douyin.com/search/飞恋伞?type=video,视频1.8w / 播放9200万,搜索热度++85%,月销3万-5万单,千川 投放 单计划日耗 ¥8000 / 转化 2.4万 / 客单价 ¥58
,,,,黑雨伞工厂店 - 12骨 vs 8骨 vs 6骨 哪种才防风,抖音,2026-06,实景测试 | ins风伞 9200万 | 12.8w粉,抖音黑胶/防紫外线/抖音爆款赛道的实景测试内容，账号黑雨伞工厂店（源头工厂，12.8w粉），围绕话题#ins风伞（9200万播放 / 1.8w视频 / 同比+28%），代表视频《12骨 vs 8骨 vs 6骨 哪种才防风》。,https://www.douyin.com/search/ins风伞?type=video,视频1.8w / 播放9200万,搜索热度+5%,月销5万单,累计播放 6800万 / 点赞 128万 / 评论 18.6万 / 转发 22.4万
,,,,江浙沪梅雨 - 这把伞能让外卖小哥续命 暴雨天,抖音,2026-01,反向种草 | 折叠伞 12.4亿 | 42w粉,抖音梅雨季/雨具实用赛道的反向种草内容，账号江浙沪梅雨（本地资讯，42w粉），围绕话题#折叠伞（12.4亿播放 / 26.8w视频 / 同比+5%），代表视频《这把伞能让外卖小哥续命 暴雨天》。,https://www.douyin.com/search/折叠伞?type=video,视频26.8w / 播放12.4亿,搜索热度+新,月销3万-5万单,抖音电商 运动户外榜 投放榜 Top 1
,,,,雷鹏琳 - 暴雨12小时 12骨伞全程无故障,抖音,2026-02,工艺揭秘 | 男士商务伞 6800万 | 184w→200w粉,抖音全品类飞恋产品/工厂实拍赛道的工艺揭秘内容，账号雷鹏琳（KOL+老板，184w→200w粉），围绕话题#男士商务伞（6800万播放 / 1.2w视频 / 同比+9%），代表视频《暴雨12小时 12骨伞全程无故障》。,https://www.douyin.com/search/男士商务伞?type=video,视频1.2w / 播放6800万,搜索热度+8%,月销2万单,挑战赛 #夏日雨伞 累计参与视频 12.4w 条 / 播放 8.6亿
,,,,夏天的阳台 - 钓鱼伞万向节 1秒换角度,抖音,2026-08-05,PK对比 | 黑胶伞 4.8亿 | 82w粉,抖音阳台/居家/雨具美学赛道的PK对比内容，账号夏天的阳台（生活方式，82w粉），围绕话题#黑胶伞（4.8亿播放 / 8.6w视频 / 同比+18%），代表视频《钓鱼伞万向节 1秒换角度》。,https://www.douyin.com/search/黑胶伞?type=video,视频8.6w / 播放4.8亿,搜索热度+18%,月销5000单,系列视频 累计 1.2亿 播放 / 186万 赞 / 24.6万 评论
,,,,Knirps克尼普斯 - 油纸伞72道工艺 一把伞做3个月,抖音,2026-02,PK对比 | 钓鱼伞 3.8亿 | 5.6w粉,抖音高端商务赛道的PK对比内容，账号Knirps克尼普斯（德系，5.6w粉），围绕话题#钓鱼伞（3.8亿播放 / 4.2w视频 / 同比+64.3%），代表视频《油纸伞72道工艺 一把伞做3个月》。,https://www.douyin.com/search/钓鱼伞?type=video,视频4.2w / 播放3.8亿,搜索热度+新,蝉妈妈销量榜Top 1,千川 投放 单计划日耗 ¥8000 / 转化 2.4万 / 客单价 ¥58
,,,,南方暴雨 - 商务伞的隐藏功能 你绝对不知道,抖音,2026-06,热销榜单 | 全自动伞 3.2亿 | 200w+粉,抖音南方暴雨/出行赛道的热销榜单内容，账号南方暴雨（气象，200w+粉），围绕话题#全自动伞（3.2亿播放 / 5.6w视频 / 同比+9%），代表视频《商务伞的隐藏功能 你绝对不知道》。,https://www.douyin.com/search/全自动伞?type=video,视频5.6w / 播放3.2亿,搜索热度+18%,月销10万+单,品牌任务 累计 6800 创作者参与 / 8.2w 视频
,,,,黑雨伞源头工厂 - 工厂老板揭秘: 10元的伞和100元的伞差在哪,抖音,2025-Q4,工厂实拍 | 新娘婚庆红伞 1.8亿 | 5.6w粉,抖音黑胶/防晒/直供赛道的工厂实拍内容，账号黑雨伞源头工厂（源头工厂，5.6w粉），围绕话题#新娘婚庆红伞（1.8亿播放 / 3.6w视频 / 同比+8%），代表视频《工厂老板揭秘: 10元的伞和100元的伞差在哪》。,https://www.douyin.com/search/新娘婚庆红伞?type=video,视频3.6w / 播放1.8亿,搜索热度+5%,蝉妈妈销量榜Top 10,星图 报价 12万 / 视频播放 1800万 / 互动 28万
,,,,Knirps克尼普斯 - 黑胶伞防晒实验 UV卡片变色测试,抖音,2026-03,KOL体验 | 雨伞测评 1.8亿 | 5.6w粉,抖音高端商务赛道的KOL体验内容，账号Knirps克尼普斯（德系，5.6w粉），围绕话题#雨伞测评（1.8亿播放 / 3.2w视频 / 同比+18%），代表视频《黑胶伞防晒实验 UV卡片变色测试》。,https://www.douyin.com/search/雨伞测评?type=video,视频3.2w / 播放1.8亿,搜索热度+新,月销10万+单,单条爆款 3200万 播放 / 58万 赞 / 12.8万 评论
,,,,吐泡沫的鱼 - 反光伞夜间实测 这才是真夜骑安全,抖音,2026-02,产品上市 | 商务雨伞 3200万 | 30w+粉,抖音保康暖视频/雨伞/极端天气赛道的产品上市内容，账号吐泡沫的鱼（生活记录，30w+粉），围绕话题#商务雨伞（3200万播放 / 0.6w视频 / 同比+8%），代表视频《反光伞夜间实测 这才是真夜骑安全》。,https://www.douyin.com/search/商务雨伞?type=video,视频0.6w / 播放3200万,搜索热度+12%,蝉妈妈销量榜Top 10,GMV 单场 280万 / UV价值 38元 / 转化率 4.6%
,,,,wuli设计 - 透明伞里的光影 周末拍照神器,抖音,2025-Q4,反向种草 | 一次性雨衣伞 8600万 | 12.4w粉,抖音设计师款/雨伞工业设计赛道的反向种草内容，账号wuli设计（工业设计，12.4w粉），围绕话题#一次性雨衣伞（8600万播放 / 1.6w视频 / 同比+8%），代表视频《透明伞里的光影 周末拍照神器》。,https://www.douyin.com/search/一次性雨衣伞?type=video,视频1.6w / 播放8600万,搜索热度+5%,月销2万单,抖音热搜 #飞恋伞 #持续 12小时
,,,,wuli设计 - 从1688到抖音 这把反向折叠伞爆卖100万,抖音,2025-Q4,对比实验 | 雨伞防风 2.4亿 | 12.4w粉,抖音设计师款/雨伞工业设计赛道的对比实验内容，账号wuli设计（工业设计，12.4w粉），围绕话题#雨伞防风（2.4亿播放 / 4.2w视频 / 同比+11%），代表视频《从1688到抖音 这把反向折叠伞爆卖100万》。,https://www.douyin.com/search/雨伞防风?type=video,视频4.2w / 播放2.4亿,搜索热度+24%,月销1万-3万单,品牌任务 累计 6800 创作者参与 / 8.2w 视频
,,,,舟山小船哥 - 5分钟教会你怎么挑黑胶伞,抖音,2026-04,工艺揭秘 | 夜路自动伞 4200万 | 44w粉,抖音海上/极端天气雨伞赛道的工艺揭秘内容，账号舟山小船哥（渔民，44w粉），围绕话题#夜路自动伞（4200万播放 / 0.8w视频 / 同比新），代表视频《5分钟教会你怎么挑黑胶伞》。,https://www.douyin.com/search/夜路自动伞?type=video,视频0.8w / 播放4200万,搜索热度+18%,月销5万单,广告投放 ROI 3.2 / 单次转化成本 ¥4.8 / 月GMV 1200万
,,,,江浙沪梅雨 - 这把伞能让外卖小哥续命 暴雨天,抖音,2026-08,天气纪实 | 五折口袋伞 8600万 | 42w粉,抖音梅雨季/雨具实用赛道的天气纪实内容，账号江浙沪梅雨（本地资讯，42w粉），围绕话题#五折口袋伞（8600万播放 / 1.6w视频 / 同比+15%），代表视频《这把伞能让外卖小哥续命 暴雨天》。,https://www.douyin.com/search/五折口袋伞?type=video,视频1.6w / 播放8600万,搜索热度+5%,月销1万-3万单,直播带货 单场 4800单 / GMV 28.6万
,,,,FULTON富尔顿 - 挑战飞恋手电筒伞 照亮3公里夜路,抖音,2026-08,热销榜单 | 蕾丝防晒伞 6800万 | 3.8w粉,抖音鸟笼伞/英伦绅士赛道的热销榜单内容，账号FULTON富尔顿（英伦，3.8w粉），围绕话题#蕾丝防晒伞（6800万播放 / 1.2w视频 / 同比+21%），代表视频《挑战飞恋手电筒伞 照亮3公里夜路》。,https://www.douyin.com/search/蕾丝防晒伞?type=video,视频1.2w / 播放6800万,搜索热度+12%,月销2万单,累计播放 6800万 / 点赞 128万 / 评论 18.6万 / 转发 22.4万
,,,,小红薯测评 - 商务伞的隐藏功能 你绝对不知道,抖音,2026-08-12,品牌联名 | 透明伞 2.6亿 | 87.6w粉,抖音雨伞横评/对比赛道的品牌联名内容，账号小红薯测评（测评号，87.6w粉），围绕话题#透明伞（2.6亿播放 / 5.2w视频 / 同比-2%），代表视频《商务伞的隐藏功能 你绝对不知道》。,https://www.douyin.com/search/透明伞?type=video,视频5.2w / 播放2.6亿,搜索热度+新,月销8千-1万单,蝉妈妈榜 雨伞品类 销量榜 No.1
,,,,闻士善 - 我用这把伞给油纸伞重生的勇气,抖音,2026-04,话题挑战 | 反向折叠伞 1.2亿 | 65w粉,抖音古法油纸伞/非遗手作赛道的话题挑战内容，账号闻士善（闻叔的伞，65w粉），围绕话题#反向折叠伞（1.2亿播放 / 2.1w视频 / 同比+47%），代表视频《我用这把伞给油纸伞重生的勇气》。,https://www.douyin.com/search/反向折叠伞?type=video,视频2.1w / 播放1.2亿,搜索热度+新,月销3万-5万单,蝉妈妈榜 雨伞品类 销量榜 No.1
,,,,9号伞业 - 反光伞夜间实测 这才是真夜骑安全,抖音,2026-01,直播间片段 | 新娘婚庆红伞 1.8亿 | 8.4w粉,抖音1688同款/直供赛道的直播间片段内容，账号9号伞业（工厂直播，8.4w粉），围绕话题#新娘婚庆红伞（1.8亿播放 / 3.6w视频 / 同比+8%），代表视频《反光伞夜间实测 这才是真夜骑安全》。,https://www.douyin.com/search/新娘婚庆红伞?type=video,视频3.6w / 播放1.8亿,搜索热度+32%,月销5万-10万单,自然流量占比 78% / 搜索流量 12% / 推荐流 56%
,,,,totem图腾 - 雨伞工厂实拍 一天生产5000把,抖音,2026-03,实景测试 | 黑胶伞 4.8亿 | 4.2w粉,抖音户外伞/遮阳赛道的实景测试内容，账号totem图腾（户外品牌，4.2w粉），围绕话题#黑胶伞（4.8亿播放 / 8.6w视频 / 同比+18%），代表视频《雨伞工厂实拍 一天生产5000把》。,https://www.douyin.com/search/黑胶伞?type=video,视频8.6w / 播放4.8亿,搜索热度+46%,月销5000单,DOU+ 加热 单条消耗 ¥2.4万 / 播放 680万 / 涨粉 4.6万
,,,,BELLE MAISON - 透明伞里的光影 周末拍照神器,抖音,2026-07,用户故事 | 婚礼伞 9200万 | 2.1w粉,抖音日系/家庭赛道的用户故事内容，账号BELLE MAISON（日系，2.1w粉），围绕话题#婚礼伞（9200万播放 / 1.8w视频 / 同比+12%），代表视频《透明伞里的光影 周末拍照神器》。,https://www.douyin.com/search/婚礼伞?type=video,视频1.8w / 播放9200万,搜索热度+46%,月销8千-1万单,挑战赛 #夏日雨伞 累计参与视频 12.4w 条 / 播放 8.6亿
,,,,今日有雪223 - 透明伞里的光影 周末拍照神器,抖音,2026-Q1,非遗手作 | 反向伞 9200万 | 100w+粉,抖音台风街头/雨伞场景赛道的非遗手作内容，账号今日有雪223（街头纪实，100w+粉），围绕话题#反向伞（9200万播放 / 1.8w视频 / 同比+38%），代表视频《透明伞里的光影 周末拍照神器》。,https://www.douyin.com/search/反向伞?type=video,视频1.8w / 播放9200万,搜索热度+24%,月销3万-5万单,千川 投放 单计划日耗 ¥8000 / 转化 2.4万 / 客单价 ¥58
,,,,江浙沪包邮 - 暴雨天打伞 vs 不打伞 实验对比,抖音,2026-03,直播间片段 | 保康暖视频 800万 | 28w粉,抖音源头工厂/直播赛道的直播间片段内容，账号江浙沪包邮（探店号，28w粉），围绕话题#保康暖视频（800万播放 / 0.2w视频 / 同比新），代表视频《暴雨天打伞 vs 不打伞 实验对比》。,https://www.douyin.com/search/保康暖视频?type=video,视频0.2w / 播放800万,搜索热度++85%,月销5万-10万单,品牌广告位 累计曝光 1.2亿 / 点击 320万 / 转化 8.6万
,,,,黑雨伞工厂店 - 一把伞让油纸伞大师哭了出来,抖音,2026-Q2,非遗手作 | 飞恋伞 9200万 | 12.8w粉,抖音黑胶/防紫外线/抖音爆款赛道的非遗手作内容，账号黑雨伞工厂店（源头工厂，12.8w粉），围绕话题#飞恋伞（9200万播放 / 1.8w视频 / 同比+62%），代表视频《一把伞让油纸伞大师哭了出来》。,https://www.douyin.com/search/飞恋伞?type=video,视频1.8w / 播放9200万,搜索热度+18%,月销8千-1万单,自然流量占比 78% / 搜索流量 12% / 推荐流 56%
,,,,totem图腾 - 三折黑胶伞 通勤族的黑科技,抖音,2026-08-05,工厂实拍 | 三折伞 1.8亿 | 4.2w粉,抖音户外伞/遮阳赛道的工厂实拍内容，账号totem图腾（户外品牌，4.2w粉），围绕话题#三折伞（1.8亿播放 / 3.2w视频 / 同比+3%），代表视频《三折黑胶伞 通勤族的黑科技》。,https://www.douyin.com/search/三折伞?type=video,视频3.2w / 播放1.8亿,搜索热度+24%,蝉妈妈销量榜Top 1,达人推广 触达 4200万 / 互动 86万 / 转化 12.4万
,,,,FULTON富尔顿 - 一把伞让油纸伞大师哭了出来,抖音,2026-08-05,实景测试 | 男士商务伞 6800万 | 3.8w粉,抖音鸟笼伞/英伦绅士赛道的实景测试内容，账号FULTON富尔顿（英伦，3.8w粉），围绕话题#男士商务伞（6800万播放 / 1.2w视频 / 同比+9%），代表视频《一把伞让油纸伞大师哭了出来》。,https://www.douyin.com/search/男士商务伞?type=video,视频1.2w / 播放6800万,搜索热度+32%,月销8千-1万单,品牌任务 累计 6800 创作者参与 / 8.2w 视频
,,,,闻士善 - 三折黑胶伞 通勤族的黑科技,抖音,2026-05,直播间片段 | 全自动伞 3.2亿 | 65w粉,抖音古法油纸伞/非遗手作赛道的直播间片段内容，账号闻士善（闻叔的伞，65w粉），围绕话题#全自动伞（3.2亿播放 / 5.6w视频 / 同比+9%），代表视频《三折黑胶伞 通勤族的黑科技》。,https://www.douyin.com/search/全自动伞?type=video,视频5.6w / 播放3.2亿,搜索热度+8%,月销5000单,抖音电商 运动户外榜 投放榜 Top 1
,,,,9号伞业 - 源头工厂: 为什么1688的伞能便宜3倍,抖音,2026-Q1,反向种草 | 商务雨伞 3200万 | 8.4w粉,抖音1688同款/直供赛道的反向种草内容，账号9号伞业（工厂直播，8.4w粉），围绕话题#商务雨伞（3200万播放 / 0.6w视频 / 同比+8%），代表视频《源头工厂: 为什么1688的伞能便宜3倍》。,https://www.douyin.com/search/商务雨伞?type=video,视频0.6w / 播放3200万,搜索热度+8%,蝉妈妈销量榜Top 3,千川 投放 单计划日耗 ¥8000 / 转化 2.4万 / 客单价 ¥58
,,,,舟山小船哥 - 我用这把伞给油纸伞重生的勇气,抖音,2026-06,品牌联名 | 雨伞测评 1.8亿 | 44w粉,抖音海上/极端天气雨伞赛道的品牌联名内容，账号舟山小船哥（渔民，44w粉），围绕话题#雨伞测评（1.8亿播放 / 3.2w视频 / 同比+18%），代表视频《我用这把伞给油纸伞重生的勇气》。,https://www.douyin.com/search/雨伞测评?type=video,视频3.2w / 播放1.8亿,搜索热度+5%,新上榜,广告投放 ROI 3.2 / 单次转化成本 ¥4.8 / 月GMV 1200万
,,,,南方暴雨 - 8款自动开合伞对比 谁才是真一键,抖音,2026-06,工厂实拍 | 一次性雨衣伞 8600万 | 200w+粉,抖音南方暴雨/出行赛道的工厂实拍内容，账号南方暴雨（气象，200w+粉），围绕话题#一次性雨衣伞（8600万播放 / 1.6w视频 / 同比+8%），代表视频《8款自动开合伞对比 谁才是真一键》。,https://www.douyin.com/search/一次性雨衣伞?type=video,视频1.6w / 播放8600万,搜索热度+32%,月销5000单,DOU+ 加热 单条消耗 ¥2.4万 / 播放 680万 / 涨粉 4.6万
,,,,江浙沪梅雨 - 钓鱼伞万向节 1秒换角度,抖音,2026-03,产品上市 | 梅雨季伞具 1.4亿 | 42w粉,抖音梅雨季/雨具实用赛道的产品上市内容，账号江浙沪梅雨（本地资讯，42w粉），围绕话题#梅雨季伞具（1.4亿播放 / 2.8w视频 / 同比+16%），代表视频《钓鱼伞万向节 1秒换角度》。,https://www.douyin.com/search/梅雨季伞具?type=video,视频2.8w / 播放1.4亿,搜索热度+新,月销10万+单,同城 雨伞相关 搜索指数 18万 / 同比 +46%
,,,,totem图腾 - 商务伞的隐藏功能 你绝对不知道,抖音,2026-Q1,产品上市 | 蕾丝公主伞 4200万 | 4.2w粉,抖音户外伞/遮阳赛道的产品上市内容，账号totem图腾（户外品牌，4.2w粉），围绕话题#蕾丝公主伞（4200万播放 / 0.8w视频 / 同比+24%），代表视频《商务伞的隐藏功能 你绝对不知道》。,https://www.douyin.com/search/蕾丝公主伞?type=video,视频0.8w / 播放4200万,搜索热度+新,月销3万-5万单,品牌广告位 累计曝光 1.2亿 / 点击 320万 / 转化 8.6万
,,,,黑雨伞工厂店 - 黄景瑜同款三折黑胶伞 1688平替,抖音,2026-08-05,用户故事 | 蕾丝公主伞 4200万 | 12.8w粉,抖音黑胶/防紫外线/抖音爆款赛道的用户故事内容，账号黑雨伞工厂店（源头工厂，12.8w粉），围绕话题#蕾丝公主伞（4200万播放 / 0.8w视频 / 同比+24%），代表视频《黄景瑜同款三折黑胶伞 1688平替》。,https://www.douyin.com/search/蕾丝公主伞?type=video,视频0.8w / 播放4200万,搜索热度+24%,蝉妈妈销量榜Top 3,品牌任务 累计 6800 创作者参与 / 8.2w 视频
,,,,蕉下官方 - 梅雨季通勤神伞 5折口袋伞实测,抖音,2025-Q4,品牌联名 | 油纸伞 8.1亿 | 210w粉,抖音防晒/高颜值赛道的品牌联名内容，账号蕉下官方（品牌，210w粉），围绕话题#油纸伞（8.1亿播放 / 12.6w视频 / 同比+18%），代表视频《梅雨季通勤神伞 5折口袋伞实测》。,https://www.douyin.com/search/油纸伞?type=video,视频12.6w / 播放8.1亿,搜索热度+32%,蝉妈妈销量榜Top 10,自然流量占比 78% / 搜索流量 12% / 推荐流 56%
,,,,钓鱼伞源头 - 这把伞能让外卖小哥续命 暴雨天,抖音,2026-06,用户故事 | 非遗油纸伞 1.4亿 | 3.2w粉,抖音钓鱼伞/万向/机械臂赛道的用户故事内容，账号钓鱼伞源头（工厂，3.2w粉），围绕话题#非遗油纸伞（1.4亿播放 / 2.6w视频 / 同比+38%），代表视频《这把伞能让外卖小哥续命 暴雨天》。,https://www.douyin.com/search/非遗油纸伞?type=video,视频2.6w / 播放1.4亿,搜索热度+8%,月销10万+单,直播带货 单场 4800单 / GMV 28.6万
,,,,天堂伞官方 - 一把伞让油纸伞大师哭了出来,抖音,2026-Q1,非遗手作 | 梅雨季伞具 1.4亿 | 18w粉,抖音国民品牌赛道的非遗手作内容，账号天堂伞官方（品牌，18w粉），围绕话题#梅雨季伞具（1.4亿播放 / 2.8w视频 / 同比+16%），代表视频《一把伞让油纸伞大师哭了出来》。,https://www.douyin.com/search/梅雨季伞具?type=video,视频2.8w / 播放1.4亿,搜索热度+24%,月销5万-10万单,单条爆款 3200万 播放 / 58万 赞 / 12.8万 评论
,,,,江浙沪包邮 - 我用这把伞给油纸伞重生的勇气,抖音,2026-04,非遗手作 | 三折伞 1.8亿 | 28w粉,抖音源头工厂/直播赛道的非遗手作内容，账号江浙沪包邮（探店号，28w粉），围绕话题#三折伞（1.8亿播放 / 3.2w视频 / 同比+3%），代表视频《我用这把伞给油纸伞重生的勇气》。,https://www.douyin.com/search/三折伞?type=video,视频3.2w / 播放1.8亿,搜索热度++85%,月销5000单,单条视频 2200万 播放 / 46万 赞 / 8.2万 评论 / 12.4万 转发
,,,,夏天的阳台 - 8款自动开合伞对比 谁才是真一键,抖音,2026-02,PK对比 | 万向钓鱼伞 1800万 | 82w粉,抖音阳台/居家/雨具美学赛道的PK对比内容，账号夏天的阳台（生活方式，82w粉），围绕话题#万向钓鱼伞（1800万播放 / 0.4w视频 / 同比+44%），代表视频《8款自动开合伞对比 谁才是真一键》。,https://www.douyin.com/search/万向钓鱼伞?type=video,视频0.4w / 播放1800万,搜索热度+18%,月销5万单,星图 报价 12万 / 视频播放 1800万 / 互动 28万
,,,,SENKESI - 婚礼红伞 花瓣雨里的浪漫,抖音,2026-08-13,对比实验 | 12骨防风伞 1.2亿 | 6.3w粉,抖音全自动/性价比赛道的对比实验内容，账号SENKESI（品牌，6.3w粉），围绕话题#12骨防风伞（1.2亿播放 / 2.4w视频 / 同比+19%），代表视频《婚礼红伞 花瓣雨里的浪漫》。,https://www.douyin.com/search/12骨防风伞?type=video,视频2.4w / 播放1.2亿,搜索热度+5%,月销1万-3万单,品牌广告位 累计曝光 1.2亿 / 点击 320万 / 转化 8.6万
,,,,KOL小辣椒 - 透明伞里的光影 周末拍照神器,抖音,2026-07,反向种草 | 蕾丝防晒伞 6800万 | 150w粉,抖音雨伞场景植入赛道的反向种草内容，账号KOL小辣椒（美妆跨界，150w粉），围绕话题#蕾丝防晒伞（6800万播放 / 1.2w视频 / 同比+21%），代表视频《透明伞里的光影 周末拍照神器》。,https://www.douyin.com/search/蕾丝防晒伞?type=video,视频1.2w / 播放6800万,搜索热度++85%,月销8千-1万单,挑战赛 #夏日雨伞 累计参与视频 12.4w 条 / 播放 8.6亿
,,,,蕉下官方 - 对比10款防晒伞 这把能挡99.9%紫外线,抖音,2026-03,节日应季 | 黑胶伞 4.8亿 | 210w粉,抖音防晒/高颜值赛道的节日应季内容，账号蕉下官方（品牌，210w粉），围绕话题#黑胶伞（4.8亿播放 / 8.6w视频 / 同比+18%），代表视频《对比10款防晒伞 这把能挡99.9%紫外线》。,https://www.douyin.com/search/黑胶伞?type=video,视频8.6w / 播放4.8亿,搜索热度+新,新上榜,星图 报价 12万 / 视频播放 1800万 / 互动 28万
,,,,Knirps克尼普斯 - 一把伞让油纸伞大师哭了出来,抖音,2026-08-12,反向种草 | 彩虹伞 1.6亿 | 5.6w粉,抖音高端商务赛道的反向种草内容，账号Knirps克尼普斯（德系，5.6w粉），围绕话题#彩虹伞（1.6亿播放 / 3.2w视频 / 同比-5%），代表视频《一把伞让油纸伞大师哭了出来》。,https://www.douyin.com/search/彩虹伞?type=video,视频3.2w / 播放1.6亿,搜索热度+46%,新上榜,抖音热搜 #飞恋伞 #持续 12小时
,,,,钓鱼伞源头 - 三折黑胶伞 通勤族的黑科技,抖音,2026-08-13,非遗手作 | 透明伞 2.6亿 | 3.2w粉,抖音钓鱼伞/万向/机械臂赛道的非遗手作内容，账号钓鱼伞源头（工厂，3.2w粉），围绕话题#透明伞（2.6亿播放 / 5.2w视频 / 同比-2%），代表视频《三折黑胶伞 通勤族的黑科技》。,https://www.douyin.com/search/透明伞?type=video,视频5.2w / 播放2.6亿,搜索热度+24%,新上榜,星图 报价 12万 / 视频播放 1800万 / 互动 28万
,,,,必朗官方 - 保康暴雨 暖视频里那把伞火了,抖音,2026-07,工厂实拍 | 反季雨伞 6800万 | 12w粉,抖音中端雨伞赛道的工厂实拍内容，账号必朗官方（品牌，12w粉），围绕话题#反季雨伞（6800万播放 / 1.2w视频 / 同比+9%），代表视频《保康暴雨 暖视频里那把伞火了》。,https://www.douyin.com/search/反季雨伞?type=video,视频1.2w / 播放6800万,搜索热度+24%,月销5万-10万单,广告投放 ROI 3.2 / 单次转化成本 ¥4.8 / 月GMV 1200万
,,,,小红薯测评 - 暴雨12小时 12骨伞全程无故障,抖音,2026-Q1,对比实验 | 高尔夫伞 6200万 | 87.6w粉,抖音雨伞横评/对比赛道的对比实验内容，账号小红薯测评（测评号，87.6w粉），围绕话题#高尔夫伞（6200万播放 / 1.2w视频 / 同比+11%），代表视频《暴雨12小时 12骨伞全程无故障》。,https://www.douyin.com/search/高尔夫伞?type=video,视频1.2w / 播放6200万,搜索热度+12%,月销5万-10万单,蝉妈妈榜 雨伞品类 销量榜 No.1
,,,,黑雨伞源头工厂 - 梅雨季通勤神伞 5折口袋伞实测,抖音,2026-04,工厂实拍 | 保康暖视频 800万 | 5.6w粉,抖音黑胶/防晒/直供赛道的工厂实拍内容，账号黑雨伞源头工厂（源头工厂，5.6w粉），围绕话题#保康暖视频（800万播放 / 0.2w视频 / 同比新），代表视频《梅雨季通勤神伞 5折口袋伞实测》。,https://www.douyin.com/search/保康暖视频?type=video,视频0.2w / 播放800万,搜索热度+46%,蝉妈妈销量榜Top 3,特效道具 雨伞AR 使用 1.2亿 次
,,,,江浙沪梅雨 - 我用这把伞给油纸伞重生的勇气,抖音,2026-08-12,KOL体验 | 一次性雨衣伞 8600万 | 42w粉,抖音梅雨季/雨具实用赛道的KOL体验内容，账号江浙沪梅雨（本地资讯，42w粉），围绕话题#一次性雨衣伞（8600万播放 / 1.6w视频 / 同比+8%），代表视频《我用这把伞给油纸伞重生的勇气》。,https://www.douyin.com/search/一次性雨衣伞?type=video,视频1.6w / 播放8600万,搜索热度+46%,蝉妈妈销量榜Top 3,千川 投放 单计划日耗 ¥8000 / 转化 2.4万 / 客单价 ¥58
,,,,舟山小船哥 - 12骨 vs 8骨 vs 6骨 哪种才防风,抖音,2025-12,广告投放 | 万向钓鱼伞 1800万 | 44w粉,抖音海上/极端天气雨伞赛道的广告投放内容，账号舟山小船哥（渔民，44w粉），围绕话题#万向钓鱼伞（1800万播放 / 0.4w视频 / 同比+44%），代表视频《12骨 vs 8骨 vs 6骨 哪种才防风》。,https://www.douyin.com/search/万向钓鱼伞?type=video,视频0.4w / 播放1800万,搜索热度++85%,月销8千-1万单,POI 杭州萧山 雨伞工厂 打卡 6.8w 次
,,,,小红薯 - 黑胶伞防晒实验 UV卡片变色测试,抖音,2026-08-05,实景测试 | 马卡龙伞 4800万 | 180w粉,抖音防晒伞/通勤/颜值赛道的实景测试内容，账号小红薯（种草，180w粉），围绕话题#马卡龙伞（4800万播放 / 0.8w视频 / 同比+35%），代表视频《黑胶伞防晒实验 UV卡片变色测试》。,https://www.douyin.com/search/马卡龙伞?type=video,视频0.8w / 播放4800万,搜索热度+18%,蝉妈妈销量榜Top 10,千川 投放 单计划日耗 ¥8000 / 转化 2.4万 / 客单价 ¥58
,,,,浙江飞恋官方旗舰店 - 挑战飞恋手电筒伞 照亮3公里夜路,抖音,2026-08-10,广告投放 | 晴雨两用伞 6.4亿 | 46.2w粉,抖音工厂直播/反向折叠/IP联名赛道的广告投放内容，账号浙江飞恋官方旗舰店（品牌官方，46.2w粉），围绕话题#晴雨两用伞（6.4亿播放 / 12.4w视频 / 同比+4%），代表视频《挑战飞恋手电筒伞 照亮3公里夜路》。,https://www.douyin.com/search/晴雨两用伞?type=video,视频12.4w / 播放6.4亿,搜索热度+32%,月销2万单,短视频带货 单条 2200单 / GMV 12.8万
,,,,totem图腾 - 双11 雨伞品类战报 抖音全面超越天猫,抖音,2026-05,对比实验 | 16骨大号伞 8600万 | 4.2w粉,抖音户外伞/遮阳赛道的对比实验内容，账号totem图腾（户外品牌，4.2w粉），围绕话题#16骨大号伞（8600万播放 / 1.6w视频 / 同比+16%），代表视频《双11 雨伞品类战报 抖音全面超越天猫》。,https://www.douyin.com/search/16骨大号伞?type=video,视频1.6w / 播放8600万,搜索热度+新,月销8千-1万单,星图 报价 12万 / 视频播放 1800万 / 互动 28万
,,,,南方暴雨 - 我把价值¥200的伞丢进搅拌机 结果,抖音,2025-12,品牌联名 | 16骨大号伞 8600万 | 200w+粉,抖音南方暴雨/出行赛道的品牌联名内容，账号南方暴雨（气象，200w+粉），围绕话题#16骨大号伞（8600万播放 / 1.6w视频 / 同比+16%），代表视频《我把价值¥200的伞丢进搅拌机 结果》。,https://www.douyin.com/search/16骨大号伞?type=video,视频1.6w / 播放8600万,搜索热度+12%,蝉妈妈销量榜Top 10,单条爆款 3200万 播放 / 58万 赞 / 12.8万 评论
,,,,今日有雪223 - 工厂老板揭秘: 10元的伞和100元的伞差在哪,抖音,2026-08,KOL体验 | 折叠伞 12.4亿 | 100w+粉,抖音台风街头/雨伞场景赛道的KOL体验内容，账号今日有雪223（街头纪实，100w+粉），围绕话题#折叠伞（12.4亿播放 / 26.8w视频 / 同比+5%），代表视频《工厂老板揭秘: 10元的伞和100元的伞差在哪》。,https://www.douyin.com/search/折叠伞?type=video,视频26.8w / 播放12.4亿,搜索热度++85%,蝉妈妈销量榜Top 1,品牌广告位 累计曝光 1.2亿 / 点击 320万 / 转化 8.6万
,,,,江浙沪梅雨 - 雨伞工厂实拍 一天生产5000把,抖音,2026-08-05,品牌联名 | 机械臂钓鱼伞 2400万 | 42w粉,抖音梅雨季/雨具实用赛道的品牌联名内容，账号江浙沪梅雨（本地资讯，42w粉），围绕话题#机械臂钓鱼伞（2400万播放 / 0.4w视频 / 同比+58%），代表视频《雨伞工厂实拍 一天生产5000把》。,https://www.douyin.com/search/机械臂钓鱼伞?type=video,视频0.4w / 播放2400万,搜索热度+24%,月销1万-3万单,广告投放 ROI 3.2 / 单次转化成本 ¥4.8 / 月GMV 1200万
,,,,必朗官方 - 婚礼红伞 花瓣雨里的浪漫,抖音,2026-01,工厂实拍 | 黑胶防晒伞 5.2亿 | 12w粉,抖音中端雨伞赛道的工厂实拍内容，账号必朗官方（品牌，12w粉），围绕话题#黑胶防晒伞（5.2亿播放 / 8.4w视频 / 同比+24%），代表视频《婚礼红伞 花瓣雨里的浪漫》。,https://www.douyin.com/search/黑胶防晒伞?type=video,视频8.4w / 播放5.2亿,搜索热度+5%,月销8千-1万单,DOU+ 加热 单条消耗 ¥2.4万 / 播放 680万 / 涨粉 4.6万
,,,,浙江飞恋官方旗舰店 - 对比10款防晒伞 这把能挡99.9%紫外线,抖音,2025-12,非遗手作 | 三折伞 1.8亿 | 46.2w粉,抖音工厂直播/反向折叠/IP联名赛道的非遗手作内容，账号浙江飞恋官方旗舰店（品牌官方，46.2w粉），围绕话题#三折伞（1.8亿播放 / 3.2w视频 / 同比+3%），代表视频《对比10款防晒伞 这把能挡99.9%紫外线》。,https://www.douyin.com/search/三折伞?type=video,视频3.2w / 播放1.8亿,搜索热度+12%,蝉妈妈销量榜Top 10,抖音热搜 #飞恋伞 #持续 12小时
,,,,totem图腾 - 商务伞的隐藏功能 你绝对不知道,抖音,2026-06,天气纪实 | 反光伞 2200万 | 4.2w粉,抖音户外伞/遮阳赛道的天气纪实内容，账号totem图腾（户外品牌，4.2w粉），围绕话题#反光伞（2200万播放 / 0.4w视频 / 同比+85%），代表视频《商务伞的隐藏功能 你绝对不知道》。,https://www.douyin.com/search/反光伞?type=video,视频0.4w / 播放2200万,搜索热度+32%,月销3万-5万单,星图 报价 12万 / 视频播放 1800万 / 互动 28万
,,,,Knirps克尼普斯 - 一把伞让油纸伞大师哭了出来,抖音,2026-03,用户故事 | 源头工厂 12.4亿 | 5.6w粉,抖音高端商务赛道的用户故事内容，账号Knirps克尼普斯（德系，5.6w粉），围绕话题#源头工厂（12.4亿播放 / 26.8w视频 / 同比+8%），代表视频《一把伞让油纸伞大师哭了出来》。,https://www.douyin.com/search/源头工厂?type=video,视频26.8w / 播放12.4亿,搜索热度+24%,月销1万-3万单,POI 杭州萧山 雨伞工厂 打卡 6.8w 次
,,,,WPC官方 - 油纸伞72道工艺 一把伞做3个月,抖音,2025-Q4,广告投放 | 黑胶防晒伞 5.2亿 | 8.4w粉,抖音日系/ins风赛道的广告投放内容，账号WPC官方（日牌，8.4w粉），围绕话题#黑胶防晒伞（5.2亿播放 / 8.4w视频 / 同比+24%），代表视频《油纸伞72道工艺 一把伞做3个月》。,https://www.douyin.com/search/黑胶防晒伞?type=video,视频8.4w / 播放5.2亿,搜索热度+46%,月销5万单,抖音电商 运动户外榜 投放榜 Top 1
,,,,黑雨伞工厂店 - 商务伞的隐藏功能 你绝对不知道,抖音,2026-07,产品上市 | 反向折叠伞 1.2亿 | 12.8w粉,抖音黑胶/防紫外线/抖音爆款赛道的产品上市内容，账号黑雨伞工厂店（源头工厂，12.8w粉），围绕话题#反向折叠伞（1.2亿播放 / 2.1w视频 / 同比+47%），代表视频《商务伞的隐藏功能 你绝对不知道》。,https://www.douyin.com/search/反向折叠伞?type=video,视频2.1w / 播放1.2亿,搜索热度+8%,月销5000单,系列视频 累计 1.2亿 播放 / 186万 赞 / 24.6万 评论
,,,,江浙沪包邮 - 8款自动开合伞对比 谁才是真一键,抖音,2026-Q2,话题挑战 | 钓鱼伞 3.8亿 | 28w粉,抖音源头工厂/直播赛道的话题挑战内容，账号江浙沪包邮（探店号，28w粉），围绕话题#钓鱼伞（3.8亿播放 / 4.2w视频 / 同比+64.3%），代表视频《8款自动开合伞对比 谁才是真一键》。,https://www.douyin.com/search/钓鱼伞?type=video,视频4.2w / 播放3.8亿,搜索热度+8%,新上榜,蝉妈妈榜 雨伞品类 销量榜 No.1
,,,,FULTON富尔顿 - 一把伞让油纸伞大师哭了出来,抖音,2025-12,种草安利 | 高尔夫伞 6200万 | 3.8w粉,抖音鸟笼伞/英伦绅士赛道的种草安利内容，账号FULTON富尔顿（英伦，3.8w粉），围绕话题#高尔夫伞（6200万播放 / 1.2w视频 / 同比+11%），代表视频《一把伞让油纸伞大师哭了出来》。,https://www.douyin.com/search/高尔夫伞?type=video,视频1.2w / 播放6200万,搜索热度+8%,蝉妈妈销量榜Top 3,千川 投放 单计划日耗 ¥8000 / 转化 2.4万 / 客单价 ¥58
,,,,小红薯 - 对比10款防晒伞 这把能挡99.9%紫外线,抖音,2026-08-12,品牌联名 | 反季雨伞 6800万 | 180w粉,抖音防晒伞/通勤/颜值赛道的品牌联名内容，账号小红薯（种草，180w粉），围绕话题#反季雨伞（6800万播放 / 1.2w视频 / 同比+9%），代表视频《对比10款防晒伞 这把能挡99.9%紫外线》。,https://www.douyin.com/search/反季雨伞?type=video,视频1.2w / 播放6800万,搜索热度+12%,月销5万单,特效道具 雨伞AR 使用 1.2亿 次
,,,,天堂伞官方 - 透明伞里的光影 周末拍照神器,抖音,2026-08,实景测试 | 夏季防晒伞 4.8亿 | 18w粉,抖音国民品牌赛道的实景测试内容，账号天堂伞官方（品牌，18w粉），围绕话题#夏季防晒伞（4.8亿播放 / 8.6w视频 / 同比+24%），代表视频《透明伞里的光影 周末拍照神器》。,https://www.douyin.com/search/夏季防晒伞?type=video,视频8.6w / 播放4.8亿,搜索热度++85%,蝉妈妈销量榜Top 10,抖音热搜 #飞恋伞 #持续 12小时
,,,,9号伞业 - 暴雨天打伞 vs 不打伞 实验对比,抖音,2026-08,非遗手作 | 反伞黑胶 1.8亿 | 8.4w粉,抖音1688同款/直供赛道的非遗手作内容，账号9号伞业（工厂直播，8.4w粉），围绕话题#反伞黑胶（1.8亿播放 / 3.2w视频 / 同比+22%），代表视频《暴雨天打伞 vs 不打伞 实验对比》。,https://www.douyin.com/search/反伞黑胶?type=video,视频3.2w / 播放1.8亿,搜索热度+8%,月销10万+单,达人推广 触达 4200万 / 互动 86万 / 转化 12.4万
,,,,舟山小船哥 - 保康暴雨 暖视频里那把伞火了,抖音,2026-07,PK对比 | 非遗油纸伞 1.4亿 | 44w粉,抖音海上/极端天气雨伞赛道的PK对比内容，账号舟山小船哥（渔民，44w粉），围绕话题#非遗油纸伞（1.4亿播放 / 2.6w视频 / 同比+38%），代表视频《保康暴雨 暖视频里那把伞火了》。,https://www.douyin.com/search/非遗油纸伞?type=video,视频2.6w / 播放1.4亿,搜索热度+46%,蝉妈妈销量榜Top 1,POI 杭州萧山 雨伞工厂 打卡 6.8w 次
,,,,飞恋伞厂 - 这把伞能让外卖小哥续命 暴雨天,抖音,2026-Q1,KOL体验 | 女士雨伞 1.2亿 | 200w粉,抖音手电筒伞/夜路伞/反向折叠/IP联名赛道的KOL体验内容，账号飞恋伞厂（源头工厂，200w粉），围绕话题#女士雨伞（1.2亿播放 / 2.4w视频 / 同比+6%），代表视频《这把伞能让外卖小哥续命 暴雨天》。,https://www.douyin.com/search/女士雨伞?type=video,视频2.4w / 播放1.2亿,搜索热度+32%,月销10万+单,挑战赛 #夏日雨伞 累计参与视频 12.4w 条 / 播放 8.6亿
,,,,江浙沪梅雨 - 挑战飞恋手电筒伞 照亮3公里夜路,抖音,2026-08,反向种草 | 晴雨两用伞 6.4亿 | 42w粉,抖音梅雨季/雨具实用赛道的反向种草内容，账号江浙沪梅雨（本地资讯，42w粉），围绕话题#晴雨两用伞（6.4亿播放 / 12.4w视频 / 同比+4%），代表视频《挑战飞恋手电筒伞 照亮3公里夜路》。,https://www.douyin.com/search/晴雨两用伞?type=video,视频12.4w / 播放6.4亿,搜索热度+18%,月销1万-3万单,蝉妈妈榜 雨伞品类 销量榜 No.1
,,,,浙江飞恋官方旗舰店 - 黑胶伞防晒实验 UV卡片变色测试,抖音,2026-08-10,非遗手作 | 反伞黑胶 1.8亿 | 46.2w粉,抖音工厂直播/反向折叠/IP联名赛道的非遗手作内容，账号浙江飞恋官方旗舰店（品牌官方，46.2w粉），围绕话题#反伞黑胶（1.8亿播放 / 3.2w视频 / 同比+22%），代表视频《黑胶伞防晒实验 UV卡片变色测试》。,https://www.douyin.com/search/反伞黑胶?type=video,视频3.2w / 播放1.8亿,搜索热度++85%,月销2万单,短视频带货 单条 2200单 / GMV 12.8万
,,,,SENKESI - 暴雨12小时 12骨伞全程无故障,抖音,2026-08-12,产品上市 | 女士雨伞 1.2亿 | 6.3w粉,抖音全自动/性价比赛道的产品上市内容，账号SENKESI（品牌，6.3w粉），围绕话题#女士雨伞（1.2亿播放 / 2.4w视频 / 同比+6%），代表视频《暴雨12小时 12骨伞全程无故障》。,https://www.douyin.com/search/女士雨伞?type=video,视频2.4w / 播放1.2亿,搜索热度+18%,蝉妈妈销量榜Top 3,单条视频 2200万 播放 / 46万 赞 / 8.2万 评论 / 12.4万 转发
,,,,SENKESI - 12骨 vs 8骨 vs 6骨 哪种才防风,抖音,2025-Q4,话题挑战 | 黑胶伞 4.8亿 | 6.3w粉,抖音全自动/性价比赛道的话题挑战内容，账号SENKESI（品牌，6.3w粉），围绕话题#黑胶伞（4.8亿播放 / 8.6w视频 / 同比+18%），代表视频《12骨 vs 8骨 vs 6骨 哪种才防风》。,https://www.douyin.com/search/黑胶伞?type=video,视频8.6w / 播放4.8亿,搜索热度++85%,新上榜,品牌任务 累计 6800 创作者参与 / 8.2w 视频
,,,,天堂伞官方 - 黑胶伞防晒实验 UV卡片变色测试,抖音,2026-08-10,热销榜单 | 商务雨伞 3200万 | 18w粉,抖音国民品牌赛道的热销榜单内容，账号天堂伞官方（品牌，18w粉），围绕话题#商务雨伞（3200万播放 / 0.6w视频 / 同比+8%），代表视频《黑胶伞防晒实验 UV卡片变色测试》。,https://www.douyin.com/search/商务雨伞?type=video,视频0.6w / 播放3200万,搜索热度+32%,月销5万单,同城 雨伞相关 搜索指数 18万 / 同比 +46%
,,,,钓鱼伞源头 - 婚礼红伞 花瓣雨里的浪漫,抖音,2025-Q4,开箱测评 | 晴雨两用伞 6.4亿 | 3.2w粉,抖音钓鱼伞/万向/机械臂赛道的开箱测评内容，账号钓鱼伞源头（工厂，3.2w粉），围绕话题#晴雨两用伞（6.4亿播放 / 12.4w视频 / 同比+4%），代表视频《婚礼红伞 花瓣雨里的浪漫》。,https://www.douyin.com/search/晴雨两用伞?type=video,视频12.4w / 播放6.4亿,搜索热度+18%,蝉妈妈销量榜Top 1,广告投放 ROI 3.2 / 单次转化成本 ¥4.8 / 月GMV 1200万
,,,,闻士善 - 梅雨季通勤神伞 5折口袋伞实测,抖音,2026-05,种草安利 | 反向伞 9200万 | 65w粉,抖音古法油纸伞/非遗手作赛道的种草安利内容，账号闻士善（闻叔的伞，65w粉），围绕话题#反向伞（9200万播放 / 1.8w视频 / 同比+38%），代表视频《梅雨季通勤神伞 5折口袋伞实测》。,https://www.douyin.com/search/反向伞?type=video,视频1.8w / 播放9200万,搜索热度+24%,月销5万单,直播间同时在线 4.2万 / 累计观看 320万 / GMV 186万
,,,,WPC官方 - 5分钟教会你怎么挑黑胶伞,抖音,2026-08-14,开箱测评 | 机械臂钓鱼伞 2400万 | 8.4w粉,抖音日系/ins风赛道的开箱测评内容，账号WPC官方（日牌，8.4w粉），围绕话题#机械臂钓鱼伞（2400万播放 / 0.4w视频 / 同比+58%），代表视频《5分钟教会你怎么挑黑胶伞》。,https://www.douyin.com/search/机械臂钓鱼伞?type=video,视频0.4w / 播放2400万,搜索热度+18%,月销10万+单,抖音热搜 #飞恋伞 #持续 12小时
,,,,浙江飞恋官方旗舰店 - 挑战飞恋手电筒伞 照亮3公里夜路,抖音,2026-05,实景测试 | 广告伞定制 2400万 | 46.2w粉,抖音工厂直播/反向折叠/IP联名赛道的实景测试内容，账号浙江飞恋官方旗舰店（品牌官方，46.2w粉），围绕话题#广告伞定制（2400万播放 / 0.4w视频 / 同比+14%），代表视频《挑战飞恋手电筒伞 照亮3公里夜路》。,https://www.douyin.com/search/广告伞定制?type=video,视频0.4w / 播放2400万,搜索热度+12%,月销10万+单,自然流量占比 78% / 搜索流量 12% / 推荐流 56%
,,,,雷鹏琳 - 对比10款防晒伞 这把能挡99.9%紫外线,抖音,2025-Q4,种草安利 | 折叠伞 12.4亿 | 184w→200w粉,抖音全品类飞恋产品/工厂实拍赛道的种草安利内容，账号雷鹏琳（KOL+老板，184w→200w粉），围绕话题#折叠伞（12.4亿播放 / 26.8w视频 / 同比+5%），代表视频《对比10款防晒伞 这把能挡99.9%紫外线》。,https://www.douyin.com/search/折叠伞?type=video,视频26.8w / 播放12.4亿,搜索热度+8%,月销8千-1万单,特效道具 雨伞AR 使用 1.2亿 次
,,,,WPC官方 - 保康暴雨 暖视频里那把伞火了,抖音,2026-08-13,热销榜单 | ins风伞 9200万 | 8.4w粉,抖音日系/ins风赛道的热销榜单内容，账号WPC官方（日牌，8.4w粉），围绕话题#ins风伞（9200万播放 / 1.8w视频 / 同比+28%），代表视频《保康暴雨 暖视频里那把伞火了》。,https://www.douyin.com/search/ins风伞?type=video,视频1.8w / 播放9200万,搜索热度+12%,月销8千-1万单,短视频带货 单条 2200单 / GMV 12.8万
,,,,小红薯测评 - 台风天的12骨伞 比花伞强在哪,抖音,2026-03,种草安利 | 三折黑胶伞 3.6亿 | 87.6w粉,抖音雨伞横评/对比赛道的种草安利内容，账号小红薯测评（测评号，87.6w粉），围绕话题#三折黑胶伞（3.6亿播放 / 6.4w视频 / 同比+14%），代表视频《台风天的12骨伞 比花伞强在哪》。,https://www.douyin.com/search/三折黑胶伞?type=video,视频6.4w / 播放3.6亿,搜索热度+8%,月销5000单,单条爆款 3200万 播放 / 58万 赞 / 12.8万 评论
,,,,FULTON富尔顿 - 对比10款防晒伞 这把能挡99.9%紫外线,抖音,2026-01,PK对比 | 台风伞 4200万 | 3.8w粉,抖音鸟笼伞/英伦绅士赛道的PK对比内容，账号FULTON富尔顿（英伦，3.8w粉），围绕话题#台风伞（4200万播放 / 0.8w视频 / 同比+44%），代表视频《对比10款防晒伞 这把能挡99.9%紫外线》。,https://www.douyin.com/search/台风伞?type=video,视频0.8w / 播放4200万,搜索热度+24%,月销1万-3万单,抖音热榜 #雨伞 #3 累计 9200万 播放
,,,,浙江飞恋官方旗舰店 - 源头工厂: 为什么1688的伞能便宜3倍,抖音,2026-08-10,工艺揭秘 | 反光伞 2200万 | 46.2w粉,抖音工厂直播/反向折叠/IP联名赛道的工艺揭秘内容，账号浙江飞恋官方旗舰店（品牌官方，46.2w粉），围绕话题#反光伞（2200万播放 / 0.4w视频 / 同比+85%），代表视频《源头工厂: 为什么1688的伞能便宜3倍》。,https://www.douyin.com/search/反光伞?type=video,视频0.4w / 播放2200万,搜索热度+18%,新上榜,抖音热搜 #飞恋伞 #持续 12小时
,,,,黑雨伞源头工厂 - 暴雨天打伞 vs 不打伞 实验对比,抖音,2026-08-12,PK对比 | 非遗油纸伞 1.4亿 | 5.6w粉,抖音黑胶/防晒/直供赛道的PK对比内容，账号黑雨伞源头工厂（源头工厂，5.6w粉），围绕话题#非遗油纸伞（1.4亿播放 / 2.6w视频 / 同比+38%），代表视频《暴雨天打伞 vs 不打伞 实验对比》。,https://www.douyin.com/search/非遗油纸伞?type=video,视频2.6w / 播放1.4亿,搜索热度+46%,月销10万+单,自然流量占比 78% / 搜索流量 12% / 推荐流 56%
,,,,WPC官方 - 黄景瑜同款三折黑胶伞 1688平替,抖音,2026-01,开箱测评 | 1688源头 1.2亿 | 8.4w粉,抖音日系/ins风赛道的开箱测评内容，账号WPC官方（日牌，8.4w粉），围绕话题#1688源头（1.2亿播放 / 2.4w视频 / 同比+15%），代表视频《黄景瑜同款三折黑胶伞 1688平替》。,https://www.douyin.com/search/1688源头?type=video,视频2.4w / 播放1.2亿,搜索热度+18%,月销2万单,抖音热搜 #飞恋伞 #持续 12小时
,,,,黑雨伞工厂店 - 婚礼红伞 花瓣雨里的浪漫,抖音,2026-02,用户故事 | 全自动伞 3.2亿 | 12.8w粉,抖音黑胶/防紫外线/抖音爆款赛道的用户故事内容，账号黑雨伞工厂店（源头工厂，12.8w粉），围绕话题#全自动伞（3.2亿播放 / 5.6w视频 / 同比+9%），代表视频《婚礼红伞 花瓣雨里的浪漫》。,https://www.douyin.com/search/全自动伞?type=video,视频5.6w / 播放3.2亿,搜索热度+新,月销1万-3万单,挑战赛 #夏日雨伞 累计参与视频 12.4w 条 / 播放 8.6亿
,,,,今日有雪223 - 商务伞的隐藏功能 你绝对不知道,抖音,2026-08-10,工艺揭秘 | 油纸伞 8.1亿 | 100w+粉,抖音台风街头/雨伞场景赛道的工艺揭秘内容，账号今日有雪223（街头纪实，100w+粉），围绕话题#油纸伞（8.1亿播放 / 12.6w视频 / 同比+18%），代表视频《商务伞的隐藏功能 你绝对不知道》。,https://www.douyin.com/search/油纸伞?type=video,视频12.6w / 播放8.1亿,搜索热度++85%,月销10万+单,星图 报价 12万 / 视频播放 1800万 / 互动 28万
,,,,雷鹏琳 - 5分钟教会你怎么挑黑胶伞,抖音,2025-Q4,节日应季 | 钛银胶伞 6400万 | 184w→200w粉,抖音全品类飞恋产品/工厂实拍赛道的节日应季内容，账号雷鹏琳（KOL+老板，184w→200w粉），围绕话题#钛银胶伞（6400万播放 / 1.2w视频 / 同比+22%），代表视频《5分钟教会你怎么挑黑胶伞》。,https://www.douyin.com/search/钛银胶伞?type=video,视频1.2w / 播放6400万,搜索热度+8%,月销2万单,特效道具 雨伞AR 使用 1.2亿 次
,,,,浙江飞恋官方旗舰店 - 从1688到抖音 这把反向折叠伞爆卖100万,抖音,2026-06,实景测试 | 全自动伞 3.2亿 | 46.2w粉,抖音工厂直播/反向折叠/IP联名赛道的实景测试内容，账号浙江飞恋官方旗舰店（品牌官方，46.2w粉），围绕话题#全自动伞（3.2亿播放 / 5.6w视频 / 同比+9%），代表视频《从1688到抖音 这把反向折叠伞爆卖100万》。,https://www.douyin.com/search/全自动伞?type=video,视频5.6w / 播放3.2亿,搜索热度+18%,月销2万单,千川 投放 单计划日耗 ¥8000 / 转化 2.4万 / 客单价 ¥58
,,,,吐泡沫的鱼 - 我用这把伞给油纸伞重生的勇气,抖音,2026-04,用户故事 | 晴雨两用伞 6.4亿 | 30w+粉,抖音保康暖视频/雨伞/极端天气赛道的用户故事内容，账号吐泡沫的鱼（生活记录，30w+粉），围绕话题#晴雨两用伞（6.4亿播放 / 12.4w视频 / 同比+4%），代表视频《我用这把伞给油纸伞重生的勇气》。,https://www.douyin.com/search/晴雨两用伞?type=video,视频12.4w / 播放6.4亿,搜索热度+24%,月销5000单,单条爆款 3200万 播放 / 58万 赞 / 12.8万 评论
,,,,BELLE MAISON - 从1688到抖音 这把反向折叠伞爆卖100万,抖音,2025-Q4,节日应季 | 雨伞测评 1.8亿 | 2.1w粉,抖音日系/家庭赛道的节日应季内容，账号BELLE MAISON（日系，2.1w粉），围绕话题#雨伞测评（1.8亿播放 / 3.2w视频 / 同比+18%），代表视频《从1688到抖音 这把反向折叠伞爆卖100万》。,https://www.douyin.com/search/雨伞测评?type=video,视频3.2w / 播放1.8亿,搜索热度+24%,月销5万单,星图 报价 12万 / 视频播放 1800万 / 互动 28万
,,,,黑雨伞源头工厂 - 这把伞能让外卖小哥续命 暴雨天,抖音,2026-08-14,节日应季 | 晴雨两用伞 6.4亿 | 5.6w粉,抖音黑胶/防晒/直供赛道的节日应季内容，账号黑雨伞源头工厂（源头工厂，5.6w粉），围绕话题#晴雨两用伞（6.4亿播放 / 12.4w视频 / 同比+4%），代表视频《这把伞能让外卖小哥续命 暴雨天》。,https://www.douyin.com/search/晴雨两用伞?type=video,视频12.4w / 播放6.4亿,搜索热度+8%,月销5000单,蝉妈妈榜 雨伞品类 销量榜 No.1
,,,,雷鹏琳 - 三折黑胶伞 通勤族的黑科技,抖音,2026-Q1,短视频带货 | 蕾丝防晒伞 6800万 | 184w→200w粉,抖音全品类飞恋产品/工厂实拍赛道的短视频带货内容，账号雷鹏琳（KOL+老板，184w→200w粉），围绕话题#蕾丝防晒伞（6800万播放 / 1.2w视频 / 同比+21%），代表视频《三折黑胶伞 通勤族的黑科技》。,https://www.douyin.com/search/蕾丝防晒伞?type=video,视频1.2w / 播放6800万,搜索热度+8%,月销5万-10万单,抖音热搜 #飞恋伞 #持续 12小时
,,,,totem图腾 - 油纸伞72道工艺 一把伞做3个月,抖音,2025-12,天气纪实 | 雨伞测评 1.8亿 | 4.2w粉,抖音户外伞/遮阳赛道的天气纪实内容，账号totem图腾（户外品牌，4.2w粉），围绕话题#雨伞测评（1.8亿播放 / 3.2w视频 / 同比+18%），代表视频《油纸伞72道工艺 一把伞做3个月》。,https://www.douyin.com/search/雨伞测评?type=video,视频3.2w / 播放1.8亿,搜索热度+5%,月销3万-5万单,POI 杭州萧山 雨伞工厂 打卡 6.8w 次
,,,,必朗官方 - 钓鱼佬花2000买伞 3年没坏,抖音,2026-08-12,PK对比 | 通勤雨伞 4800万 | 12w粉,抖音中端雨伞赛道的PK对比内容，账号必朗官方（品牌，12w粉），围绕话题#通勤雨伞（4800万播放 / 0.8w视频 / 同比+12%），代表视频《钓鱼佬花2000买伞 3年没坏》。,https://www.douyin.com/search/通勤雨伞?type=video,视频0.8w / 播放4800万,搜索热度+46%,月销2万单,广告投放 ROI 3.2 / 单次转化成本 ¥4.8 / 月GMV 1200万
,,,,wuli设计 - 反光伞夜间实测 这才是真夜骑安全,抖音,2026-02,品牌联名 | 女士雨伞 1.2亿 | 12.4w粉,抖音设计师款/雨伞工业设计赛道的品牌联名内容，账号wuli设计（工业设计，12.4w粉），围绕话题#女士雨伞（1.2亿播放 / 2.4w视频 / 同比+6%），代表视频《反光伞夜间实测 这才是真夜骑安全》。,https://www.douyin.com/search/女士雨伞?type=video,视频2.4w / 播放1.2亿,搜索热度+32%,蝉妈妈销量榜Top 1,短视频带货 单条 2200单 / GMV 12.8万
,,,,totem图腾 - 8款自动开合伞对比 谁才是真一键,抖音,2026-05,种草安利 | 夜路自动伞 4200万 | 4.2w粉,抖音户外伞/遮阳赛道的种草安利内容，账号totem图腾（户外品牌，4.2w粉），围绕话题#夜路自动伞（4200万播放 / 0.8w视频 / 同比新），代表视频《8款自动开合伞对比 谁才是真一键》。,https://www.douyin.com/search/夜路自动伞?type=video,视频0.8w / 播放4200万,搜索热度+24%,月销2万单,达人推广 触达 4200万 / 互动 86万 / 转化 12.4万
,,,,黑雨伞源头工厂 - 暴雨12小时 12骨伞全程无故障,抖音,2026-01,热销榜单 | 机械臂钓鱼伞 2400万 | 5.6w粉,抖音黑胶/防晒/直供赛道的热销榜单内容，账号黑雨伞源头工厂（源头工厂，5.6w粉），围绕话题#机械臂钓鱼伞（2400万播放 / 0.4w视频 / 同比+58%），代表视频《暴雨12小时 12骨伞全程无故障》。,https://www.douyin.com/search/机械臂钓鱼伞?type=video,视频0.4w / 播放2400万,搜索热度+24%,蝉妈妈销量榜Top 1,星图 报价 12万 / 视频播放 1800万 / 互动 28万
,,,,闻士善 - 一把伞让油纸伞大师哭了出来,抖音,2026-08-05,短视频带货 | 万向钓鱼伞 1800万 | 65w粉,抖音古法油纸伞/非遗手作赛道的短视频带货内容，账号闻士善（闻叔的伞，65w粉），围绕话题#万向钓鱼伞（1800万播放 / 0.4w视频 / 同比+44%），代表视频《一把伞让油纸伞大师哭了出来》。,https://www.douyin.com/search/万向钓鱼伞?type=video,视频0.4w / 播放1800万,搜索热度+新,蝉妈妈销量榜Top 10,直播带货 单场 4800单 / GMV 28.6万
,,,,9号伞业 - 反光伞夜间实测 这才是真夜骑安全,抖音,2026-06,工艺揭秘 | 折叠伞 12.4亿 | 8.4w粉,抖音1688同款/直供赛道的工艺揭秘内容，账号9号伞业（工厂直播，8.4w粉），围绕话题#折叠伞（12.4亿播放 / 26.8w视频 / 同比+5%），代表视频《反光伞夜间实测 这才是真夜骑安全》。,https://www.douyin.com/search/折叠伞?type=video,视频26.8w / 播放12.4亿,搜索热度++85%,月销2万单,直播带货 单场 4800单 / GMV 28.6万
,,,,钓鱼伞源头 - 三折黑胶伞 通勤族的黑科技,抖音,2026-01,实景测试 | 机械臂钓鱼伞 2400万 | 3.2w粉,抖音钓鱼伞/万向/机械臂赛道的实景测试内容，账号钓鱼伞源头（工厂，3.2w粉），围绕话题#机械臂钓鱼伞（2400万播放 / 0.4w视频 / 同比+58%），代表视频《三折黑胶伞 通勤族的黑科技》。,https://www.douyin.com/search/机械臂钓鱼伞?type=video,视频0.4w / 播放2400万,搜索热度+12%,月销10万+单,直播间同时在线 4.2万 / 累计观看 320万 / GMV 186万
,,,,钓鱼伞源头 - 挑战飞恋手电筒伞 照亮3公里夜路,抖音,2026-08-13,工艺揭秘 | 保康暖视频 800万 | 3.2w粉,抖音钓鱼伞/万向/机械臂赛道的工艺揭秘内容，账号钓鱼伞源头（工厂，3.2w粉），围绕话题#保康暖视频（800万播放 / 0.2w视频 / 同比新），代表视频《挑战飞恋手电筒伞 照亮3公里夜路》。,https://www.douyin.com/search/保康暖视频?type=video,视频0.2w / 播放800万,搜索热度+18%,月销5万单,系列视频 累计 1.2亿 播放 / 186万 赞 / 24.6万 评论
,,,,今日有雪223 - 8款自动开合伞对比 谁才是真一键,抖音,2025-12,工厂实拍 | 马卡龙伞 4800万 | 100w+粉,抖音台风街头/雨伞场景赛道的工厂实拍内容，账号今日有雪223（街头纪实，100w+粉），围绕话题#马卡龙伞（4800万播放 / 0.8w视频 / 同比+35%），代表视频《8款自动开合伞对比 谁才是真一键》。,https://www.douyin.com/search/马卡龙伞?type=video,视频0.8w / 播放4800万,搜索热度+18%,月销1万-3万单,蝉妈妈榜 雨伞品类 销量榜 No.1
,,,,钓鱼伞源头 - 双11 雨伞品类战报 抖音全面超越天猫,抖音,2026-04,产品上市 | 反光伞 2200万 | 3.2w粉,抖音钓鱼伞/万向/机械臂赛道的产品上市内容，账号钓鱼伞源头（工厂，3.2w粉），围绕话题#反光伞（2200万播放 / 0.4w视频 / 同比+85%），代表视频《双11 雨伞品类战报 抖音全面超越天猫》。,https://www.douyin.com/search/反光伞?type=video,视频0.4w / 播放2200万,搜索热度+新,月销5万单,短视频带货 单条 2200单 / GMV 12.8万
,,,,小红薯测评 - 婚礼红伞 花瓣雨里的浪漫,抖音,2026-08-13,节日应季 | 蕾丝公主伞 4200万 | 87.6w粉,抖音雨伞横评/对比赛道的节日应季内容，账号小红薯测评（测评号，87.6w粉），围绕话题#蕾丝公主伞（4200万播放 / 0.8w视频 / 同比+24%），代表视频《婚礼红伞 花瓣雨里的浪漫》。,https://www.douyin.com/search/蕾丝公主伞?type=video,视频0.8w / 播放4200万,搜索热度+新,月销3万-5万单,短视频带货 单条 2200单 / GMV 12.8万
,,,,黑雨伞源头工厂 - 钓鱼伞万向节 1秒换角度,抖音,2026-08-14,对比实验 | 三折伞 1.8亿 | 5.6w粉,抖音黑胶/防晒/直供赛道的对比实验内容，账号黑雨伞源头工厂（源头工厂，5.6w粉），围绕话题#三折伞（1.8亿播放 / 3.2w视频 / 同比+3%），代表视频《钓鱼伞万向节 1秒换角度》。,https://www.douyin.com/search/三折伞?type=video,视频3.2w / 播放1.8亿,搜索热度+8%,月销10万+单,同城 雨伞相关 搜索指数 18万 / 同比 +46%
,,,,KOL小辣椒 - 三折黑胶伞 通勤族的黑科技,抖音,2026-Q1,短视频带货 | 蕾丝公主伞 4200万 | 150w粉,抖音雨伞场景植入赛道的短视频带货内容，账号KOL小辣椒（美妆跨界，150w粉），围绕话题#蕾丝公主伞（4200万播放 / 0.8w视频 / 同比+24%），代表视频《三折黑胶伞 通勤族的黑科技》。,https://www.douyin.com/search/蕾丝公主伞?type=video,视频0.8w / 播放4200万,搜索热度+24%,月销5万单,直播带货 单场 4800单 / GMV 28.6万
,,,,夏天的雨伞 - 保康暴雨 暖视频里那把伞火了,抖音,2026-08-13,实景测试 | 雨伞工厂直播 6.4亿 | 230w粉,抖音颜值党/ins风赛道的实景测试内容，账号夏天的雨伞（穿搭博主，230w粉），围绕话题#雨伞工厂直播（6.4亿播放 / 12.6w视频 / 同比+22%），代表视频《保康暴雨 暖视频里那把伞火了》。,https://www.douyin.com/search/雨伞工厂直播?type=video,视频12.6w / 播放6.4亿,搜索热度++85%,蝉妈妈销量榜Top 1,抖音热榜 #雨伞 #3 累计 9200万 播放
,,,,江浙沪梅雨 - 双11 雨伞品类战报 抖音全面超越天猫,抖音,2026-08-05,热销榜单 | 雨伞防风 2.4亿 | 42w粉,抖音梅雨季/雨具实用赛道的热销榜单内容，账号江浙沪梅雨（本地资讯，42w粉），围绕话题#雨伞防风（2.4亿播放 / 4.2w视频 / 同比+11%），代表视频《双11 雨伞品类战报 抖音全面超越天猫》。,https://www.douyin.com/search/雨伞防风?type=video,视频4.2w / 播放2.4亿,搜索热度+18%,月销5万单,星图 报价 12万 / 视频播放 1800万 / 互动 28万
,,,,浙江飞恋官方旗舰店 - 暴雨天打伞 vs 不打伞 实验对比,抖音,2026-08-05,品牌联名 | 雨伞测评 1.8亿 | 46.2w粉,抖音工厂直播/反向折叠/IP联名赛道的品牌联名内容，账号浙江飞恋官方旗舰店（品牌官方，46.2w粉），围绕话题#雨伞测评（1.8亿播放 / 3.2w视频 / 同比+18%），代表视频《暴雨天打伞 vs 不打伞 实验对比》。,https://www.douyin.com/search/雨伞测评?type=video,视频3.2w / 播放1.8亿,搜索热度+5%,蝉妈妈销量榜Top 1,GMV 单场 280万 / UV价值 38元 / 转化率 4.6%
,,,,BELLE MAISON - 油纸伞72道工艺 一把伞做3个月,抖音,2026-08-05,对比实验 | 三折黑胶伞 3.6亿 | 2.1w粉,抖音日系/家庭赛道的对比实验内容，账号BELLE MAISON（日系，2.1w粉），围绕话题#三折黑胶伞（3.6亿播放 / 6.4w视频 / 同比+14%），代表视频《油纸伞72道工艺 一把伞做3个月》。,https://www.douyin.com/search/三折黑胶伞?type=video,视频6.4w / 播放3.6亿,搜索热度++85%,月销8千-1万单,品牌广告位 累计曝光 1.2亿 / 点击 320万 / 转化 8.6万
,,,,吐泡沫的鱼 - 暴雨天打伞 vs 不打伞 实验对比,抖音,2026-Q1,节日应季 | 男士商务伞 6800万 | 30w+粉,抖音保康暖视频/雨伞/极端天气赛道的节日应季内容，账号吐泡沫的鱼（生活记录，30w+粉），围绕话题#男士商务伞（6800万播放 / 1.2w视频 / 同比+9%），代表视频《暴雨天打伞 vs 不打伞 实验对比》。,https://www.douyin.com/search/男士商务伞?type=video,视频1.2w / 播放6800万,搜索热度+8%,新上榜,系列视频 累计 1.2亿 播放 / 186万 赞 / 24.6万 评论
,,,,南方暴雨 - 对比10款防晒伞 这把能挡99.9%紫外线,抖音,2025-12,品牌联名 | 飞恋伞 9200万 | 200w+粉,抖音南方暴雨/出行赛道的品牌联名内容，账号南方暴雨（气象，200w+粉），围绕话题#飞恋伞（9200万播放 / 1.8w视频 / 同比+62%），代表视频《对比10款防晒伞 这把能挡99.9%紫外线》。,https://www.douyin.com/search/飞恋伞?type=video,视频1.8w / 播放9200万,搜索热度+12%,月销1万-3万单,同城 雨伞相关 搜索指数 18万 / 同比 +46%
,,,,必朗官方 - 商务伞的隐藏功能 你绝对不知道,抖音,2026-Q1,广告投放 | 全自动伞 3.2亿 | 12w粉,抖音中端雨伞赛道的广告投放内容，账号必朗官方（品牌，12w粉），围绕话题#全自动伞（3.2亿播放 / 5.6w视频 / 同比+9%），代表视频《商务伞的隐藏功能 你绝对不知道》。,https://www.douyin.com/search/全自动伞?type=video,视频5.6w / 播放3.2亿,搜索热度+8%,蝉妈妈销量榜Top 1,抖音热搜 #飞恋伞 #持续 12小时
,,,,夏天的阳台 - 我把价值¥200的伞丢进搅拌机 结果,抖音,2026-08-05,种草安利 | 台风伞 4200万 | 82w粉,抖音阳台/居家/雨具美学赛道的种草安利内容，账号夏天的阳台（生活方式，82w粉），围绕话题#台风伞（4200万播放 / 0.8w视频 / 同比+44%），代表视频《我把价值¥200的伞丢进搅拌机 结果》。,https://www.douyin.com/search/台风伞?type=video,视频0.8w / 播放4200万,搜索热度+新,月销8千-1万单,达人推广 触达 4200万 / 互动 86万 / 转化 12.4万
,,,,Knirps克尼普斯 - 油纸伞72道工艺 一把伞做3个月,抖音,2026-07,产品上市 | 反向折叠伞 1.2亿 | 5.6w粉,抖音高端商务赛道的产品上市内容，账号Knirps克尼普斯（德系，5.6w粉），围绕话题#反向折叠伞（1.2亿播放 / 2.1w视频 / 同比+47%），代表视频《油纸伞72道工艺 一把伞做3个月》。,https://www.douyin.com/search/反向折叠伞?type=video,视频2.1w / 播放1.2亿,搜索热度+18%,月销5万单,挑战赛 播放 1.8亿 / 参与 8.4w 视频
,,,,余万伦 - 我把价值¥200的伞丢进搅拌机 结果,抖音,2026-03,开箱测评 | 蕾丝防晒伞 6800万 | 95.6w粉,抖音油纸伞/三都非遗赛道的开箱测评内容，账号余万伦（非遗传承人，95.6w粉），围绕话题#蕾丝防晒伞（6800万播放 / 1.2w视频 / 同比+21%），代表视频《我把价值¥200的伞丢进搅拌机 结果》。,https://www.douyin.com/search/蕾丝防晒伞?type=video,视频1.2w / 播放6800万,搜索热度++85%,月销3万-5万单,POI 杭州萧山 雨伞工厂 打卡 6.8w 次
,,,,SENKESI - 工厂老板揭秘: 10元的伞和100元的伞差在哪,抖音,2025-12,直播间片段 | 马卡龙伞 4800万 | 6.3w粉,抖音全自动/性价比赛道的直播间片段内容，账号SENKESI（品牌，6.3w粉），围绕话题#马卡龙伞（4800万播放 / 0.8w视频 / 同比+35%），代表视频《工厂老板揭秘: 10元的伞和100元的伞差在哪》。,https://www.douyin.com/search/马卡龙伞?type=video,视频0.8w / 播放4800万,搜索热度+24%,蝉妈妈销量榜Top 1,累计播放 6800万 / 点赞 128万 / 评论 18.6万 / 转发 22.4万
,,,,小红薯 - 机械臂钓鱼伞测评 万向旋转的快乐,抖音,2026-04,品牌联名 | 蕾丝防晒伞 6800万 | 180w粉,抖音防晒伞/通勤/颜值赛道的品牌联名内容，账号小红薯（种草，180w粉），围绕话题#蕾丝防晒伞（6800万播放 / 1.2w视频 / 同比+21%），代表视频《机械臂钓鱼伞测评 万向旋转的快乐》。,https://www.douyin.com/search/蕾丝防晒伞?type=video,视频1.2w / 播放6800万,搜索热度+12%,月销3万-5万单,GMV 单场 280万 / UV价值 38元 / 转化率 4.6%
,,,,今日有雪223 - 油纸伞72道工艺 一把伞做3个月,抖音,2026-08-05,非遗手作 | 手电筒伞 6800万 | 100w+粉,抖音台风街头/雨伞场景赛道的非遗手作内容，账号今日有雪223（街头纪实，100w+粉），围绕话题#手电筒伞（6800万播放 / 1.4w视频 / 同比新），代表视频《油纸伞72道工艺 一把伞做3个月》。,https://www.douyin.com/search/手电筒伞?type=video,视频1.4w / 播放6800万,搜索热度++85%,月销5000单,抖音热搜 #飞恋伞 #持续 12小时
,,,,吐泡沫的鱼 - 三折黑胶伞 通勤族的黑科技,抖音,2026-08-12,节日应季 | 钛银胶伞 6400万 | 30w+粉,抖音保康暖视频/雨伞/极端天气赛道的节日应季内容，账号吐泡沫的鱼（生活记录，30w+粉），围绕话题#钛银胶伞（6400万播放 / 1.2w视频 / 同比+22%），代表视频《三折黑胶伞 通勤族的黑科技》。,https://www.douyin.com/search/钛银胶伞?type=video,视频1.2w / 播放6400万,搜索热度+24%,月销2万单,挑战赛 播放 1.8亿 / 参与 8.4w 视频
,,,,飞恋伞厂 - 黑胶伞防晒实验 UV卡片变色测试,抖音,2025-Q4,用户故事 | 飞恋伞 9200万 | 200w粉,抖音手电筒伞/夜路伞/反向折叠/IP联名赛道的用户故事内容，账号飞恋伞厂（源头工厂，200w粉），围绕话题#飞恋伞（9200万播放 / 1.8w视频 / 同比+62%），代表视频《黑胶伞防晒实验 UV卡片变色测试》。,https://www.douyin.com/search/飞恋伞?type=video,视频1.8w / 播放9200万,搜索热度+8%,蝉妈妈销量榜Top 10,品牌任务 累计 6800 创作者参与 / 8.2w 视频
,,,,小红薯 - 8款自动开合伞对比 谁才是真一键,抖音,2025-Q4,天气纪实 | 雨伞工厂直播 6.4亿 | 180w粉,抖音防晒伞/通勤/颜值赛道的天气纪实内容，账号小红薯（种草，180w粉），围绕话题#雨伞工厂直播（6.4亿播放 / 12.6w视频 / 同比+22%），代表视频《8款自动开合伞对比 谁才是真一键》。,https://www.douyin.com/search/雨伞工厂直播?type=video,视频12.6w / 播放6.4亿,搜索热度++85%,月销10万+单,挑战赛 播放 1.8亿 / 参与 8.4w 视频
,,,,黑雨伞工厂店 - 婚礼红伞 花瓣雨里的浪漫,抖音,2026-08-13,广告投放 | 12骨防风伞 1.2亿 | 12.8w粉,抖音黑胶/防紫外线/抖音爆款赛道的广告投放内容，账号黑雨伞工厂店（源头工厂，12.8w粉），围绕话题#12骨防风伞（1.2亿播放 / 2.4w视频 / 同比+19%），代表视频《婚礼红伞 花瓣雨里的浪漫》。,https://www.douyin.com/search/12骨防风伞?type=video,视频2.4w / 播放1.2亿,搜索热度+32%,月销5000单,系列视频 累计 1.2亿 播放 / 186万 赞 / 24.6万 评论
,,,,夏天的雨伞 - 一把伞让油纸伞大师哭了出来,抖音,2025-Q4,广告投放 | 保康暖视频 800万 | 230w粉,抖音颜值党/ins风赛道的广告投放内容，账号夏天的雨伞（穿搭博主，230w粉），围绕话题#保康暖视频（800万播放 / 0.2w视频 / 同比新），代表视频《一把伞让油纸伞大师哭了出来》。,https://www.douyin.com/search/保康暖视频?type=video,视频0.2w / 播放800万,搜索热度+24%,月销8千-1万单,单条视频 2200万 播放 / 46万 赞 / 8.2万 评论 / 12.4万 转发
,,,,WPC官方 - 黄景瑜同款三折黑胶伞 1688平替,抖音,2026-01,种草安利 | 台风伞 4200万 | 8.4w粉,抖音日系/ins风赛道的种草安利内容，账号WPC官方（日牌，8.4w粉），围绕话题#台风伞（4200万播放 / 0.8w视频 / 同比+44%），代表视频《黄景瑜同款三折黑胶伞 1688平替》。,https://www.douyin.com/search/台风伞?type=video,视频0.8w / 播放4200万,搜索热度+24%,月销5万-10万单,抖音热搜 #飞恋伞 #持续 12小时
,,,,Knirps克尼普斯 - 梅雨季通勤神伞 5折口袋伞实测,抖音,2026-07,工艺揭秘 | 商务雨伞 3200万 | 5.6w粉,抖音高端商务赛道的工艺揭秘内容，账号Knirps克尼普斯（德系，5.6w粉），围绕话题#商务雨伞（3200万播放 / 0.6w视频 / 同比+8%），代表视频《梅雨季通勤神伞 5折口袋伞实测》。,https://www.douyin.com/search/商务雨伞?type=video,视频0.6w / 播放3200万,搜索热度+24%,月销2万单,挑战赛 播放 1.8亿 / 参与 8.4w 视频
,,,,KOL小辣椒 - 从1688到抖音 这把反向折叠伞爆卖100万,抖音,2026-04,直播间片段 | 反伞黑胶 1.8亿 | 150w粉,抖音雨伞场景植入赛道的直播间片段内容，账号KOL小辣椒（美妆跨界，150w粉），围绕话题#反伞黑胶（1.8亿播放 / 3.2w视频 / 同比+22%），代表视频《从1688到抖音 这把反向折叠伞爆卖100万》。,https://www.douyin.com/search/反伞黑胶?type=video,视频3.2w / 播放1.8亿,搜索热度+24%,蝉妈妈销量榜Top 10,挑战赛 播放 1.8亿 / 参与 8.4w 视频
,,,,雷鹏琳 - 对比10款防晒伞 这把能挡99.9%紫外线,抖音,2026-Q2,工厂实拍 | 雨伞工厂直播 6.4亿 | 184w→200w粉,抖音全品类飞恋产品/工厂实拍赛道的工厂实拍内容，账号雷鹏琳（KOL+老板，184w→200w粉），围绕话题#雨伞工厂直播（6.4亿播放 / 12.6w视频 / 同比+22%），代表视频《对比10款防晒伞 这把能挡99.9%紫外线》。,https://www.douyin.com/search/雨伞工厂直播?type=video,视频12.6w / 播放6.4亿,搜索热度+24%,蝉妈妈销量榜Top 1,同城 雨伞相关 搜索指数 18万 / 同比 +46%
,,,,BELLE MAISON - 对比10款防晒伞 这把能挡99.9%紫外线,抖音,2026-05,实景测试 | 蕾丝公主伞 4200万 | 2.1w粉,抖音日系/家庭赛道的实景测试内容，账号BELLE MAISON（日系，2.1w粉），围绕话题#蕾丝公主伞（4200万播放 / 0.8w视频 / 同比+24%），代表视频《对比10款防晒伞 这把能挡99.9%紫外线》。,https://www.douyin.com/search/蕾丝公主伞?type=video,视频0.8w / 播放4200万,搜索热度+32%,新上榜,直播间同时在线 4.2万 / 累计观看 320万 / GMV 186万
,,,,天堂伞官方 - 双11 雨伞品类战报 抖音全面超越天猫,抖音,2026-05,种草安利 | 晴雨两用伞 6.4亿 | 18w粉,抖音国民品牌赛道的种草安利内容，账号天堂伞官方（品牌，18w粉），围绕话题#晴雨两用伞（6.4亿播放 / 12.4w视频 / 同比+4%），代表视频《双11 雨伞品类战报 抖音全面超越天猫》。,https://www.douyin.com/search/晴雨两用伞?type=video,视频12.4w / 播放6.4亿,搜索热度+24%,月销5万单,广告投放 ROI 3.2 / 单次转化成本 ¥4.8 / 月GMV 1200万
,,,,夏天的阳台 - 暴雨12小时 12骨伞全程无故障,抖音,2026-03,对比实验 | 高尔夫伞 6200万 | 82w粉,抖音阳台/居家/雨具美学赛道的对比实验内容，账号夏天的阳台（生活方式，82w粉），围绕话题#高尔夫伞（6200万播放 / 1.2w视频 / 同比+11%），代表视频《暴雨12小时 12骨伞全程无故障》。,https://www.douyin.com/search/高尔夫伞?type=video,视频1.2w / 播放6200万,搜索热度+18%,月销2万单,星图 报价 12万 / 视频播放 1800万 / 互动 28万
,,,,BELLE MAISON - 反光伞夜间实测 这才是真夜骑安全,抖音,2026-08-05,工厂实拍 | 台风伞 4200万 | 2.1w粉,抖音日系/家庭赛道的工厂实拍内容，账号BELLE MAISON（日系，2.1w粉），围绕话题#台风伞（4200万播放 / 0.8w视频 / 同比+44%），代表视频《反光伞夜间实测 这才是真夜骑安全》。,https://www.douyin.com/search/台风伞?type=video,视频0.8w / 播放4200万,搜索热度+46%,月销8千-1万单,蝉妈妈榜 雨伞品类 销量榜 No.1
,,,,小红薯测评 - 反光伞夜间实测 这才是真夜骑安全,抖音,2026-03,天气纪实 | 一次性雨衣伞 8600万 | 87.6w粉,抖音雨伞横评/对比赛道的天气纪实内容，账号小红薯测评（测评号，87.6w粉），围绕话题#一次性雨衣伞（8600万播放 / 1.6w视频 / 同比+8%），代表视频《反光伞夜间实测 这才是真夜骑安全》。,https://www.douyin.com/search/一次性雨衣伞?type=video,视频1.6w / 播放8600万,搜索热度+46%,月销2万单,星图 报价 12万 / 视频播放 1800万 / 互动 28万
,,,,小红薯 - 挑战飞恋手电筒伞 照亮3公里夜路,抖音,2026-07,工艺揭秘 | 夜路自动伞 4200万 | 180w粉,抖音防晒伞/通勤/颜值赛道的工艺揭秘内容，账号小红薯（种草，180w粉），围绕话题#夜路自动伞（4200万播放 / 0.8w视频 / 同比新），代表视频《挑战飞恋手电筒伞 照亮3公里夜路》。,https://www.douyin.com/search/夜路自动伞?type=video,视频0.8w / 播放4200万,搜索热度+新,蝉妈妈销量榜Top 1,短视频带货 单条 2200单 / GMV 12.8万
,,,,南方暴雨 - 暴雨12小时 12骨伞全程无故障,抖音,2026-07,节日应季 | 1688源头 1.2亿 | 200w+粉,抖音南方暴雨/出行赛道的节日应季内容，账号南方暴雨（气象，200w+粉），围绕话题#1688源头（1.2亿播放 / 2.4w视频 / 同比+15%），代表视频《暴雨12小时 12骨伞全程无故障》。,https://www.douyin.com/search/1688源头?type=video,视频2.4w / 播放1.2亿,搜索热度+24%,月销2万单,挑战赛 播放 1.8亿 / 参与 8.4w 视频
,,,,9号伞业 - 我用这把伞给油纸伞重生的勇气,抖音,2026-04,产品上市 | 反光伞 2200万 | 8.4w粉,抖音1688同款/直供赛道的产品上市内容，账号9号伞业（工厂直播，8.4w粉），围绕话题#反光伞（2200万播放 / 0.4w视频 / 同比+85%），代表视频《我用这把伞给油纸伞重生的勇气》。,https://www.douyin.com/search/反光伞?type=video,视频0.4w / 播放2200万,搜索热度++85%,月销1万-3万单,累计播放 6800万 / 点赞 128万 / 评论 18.6万 / 转发 22.4万
,,,,闻士善 - 保康暴雨 暖视频里那把伞火了,抖音,2026-04,话题挑战 | 黑胶伞 4.8亿 | 65w粉,抖音古法油纸伞/非遗手作赛道的话题挑战内容，账号闻士善（闻叔的伞，65w粉），围绕话题#黑胶伞（4.8亿播放 / 8.6w视频 / 同比+18%），代表视频《保康暴雨 暖视频里那把伞火了》。,https://www.douyin.com/search/黑胶伞?type=video,视频8.6w / 播放4.8亿,搜索热度+新,蝉妈妈销量榜Top 3,品牌广告位 累计曝光 1.2亿 / 点击 320万 / 转化 8.6万
,,,,WPC官方 - 我把价值¥200的伞丢进搅拌机 结果,抖音,2026-04,开箱测评 | 反向伞 9200万 | 8.4w粉,抖音日系/ins风赛道的开箱测评内容，账号WPC官方（日牌，8.4w粉），围绕话题#反向伞（9200万播放 / 1.8w视频 / 同比+38%），代表视频《我把价值¥200的伞丢进搅拌机 结果》。,https://www.douyin.com/search/反向伞?type=video,视频1.8w / 播放9200万,搜索热度++85%,月销5000单,千川 投放 单计划日耗 ¥8000 / 转化 2.4万 / 客单价 ¥58
,,,,9号伞业 - 反光伞夜间实测 这才是真夜骑安全,抖音,2026-01,KOL体验 | 晴雨两用伞 6.4亿 | 8.4w粉,抖音1688同款/直供赛道的KOL体验内容，账号9号伞业（工厂直播，8.4w粉），围绕话题#晴雨两用伞（6.4亿播放 / 12.4w视频 / 同比+4%），代表视频《反光伞夜间实测 这才是真夜骑安全》。,https://www.douyin.com/search/晴雨两用伞?type=video,视频12.4w / 播放6.4亿,搜索热度++85%,蝉妈妈销量榜Top 10,特效道具 雨伞AR 使用 1.2亿 次
,,,,浙江飞恋官方旗舰店 - 反光伞夜间实测 这才是真夜骑安全,抖音,2026-03,实景测试 | 广告伞定制 2400万 | 46.2w粉,抖音工厂直播/反向折叠/IP联名赛道的实景测试内容，账号浙江飞恋官方旗舰店（品牌官方，46.2w粉），围绕话题#广告伞定制（2400万播放 / 0.4w视频 / 同比+14%），代表视频《反光伞夜间实测 这才是真夜骑安全》。,https://www.douyin.com/search/广告伞定制?type=video,视频0.4w / 播放2400万,搜索热度+32%,月销8千-1万单,品牌任务 累计 6800 创作者参与 / 8.2w 视频
,,,,黑雨伞源头工厂 - 暴雨天打伞 vs 不打伞 实验对比,抖音,2026-06,节日应季 | 晴雨两用伞 6.4亿 | 5.6w粉,抖音黑胶/防晒/直供赛道的节日应季内容，账号黑雨伞源头工厂（源头工厂，5.6w粉），围绕话题#晴雨两用伞（6.4亿播放 / 12.4w视频 / 同比+4%），代表视频《暴雨天打伞 vs 不打伞 实验对比》。,https://www.douyin.com/search/晴雨两用伞?type=video,视频12.4w / 播放6.4亿,搜索热度+8%,月销2万单,系列视频 累计 1.2亿 播放 / 186万 赞 / 24.6万 评论
,,,,黑雨伞工厂店 - 透明伞里的光影 周末拍照神器,抖音,2025-12,热销榜单 | 夏季防晒伞 4.8亿 | 12.8w粉,抖音黑胶/防紫外线/抖音爆款赛道的热销榜单内容，账号黑雨伞工厂店（源头工厂，12.8w粉），围绕话题#夏季防晒伞（4.8亿播放 / 8.6w视频 / 同比+24%），代表视频《透明伞里的光影 周末拍照神器》。,https://www.douyin.com/search/夏季防晒伞?type=video,视频8.6w / 播放4.8亿,搜索热度+18%,月销3万-5万单,累计播放 6800万 / 点赞 128万 / 评论 18.6万 / 转发 22.4万
,,,,江浙沪包邮 - 一把伞让油纸伞大师哭了出来,抖音,2026-06,实景测试 | 雨伞测评 1.8亿 | 28w粉,抖音源头工厂/直播赛道的实景测试内容，账号江浙沪包邮（探店号，28w粉），围绕话题#雨伞测评（1.8亿播放 / 3.2w视频 / 同比+18%），代表视频《一把伞让油纸伞大师哭了出来》。,https://www.douyin.com/search/雨伞测评?type=video,视频3.2w / 播放1.8亿,搜索热度+18%,月销5000单,单条爆款 3200万 播放 / 58万 赞 / 12.8万 评论
,,,,黑雨伞工厂店 - 对比10款防晒伞 这把能挡99.9%紫外线,抖音,2026-Q1,工艺揭秘 | 钛银胶伞 6400万 | 12.8w粉,抖音黑胶/防紫外线/抖音爆款赛道的工艺揭秘内容，账号黑雨伞工厂店（源头工厂，12.8w粉），围绕话题#钛银胶伞（6400万播放 / 1.2w视频 / 同比+22%），代表视频《对比10款防晒伞 这把能挡99.9%紫外线》。,https://www.douyin.com/search/钛银胶伞?type=video,视频1.2w / 播放6400万,搜索热度+5%,月销10万+单,POI 杭州萧山 雨伞工厂 打卡 6.8w 次
,,,,夏天的阳台 - 三折黑胶伞 通勤族的黑科技,抖音,2026-04,用户故事 | 婚礼伞 9200万 | 82w粉,抖音阳台/居家/雨具美学赛道的用户故事内容，账号夏天的阳台（生活方式，82w粉），围绕话题#婚礼伞（9200万播放 / 1.8w视频 / 同比+12%），代表视频《三折黑胶伞 通勤族的黑科技》。,https://www.douyin.com/search/婚礼伞?type=video,视频1.8w / 播放9200万,搜索热度+8%,月销2万单,蝉妈妈榜 雨伞品类 销量榜 No.1
,,,,夏天的阳台 - 反光伞夜间实测 这才是真夜骑安全,抖音,2026-04,非遗手作 | 黑胶防晒伞 5.2亿 | 82w粉,抖音阳台/居家/雨具美学赛道的非遗手作内容，账号夏天的阳台（生活方式，82w粉），围绕话题#黑胶防晒伞（5.2亿播放 / 8.4w视频 / 同比+24%），代表视频《反光伞夜间实测 这才是真夜骑安全》。,https://www.douyin.com/search/黑胶防晒伞?type=video,视频8.4w / 播放5.2亿,搜索热度+32%,月销8千-1万单,单条视频 2200万 播放 / 46万 赞 / 8.2万 评论 / 12.4万 转发
,,,,今日有雪223 - 黄景瑜同款三折黑胶伞 1688平替,抖音,2026-01,品牌联名 | 全自动伞 3.2亿 | 100w+粉,抖音台风街头/雨伞场景赛道的品牌联名内容，账号今日有雪223（街头纪实，100w+粉），围绕话题#全自动伞（3.2亿播放 / 5.6w视频 / 同比+9%），代表视频《黄景瑜同款三折黑胶伞 1688平替》。,https://www.douyin.com/search/全自动伞?type=video,视频5.6w / 播放3.2亿,搜索热度+新,月销1万-3万单,抖音热榜 #雨伞 #3 累计 9200万 播放
,,,,BELLE MAISON - 雨伞工厂实拍 一天生产5000把,抖音,2026-08-13,话题挑战 | 反向折叠伞 1.2亿 | 2.1w粉,抖音日系/家庭赛道的话题挑战内容，账号BELLE MAISON（日系，2.1w粉），围绕话题#反向折叠伞（1.2亿播放 / 2.1w视频 / 同比+47%），代表视频《雨伞工厂实拍 一天生产5000把》。,https://www.douyin.com/search/反向折叠伞?type=video,视频2.1w / 播放1.2亿,搜索热度+新,月销5000单,星图 报价 12万 / 视频播放 1800万 / 互动 28万
,,,,闻士善 - 源头工厂: 为什么1688的伞能便宜3倍,抖音,2026-08-14,直播间片段 | 非遗油纸伞 1.4亿 | 65w粉,抖音古法油纸伞/非遗手作赛道的直播间片段内容，账号闻士善（闻叔的伞，65w粉），围绕话题#非遗油纸伞（1.4亿播放 / 2.6w视频 / 同比+38%），代表视频《源头工厂: 为什么1688的伞能便宜3倍》。,https://www.douyin.com/search/非遗油纸伞?type=video,视频2.6w / 播放1.4亿,搜索热度+新,月销10万+单,GMV 单场 280万 / UV价值 38元 / 转化率 4.6%
,,,,钓鱼伞源头 - 这把伞能让外卖小哥续命 暴雨天,抖音,2025-12,广告投放 | 夏季防晒伞 4.8亿 | 3.2w粉,抖音钓鱼伞/万向/机械臂赛道的广告投放内容，账号钓鱼伞源头（工厂，3.2w粉），围绕话题#夏季防晒伞（4.8亿播放 / 8.6w视频 / 同比+24%），代表视频《这把伞能让外卖小哥续命 暴雨天》。,https://www.douyin.com/search/夏季防晒伞?type=video,视频8.6w / 播放4.8亿,搜索热度+46%,月销2万单,累计播放 6800万 / 点赞 128万 / 评论 18.6万 / 转发 22.4万
,,,,闻士善 - 钓鱼伞万向节 1秒换角度,抖音,2026-08-12,工厂实拍 | 女士雨伞 1.2亿 | 65w粉,抖音古法油纸伞/非遗手作赛道的工厂实拍内容，账号闻士善（闻叔的伞，65w粉），围绕话题#女士雨伞（1.2亿播放 / 2.4w视频 / 同比+6%），代表视频《钓鱼伞万向节 1秒换角度》。,https://www.douyin.com/search/女士雨伞?type=video,视频2.4w / 播放1.2亿,搜索热度+32%,月销5000单,单条爆款 3200万 播放 / 58万 赞 / 12.8万 评论
,,,,吐泡沫的鱼 - 源头工厂: 为什么1688的伞能便宜3倍,抖音,2026-04,PK对比 | 反向折叠伞 1.2亿 | 30w+粉,抖音保康暖视频/雨伞/极端天气赛道的PK对比内容，账号吐泡沫的鱼（生活记录，30w+粉），围绕话题#反向折叠伞（1.2亿播放 / 2.1w视频 / 同比+47%），代表视频《源头工厂: 为什么1688的伞能便宜3倍》。,https://www.douyin.com/search/反向折叠伞?type=video,视频2.1w / 播放1.2亿,搜索热度+新,月销5万单,广告投放 ROI 3.2 / 单次转化成本 ¥4.8 / 月GMV 1200万
,,,,江浙沪梅雨 - 保康暴雨 暖视频里那把伞火了,抖音,2026-08-14,反向种草 | 12骨防风伞 1.2亿 | 42w粉,抖音梅雨季/雨具实用赛道的反向种草内容，账号江浙沪梅雨（本地资讯，42w粉），围绕话题#12骨防风伞（1.2亿播放 / 2.4w视频 / 同比+19%），代表视频《保康暴雨 暖视频里那把伞火了》。,https://www.douyin.com/search/12骨防风伞?type=video,视频2.4w / 播放1.2亿,搜索热度+46%,月销1万-3万单,自然流量占比 78% / 搜索流量 12% / 推荐流 56%
,,,,江浙沪包邮 - 我把价值¥200的伞丢进搅拌机 结果,抖音,2026-03,实景测试 | 保康暖视频 800万 | 28w粉,抖音源头工厂/直播赛道的实景测试内容，账号江浙沪包邮（探店号，28w粉），围绕话题#保康暖视频（800万播放 / 0.2w视频 / 同比新），代表视频《我把价值¥200的伞丢进搅拌机 结果》。,https://www.douyin.com/search/保康暖视频?type=video,视频0.2w / 播放800万,搜索热度+18%,蝉妈妈销量榜Top 3,挑战赛 播放 1.8亿 / 参与 8.4w 视频
,,,,钓鱼伞源头 - 一把伞让油纸伞大师哭了出来,抖音,2026-08-10,节日应季 | 钛银胶伞 6400万 | 3.2w粉,抖音钓鱼伞/万向/机械臂赛道的节日应季内容，账号钓鱼伞源头（工厂，3.2w粉），围绕话题#钛银胶伞（6400万播放 / 1.2w视频 / 同比+22%），代表视频《一把伞让油纸伞大师哭了出来》。,https://www.douyin.com/search/钛银胶伞?type=video,视频1.2w / 播放6400万,搜索热度+46%,蝉妈妈销量榜Top 3,达人推广 触达 4200万 / 互动 86万 / 转化 12.4万
,,,,BELLE MAISON - 工厂老板揭秘: 10元的伞和100元的伞差在哪,抖音,2026-Q1,天气纪实 | 夜路自动伞 4200万 | 2.1w粉,抖音日系/家庭赛道的天气纪实内容，账号BELLE MAISON（日系，2.1w粉），围绕话题#夜路自动伞（4200万播放 / 0.8w视频 / 同比新），代表视频《工厂老板揭秘: 10元的伞和100元的伞差在哪》。,https://www.douyin.com/search/夜路自动伞?type=video,视频0.8w / 播放4200万,搜索热度+32%,月销3万-5万单,千川 投放 单计划日耗 ¥8000 / 转化 2.4万 / 客单价 ¥58
,,,,totem图腾 - 一把伞让油纸伞大师哭了出来,抖音,2026-02,工厂实拍 | 三折黑胶伞 3.6亿 | 4.2w粉,抖音户外伞/遮阳赛道的工厂实拍内容，账号totem图腾（户外品牌，4.2w粉），围绕话题#三折黑胶伞（3.6亿播放 / 6.4w视频 / 同比+14%），代表视频《一把伞让油纸伞大师哭了出来》。,https://www.douyin.com/search/三折黑胶伞?type=video,视频6.4w / 播放3.6亿,搜索热度+8%,蝉妈妈销量榜Top 3,单条爆款 3200万 播放 / 58万 赞 / 12.8万 评论
,,,,闻士善 - 黑胶伞防晒实验 UV卡片变色测试,抖音,2026-Q2,直播间片段 | 反向伞 9200万 | 65w粉,抖音古法油纸伞/非遗手作赛道的直播间片段内容，账号闻士善（闻叔的伞，65w粉），围绕话题#反向伞（9200万播放 / 1.8w视频 / 同比+38%），代表视频《黑胶伞防晒实验 UV卡片变色测试》。,https://www.douyin.com/search/反向伞?type=video,视频1.8w / 播放9200万,搜索热度+新,新上榜,抖音热榜 #雨伞 #3 累计 9200万 播放
,,,,江浙沪梅雨 - 反光伞夜间实测 这才是真夜骑安全,抖音,2026-03,品牌联名 | 梅雨季伞具 1.4亿 | 42w粉,抖音梅雨季/雨具实用赛道的品牌联名内容，账号江浙沪梅雨（本地资讯，42w粉），围绕话题#梅雨季伞具（1.4亿播放 / 2.8w视频 / 同比+16%），代表视频《反光伞夜间实测 这才是真夜骑安全》。,https://www.douyin.com/search/梅雨季伞具?type=video,视频2.8w / 播放1.4亿,搜索热度+5%,月销10万+单,千川 投放 单计划日耗 ¥8000 / 转化 2.4万 / 客单价 ¥58
,,,,Knirps克尼普斯 - 12骨 vs 8骨 vs 6骨 哪种才防风,抖音,2026-Q2,反向种草 | 马卡龙伞 4800万 | 5.6w粉,抖音高端商务赛道的反向种草内容，账号Knirps克尼普斯（德系，5.6w粉），围绕话题#马卡龙伞（4800万播放 / 0.8w视频 / 同比+35%），代表视频《12骨 vs 8骨 vs 6骨 哪种才防风》。,https://www.douyin.com/search/马卡龙伞?type=video,视频0.8w / 播放4800万,搜索热度+18%,月销3万-5万单,系列视频 累计 1.2亿 播放 / 186万 赞 / 24.6万 评论
,,,,totem图腾 - 反光伞夜间实测 这才是真夜骑安全,抖音,2026-07,实景测试 | 三折黑胶伞 3.6亿 | 4.2w粉,抖音户外伞/遮阳赛道的实景测试内容，账号totem图腾（户外品牌，4.2w粉），围绕话题#三折黑胶伞（3.6亿播放 / 6.4w视频 / 同比+14%），代表视频《反光伞夜间实测 这才是真夜骑安全》。,https://www.douyin.com/search/三折黑胶伞?type=video,视频6.4w / 播放3.6亿,搜索热度+32%,月销1万-3万单,系列视频 累计 1.2亿 播放 / 186万 赞 / 24.6万 评论
,,,,KOL小辣椒 - 暴雨天打伞 vs 不打伞 实验对比,抖音,2026-07,实景测试 | 晴雨两用伞 6.4亿 | 150w粉,抖音雨伞场景植入赛道的实景测试内容，账号KOL小辣椒（美妆跨界，150w粉），围绕话题#晴雨两用伞（6.4亿播放 / 12.4w视频 / 同比+4%），代表视频《暴雨天打伞 vs 不打伞 实验对比》。,https://www.douyin.com/search/晴雨两用伞?type=video,视频12.4w / 播放6.4亿,搜索热度+新,月销8千-1万单,千川 投放 单计划日耗 ¥8000 / 转化 2.4万 / 客单价 ¥58
,,,,Knirps克尼普斯 - 钓鱼佬花2000买伞 3年没坏,抖音,2026-08,天气纪实 | 梅雨季伞具 1.4亿 | 5.6w粉,抖音高端商务赛道的天气纪实内容，账号Knirps克尼普斯（德系，5.6w粉），围绕话题#梅雨季伞具（1.4亿播放 / 2.8w视频 / 同比+16%），代表视频《钓鱼佬花2000买伞 3年没坏》。,https://www.douyin.com/search/梅雨季伞具?type=video,视频2.8w / 播放1.4亿,搜索热度+24%,蝉妈妈销量榜Top 1,单条视频 2200万 播放 / 46万 赞 / 8.2万 评论 / 12.4万 转发
,,,,小红薯 - 12骨 vs 8骨 vs 6骨 哪种才防风,抖音,2026-05,广告投放 | 油纸伞 8.1亿 | 180w粉,抖音防晒伞/通勤/颜值赛道的广告投放内容，账号小红薯（种草，180w粉），围绕话题#油纸伞（8.1亿播放 / 12.6w视频 / 同比+18%），代表视频《12骨 vs 8骨 vs 6骨 哪种才防风》。,https://www.douyin.com/search/油纸伞?type=video,视频12.6w / 播放8.1亿,搜索热度+8%,月销3万-5万单,抖音热榜 #雨伞 #3 累计 9200万 播放
,,,,BELLE MAISON - 黄景瑜同款三折黑胶伞 1688平替,抖音,2025-12,反向种草 | 反季雨伞 6800万 | 2.1w粉,抖音日系/家庭赛道的反向种草内容，账号BELLE MAISON（日系，2.1w粉），围绕话题#反季雨伞（6800万播放 / 1.2w视频 / 同比+9%），代表视频《黄景瑜同款三折黑胶伞 1688平替》。,https://www.douyin.com/search/反季雨伞?type=video,视频1.2w / 播放6800万,搜索热度+18%,蝉妈妈销量榜Top 3,单条爆款 3200万 播放 / 58万 赞 / 12.8万 评论
,,,,9号伞业 - 反光伞夜间实测 这才是真夜骑安全,抖音,2026-Q1,产品上市 | 飞恋伞 9200万 | 8.4w粉,抖音1688同款/直供赛道的产品上市内容，账号9号伞业（工厂直播，8.4w粉），围绕话题#飞恋伞（9200万播放 / 1.8w视频 / 同比+62%），代表视频《反光伞夜间实测 这才是真夜骑安全》。,https://www.douyin.com/search/飞恋伞?type=video,视频1.8w / 播放9200万,搜索热度+32%,月销5000单,挑战赛 #夏日雨伞 累计参与视频 12.4w 条 / 播放 8.6亿
,,,,Knirps克尼普斯 - 钓鱼佬花2000买伞 3年没坏,抖音,2026-01,工艺揭秘 | 手电筒伞 6800万 | 5.6w粉,抖音高端商务赛道的工艺揭秘内容，账号Knirps克尼普斯（德系，5.6w粉），围绕话题#手电筒伞（6800万播放 / 1.4w视频 / 同比新），代表视频《钓鱼佬花2000买伞 3年没坏》。,https://www.douyin.com/search/手电筒伞?type=video,视频1.4w / 播放6800万,搜索热度+5%,月销2万单,抖音热榜 #雨伞 #3 累计 9200万 播放
,,,,余万伦 - 8款自动开合伞对比 谁才是真一键,抖音,2026-08-12,种草安利 | 晴雨两用伞 6.4亿 | 95.6w粉,抖音油纸伞/三都非遗赛道的种草安利内容，账号余万伦（非遗传承人，95.6w粉），围绕话题#晴雨两用伞（6.4亿播放 / 12.4w视频 / 同比+4%），代表视频《8款自动开合伞对比 谁才是真一键》。,https://www.douyin.com/search/晴雨两用伞?type=video,视频12.4w / 播放6.4亿,搜索热度++85%,蝉妈妈销量榜Top 3,品牌任务 累计 6800 创作者参与 / 8.2w 视频
,,,,小红薯测评 - 反光伞夜间实测 这才是真夜骑安全,抖音,2026-08-14,品牌联名 | 五折口袋伞 8600万 | 87.6w粉,抖音雨伞横评/对比赛道的品牌联名内容，账号小红薯测评（测评号，87.6w粉），围绕话题#五折口袋伞（8600万播放 / 1.6w视频 / 同比+15%），代表视频《反光伞夜间实测 这才是真夜骑安全》。,https://www.douyin.com/search/五折口袋伞?type=video,视频1.6w / 播放8600万,搜索热度+8%,月销10万+单,系列视频 累计 1.2亿 播放 / 186万 赞 / 24.6万 评论
,,,,totem图腾 - 油纸伞72道工艺 一把伞做3个月,抖音,2026-08-13,产品上市 | 台风伞 4200万 | 4.2w粉,抖音户外伞/遮阳赛道的产品上市内容，账号totem图腾（户外品牌，4.2w粉），围绕话题#台风伞（4200万播放 / 0.8w视频 / 同比+44%），代表视频《油纸伞72道工艺 一把伞做3个月》。,https://www.douyin.com/search/台风伞?type=video,视频0.8w / 播放4200万,搜索热度+5%,月销5万-10万单,直播带货 单场 4800单 / GMV 28.6万
,,,,黑雨伞源头工厂 - 梅雨季通勤神伞 5折口袋伞实测,抖音,2026-01,产品上市 | 源头工厂 12.4亿 | 5.6w粉,抖音黑胶/防晒/直供赛道的产品上市内容，账号黑雨伞源头工厂（源头工厂，5.6w粉），围绕话题#源头工厂（12.4亿播放 / 26.8w视频 / 同比+8%），代表视频《梅雨季通勤神伞 5折口袋伞实测》。,https://www.douyin.com/search/源头工厂?type=video,视频26.8w / 播放12.4亿,搜索热度+18%,月销3万-5万单,单条视频 2200万 播放 / 46万 赞 / 8.2万 评论 / 12.4万 转发
,,,,KOL小辣椒 - 从1688到抖音 这把反向折叠伞爆卖100万,抖音,2025-Q4,短视频带货 | 全自动伞 3.2亿 | 150w粉,抖音雨伞场景植入赛道的短视频带货内容，账号KOL小辣椒（美妆跨界，150w粉），围绕话题#全自动伞（3.2亿播放 / 5.6w视频 / 同比+9%），代表视频《从1688到抖音 这把反向折叠伞爆卖100万》。,https://www.douyin.com/search/全自动伞?type=video,视频5.6w / 播放3.2亿,搜索热度++85%,月销5万单,达人推广 触达 4200万 / 互动 86万 / 转化 12.4万
,,,,9号伞业 - 黑胶伞防晒实验 UV卡片变色测试,抖音,2026-04,非遗手作 | 儿童伞 1.4亿 | 8.4w粉,抖音1688同款/直供赛道的非遗手作内容，账号9号伞业（工厂直播，8.4w粉），围绕话题#儿童伞（1.4亿播放 / 2.8w视频 / 同比+6%），代表视频《黑胶伞防晒实验 UV卡片变色测试》。,https://www.douyin.com/search/儿童伞?type=video,视频2.8w / 播放1.4亿,搜索热度+新,新上榜,品牌广告位 累计曝光 1.2亿 / 点击 320万 / 转化 8.6万
,,,,wuli设计 - 台风天的12骨伞 比花伞强在哪,抖音,2026-Q2,直播间片段 | 梅雨季伞具 1.4亿 | 12.4w粉,抖音设计师款/雨伞工业设计赛道的直播间片段内容，账号wuli设计（工业设计，12.4w粉），围绕话题#梅雨季伞具（1.4亿播放 / 2.8w视频 / 同比+16%），代表视频《台风天的12骨伞 比花伞强在哪》。,https://www.douyin.com/search/梅雨季伞具?type=video,视频2.8w / 播放1.4亿,搜索热度+46%,月销8千-1万单,单条爆款 3200万 播放 / 58万 赞 / 12.8万 评论
,,,,钓鱼伞源头 - 8款自动开合伞对比 谁才是真一键,抖音,2026-Q1,PK对比 | 反向折叠伞 1.2亿 | 3.2w粉,抖音钓鱼伞/万向/机械臂赛道的PK对比内容，账号钓鱼伞源头（工厂，3.2w粉），围绕话题#反向折叠伞（1.2亿播放 / 2.1w视频 / 同比+47%），代表视频《8款自动开合伞对比 谁才是真一键》。,https://www.douyin.com/search/反向折叠伞?type=video,视频2.1w / 播放1.2亿,搜索热度+46%,月销5万单,抖音电商 运动户外榜 投放榜 Top 1
,,,,FULTON富尔顿 - 台风天的12骨伞 比花伞强在哪,抖音,2025-Q4,短视频带货 | 蕾丝公主伞 4200万 | 3.8w粉,抖音鸟笼伞/英伦绅士赛道的短视频带货内容，账号FULTON富尔顿（英伦，3.8w粉），围绕话题#蕾丝公主伞（4200万播放 / 0.8w视频 / 同比+24%），代表视频《台风天的12骨伞 比花伞强在哪》。,https://www.douyin.com/search/蕾丝公主伞?type=video,视频0.8w / 播放4200万,搜索热度+32%,月销3万-5万单,系列视频 累计 1.2亿 播放 / 186万 赞 / 24.6万 评论
,,,,江浙沪包邮 - 双11 雨伞品类战报 抖音全面超越天猫,抖音,2026-08-12,话题挑战 | 1688源头 1.2亿 | 28w粉,抖音源头工厂/直播赛道的话题挑战内容，账号江浙沪包邮（探店号，28w粉），围绕话题#1688源头（1.2亿播放 / 2.4w视频 / 同比+15%），代表视频《双11 雨伞品类战报 抖音全面超越天猫》。,https://www.douyin.com/search/1688源头?type=video,视频2.4w / 播放1.2亿,搜索热度+8%,蝉妈妈销量榜Top 3,特效道具 雨伞AR 使用 1.2亿 次
,,,,夏天的阳台 - 12骨 vs 8骨 vs 6骨 哪种才防风,抖音,2026-07,广告投放 | 夜路自动伞 4200万 | 82w粉,抖音阳台/居家/雨具美学赛道的广告投放内容，账号夏天的阳台（生活方式，82w粉），围绕话题#夜路自动伞（4200万播放 / 0.8w视频 / 同比新），代表视频《12骨 vs 8骨 vs 6骨 哪种才防风》。,https://www.douyin.com/search/夜路自动伞?type=video,视频0.8w / 播放4200万,搜索热度+新,月销1万-3万单,千川 投放 单计划日耗 ¥8000 / 转化 2.4万 / 客单价 ¥58
,,,,黑雨伞源头工厂 - 工厂老板揭秘: 10元的伞和100元的伞差在哪,抖音,2026-Q1,用户故事 | 马卡龙伞 4800万 | 5.6w粉,抖音黑胶/防晒/直供赛道的用户故事内容，账号黑雨伞源头工厂（源头工厂，5.6w粉），围绕话题#马卡龙伞（4800万播放 / 0.8w视频 / 同比+35%），代表视频《工厂老板揭秘: 10元的伞和100元的伞差在哪》。,https://www.douyin.com/search/马卡龙伞?type=video,视频0.8w / 播放4800万,搜索热度+8%,新上榜,GMV 单场 280万 / UV价值 38元 / 转化率 4.6%
,,,,FULTON富尔顿 - 梅雨季通勤神伞 5折口袋伞实测,抖音,2026-08-14,话题挑战 | 反光伞 2200万 | 3.8w粉,抖音鸟笼伞/英伦绅士赛道的话题挑战内容，账号FULTON富尔顿（英伦，3.8w粉），围绕话题#反光伞（2200万播放 / 0.4w视频 / 同比+85%），代表视频《梅雨季通勤神伞 5折口袋伞实测》。,https://www.douyin.com/search/反光伞?type=video,视频0.4w / 播放2200万,搜索热度+32%,月销5万单,直播带货 单场 4800单 / GMV 28.6万
,,,,wuli设计 - 从1688到抖音 这把反向折叠伞爆卖100万,抖音,2026-04,对比实验 | 夏季防晒伞 4.8亿 | 12.4w粉,抖音设计师款/雨伞工业设计赛道的对比实验内容，账号wuli设计（工业设计，12.4w粉），围绕话题#夏季防晒伞（4.8亿播放 / 8.6w视频 / 同比+24%），代表视频《从1688到抖音 这把反向折叠伞爆卖100万》。,https://www.douyin.com/search/夏季防晒伞?type=video,视频8.6w / 播放4.8亿,搜索热度+24%,月销5万-10万单,GMV 单场 280万 / UV价值 38元 / 转化率 4.6%
,,,,今日有雪223 - 雨伞工厂实拍 一天生产5000把,抖音,2026-04,工厂实拍 | 源头工厂 12.4亿 | 100w+粉,抖音台风街头/雨伞场景赛道的工厂实拍内容，账号今日有雪223（街头纪实，100w+粉），围绕话题#源头工厂（12.4亿播放 / 26.8w视频 / 同比+8%），代表视频《雨伞工厂实拍 一天生产5000把》。,https://www.douyin.com/search/源头工厂?type=video,视频26.8w / 播放12.4亿,搜索热度+12%,月销2万单,POI 杭州萧山 雨伞工厂 打卡 6.8w 次
,,,,必朗官方 - 双11 雨伞品类战报 抖音全面超越天猫,抖音,2026-08-12,PK对比 | 飞恋伞 9200万 | 12w粉,抖音中端雨伞赛道的PK对比内容，账号必朗官方（品牌，12w粉），围绕话题#飞恋伞（9200万播放 / 1.8w视频 / 同比+62%），代表视频《双11 雨伞品类战报 抖音全面超越天猫》。,https://www.douyin.com/search/飞恋伞?type=video,视频1.8w / 播放9200万,搜索热度+32%,月销2万单,品牌任务 累计 6800 创作者参与 / 8.2w 视频
,,,,江浙沪梅雨 - 这把伞能让外卖小哥续命 暴雨天,抖音,2026-08-12,节日应季 | 婚礼伞 9200万 | 42w粉,抖音梅雨季/雨具实用赛道的节日应季内容，账号江浙沪梅雨（本地资讯，42w粉），围绕话题#婚礼伞（9200万播放 / 1.8w视频 / 同比+12%），代表视频《这把伞能让外卖小哥续命 暴雨天》。,https://www.douyin.com/search/婚礼伞?type=video,视频1.8w / 播放9200万,搜索热度+24%,月销10万+单,单条爆款 3200万 播放 / 58万 赞 / 12.8万 评论
,,,,WPC官方 - 暴雨12小时 12骨伞全程无故障,抖音,2026-Q2,产品上市 | 折叠伞 12.4亿 | 8.4w粉,抖音日系/ins风赛道的产品上市内容，账号WPC官方（日牌，8.4w粉），围绕话题#折叠伞（12.4亿播放 / 26.8w视频 / 同比+5%），代表视频《暴雨12小时 12骨伞全程无故障》。,https://www.douyin.com/search/折叠伞?type=video,视频26.8w / 播放12.4亿,搜索热度++85%,蝉妈妈销量榜Top 10,直播带货 单场 4800单 / GMV 28.6万
,,,,雷鹏琳 - 暴雨12小时 12骨伞全程无故障,抖音,2026-Q2,工厂实拍 | 折叠伞 12.4亿 | 184w→200w粉,抖音全品类飞恋产品/工厂实拍赛道的工厂实拍内容，账号雷鹏琳（KOL+老板，184w→200w粉），围绕话题#折叠伞（12.4亿播放 / 26.8w视频 / 同比+5%），代表视频《暴雨12小时 12骨伞全程无故障》。,https://www.douyin.com/search/折叠伞?type=video,视频26.8w / 播放12.4亿,搜索热度+新,蝉妈妈销量榜Top 3,自然流量占比 78% / 搜索流量 12% / 推荐流 56%
,,,,钓鱼伞源头 - 双11 雨伞品类战报 抖音全面超越天猫,抖音,2026-01,PK对比 | 雨伞工厂直播 6.4亿 | 3.2w粉,抖音钓鱼伞/万向/机械臂赛道的PK对比内容，账号钓鱼伞源头（工厂，3.2w粉），围绕话题#雨伞工厂直播（6.4亿播放 / 12.6w视频 / 同比+22%），代表视频《双11 雨伞品类战报 抖音全面超越天猫》。,https://www.douyin.com/search/雨伞工厂直播?type=video,视频12.6w / 播放6.4亿,搜索热度+18%,蝉妈妈销量榜Top 1,星图 报价 12万 / 视频播放 1800万 / 互动 28万
,,,,Knirps克尼普斯 - 我用这把伞给油纸伞重生的勇气,抖音,2026-08-14,节日应季 | 三折黑胶伞 3.6亿 | 5.6w粉,抖音高端商务赛道的节日应季内容，账号Knirps克尼普斯（德系，5.6w粉），围绕话题#三折黑胶伞（3.6亿播放 / 6.4w视频 / 同比+14%），代表视频《我用这把伞给油纸伞重生的勇气》。,https://www.douyin.com/search/三折黑胶伞?type=video,视频6.4w / 播放3.6亿,搜索热度+8%,蝉妈妈销量榜Top 1,抖音热榜 #雨伞 #3 累计 9200万 播放
,,,,SENKESI - 钓鱼佬花2000买伞 3年没坏,抖音,2026-08-14,直播间片段 | 手电筒伞 6800万 | 6.3w粉,抖音全自动/性价比赛道的直播间片段内容，账号SENKESI（品牌，6.3w粉），围绕话题#手电筒伞（6800万播放 / 1.4w视频 / 同比新），代表视频《钓鱼佬花2000买伞 3年没坏》。,https://www.douyin.com/search/手电筒伞?type=video,视频1.4w / 播放6800万,搜索热度+18%,月销5万单,挑战赛 播放 1.8亿 / 参与 8.4w 视频
,,,,钓鱼伞源头 - 源头工厂: 为什么1688的伞能便宜3倍,抖音,2026-08-14,用户故事 | 非遗油纸伞 1.4亿 | 3.2w粉,抖音钓鱼伞/万向/机械臂赛道的用户故事内容，账号钓鱼伞源头（工厂，3.2w粉），围绕话题#非遗油纸伞（1.4亿播放 / 2.6w视频 / 同比+38%），代表视频《源头工厂: 为什么1688的伞能便宜3倍》。,https://www.douyin.com/search/非遗油纸伞?type=video,视频2.6w / 播放1.4亿,搜索热度+32%,蝉妈妈销量榜Top 1,直播带货 单场 4800单 / GMV 28.6万
,,,,南方暴雨 - 雨伞工厂实拍 一天生产5000把,抖音,2026-08-05,热销榜单 | ins风伞 9200万 | 200w+粉,抖音南方暴雨/出行赛道的热销榜单内容，账号南方暴雨（气象，200w+粉），围绕话题#ins风伞（9200万播放 / 1.8w视频 / 同比+28%），代表视频《雨伞工厂实拍 一天生产5000把》。,https://www.douyin.com/search/ins风伞?type=video,视频1.8w / 播放9200万,搜索热度+5%,月销2万单,千川 投放 单计划日耗 ¥8000 / 转化 2.4万 / 客单价 ¥58
,,,,FULTON富尔顿 - 从1688到抖音 这把反向折叠伞爆卖100万,抖音,2026-02,实景测试 | 高尔夫伞 6200万 | 3.8w粉,抖音鸟笼伞/英伦绅士赛道的实景测试内容，账号FULTON富尔顿（英伦，3.8w粉），围绕话题#高尔夫伞（6200万播放 / 1.2w视频 / 同比+11%），代表视频《从1688到抖音 这把反向折叠伞爆卖100万》。,https://www.douyin.com/search/高尔夫伞?type=video,视频1.2w / 播放6200万,搜索热度+46%,月销10万+单,达人推广 触达 4200万 / 互动 86万 / 转化 12.4万
,,,,小红薯测评 - 暴雨12小时 12骨伞全程无故障,抖音,2026-04,PK对比 | 反伞黑胶 1.8亿 | 87.6w粉,抖音雨伞横评/对比赛道的PK对比内容，账号小红薯测评（测评号，87.6w粉），围绕话题#反伞黑胶（1.8亿播放 / 3.2w视频 / 同比+22%），代表视频《暴雨12小时 12骨伞全程无故障》。,https://www.douyin.com/search/反伞黑胶?type=video,视频3.2w / 播放1.8亿,搜索热度+12%,蝉妈妈销量榜Top 1,达人推广 触达 4200万 / 互动 86万 / 转化 12.4万
,,,,夏天的雨伞 - 源头工厂: 为什么1688的伞能便宜3倍,抖音,2026-08-05,工厂实拍 | 夏季防晒伞 4.8亿 | 230w粉,抖音颜值党/ins风赛道的工厂实拍内容，账号夏天的雨伞（穿搭博主，230w粉），围绕话题#夏季防晒伞（4.8亿播放 / 8.6w视频 / 同比+24%），代表视频《源头工厂: 为什么1688的伞能便宜3倍》。,https://www.douyin.com/search/夏季防晒伞?type=video,视频8.6w / 播放4.8亿,搜索热度+24%,新上榜,抖音热榜 #雨伞 #3 累计 9200万 播放
,,,,黑雨伞源头工厂 - 油纸伞72道工艺 一把伞做3个月,抖音,2026-Q1,反向种草 | 夏季防晒伞 4.8亿 | 5.6w粉,抖音黑胶/防晒/直供赛道的反向种草内容，账号黑雨伞源头工厂（源头工厂，5.6w粉），围绕话题#夏季防晒伞（4.8亿播放 / 8.6w视频 / 同比+24%），代表视频《油纸伞72道工艺 一把伞做3个月》。,https://www.douyin.com/search/夏季防晒伞?type=video,视频8.6w / 播放4.8亿,搜索热度+8%,月销2万单,抖音热榜 #雨伞 #3 累计 9200万 播放
,,,,totem图腾 - 挑战飞恋手电筒伞 照亮3公里夜路,抖音,2026-08-14,话题挑战 | 蕾丝防晒伞 6800万 | 4.2w粉,抖音户外伞/遮阳赛道的话题挑战内容，账号totem图腾（户外品牌，4.2w粉），围绕话题#蕾丝防晒伞（6800万播放 / 1.2w视频 / 同比+21%），代表视频《挑战飞恋手电筒伞 照亮3公里夜路》。,https://www.douyin.com/search/蕾丝防晒伞?type=video,视频1.2w / 播放6800万,搜索热度+24%,月销3万-5万单,DOU+ 加热 单条消耗 ¥2.4万 / 播放 680万 / 涨粉 4.6万
,,,,黑雨伞工厂店 - 婚礼红伞 花瓣雨里的浪漫,抖音,2026-08-13,对比实验 | 高尔夫伞 6200万 | 12.8w粉,抖音黑胶/防紫外线/抖音爆款赛道的对比实验内容，账号黑雨伞工厂店（源头工厂，12.8w粉），围绕话题#高尔夫伞（6200万播放 / 1.2w视频 / 同比+11%），代表视频《婚礼红伞 花瓣雨里的浪漫》。,https://www.douyin.com/search/高尔夫伞?type=video,视频1.2w / 播放6200万,搜索热度+12%,月销1万-3万单,直播间同时在线 4.2万 / 累计观看 320万 / GMV 186万
,,,,夏天的雨伞 - 黑胶伞防晒实验 UV卡片变色测试,抖音,2026-08-14,反向种草 | 夜路自动伞 4200万 | 230w粉,抖音颜值党/ins风赛道的反向种草内容，账号夏天的雨伞（穿搭博主，230w粉），围绕话题#夜路自动伞（4200万播放 / 0.8w视频 / 同比新），代表视频《黑胶伞防晒实验 UV卡片变色测试》。,https://www.douyin.com/search/夜路自动伞?type=video,视频0.8w / 播放4200万,搜索热度+5%,月销2万单,POI 杭州萧山 雨伞工厂 打卡 6.8w 次
,,,,江浙沪梅雨 - 台风天的12骨伞 比花伞强在哪,抖音,2026-04,对比实验 | 万向钓鱼伞 1800万 | 42w粉,抖音梅雨季/雨具实用赛道的对比实验内容，账号江浙沪梅雨（本地资讯，42w粉），围绕话题#万向钓鱼伞（1800万播放 / 0.4w视频 / 同比+44%），代表视频《台风天的12骨伞 比花伞强在哪》。,https://www.douyin.com/search/万向钓鱼伞?type=video,视频0.4w / 播放1800万,搜索热度+12%,月销3万-5万单,抖音热搜 #飞恋伞 #持续 12小时
,,,,wuli设计 - 保康暴雨 暖视频里那把伞火了,抖音,2026-05,直播间片段 | 保康暖视频 800万 | 12.4w粉,抖音设计师款/雨伞工业设计赛道的直播间片段内容，账号wuli设计（工业设计，12.4w粉），围绕话题#保康暖视频（800万播放 / 0.2w视频 / 同比新），代表视频《保康暴雨 暖视频里那把伞火了》。,https://www.douyin.com/search/保康暖视频?type=video,视频0.2w / 播放800万,搜索热度+46%,蝉妈妈销量榜Top 1,同城 雨伞相关 搜索指数 18万 / 同比 +46%
,,,,totem图腾 - 源头工厂: 为什么1688的伞能便宜3倍,抖音,2026-07,产品上市 | 反伞黑胶 1.8亿 | 4.2w粉,抖音户外伞/遮阳赛道的产品上市内容，账号totem图腾（户外品牌，4.2w粉），围绕话题#反伞黑胶（1.8亿播放 / 3.2w视频 / 同比+22%），代表视频《源头工厂: 为什么1688的伞能便宜3倍》。,https://www.douyin.com/search/反伞黑胶?type=video,视频3.2w / 播放1.8亿,搜索热度++85%,月销5万-10万单,星图 报价 12万 / 视频播放 1800万 / 互动 28万
,,,,蕉下官方 - 钓鱼伞万向节 1秒换角度,抖音,2025-Q4,KOL体验 | 黑胶伞 4.8亿 | 210w粉,抖音防晒/高颜值赛道的KOL体验内容，账号蕉下官方（品牌，210w粉），围绕话题#黑胶伞（4.8亿播放 / 8.6w视频 / 同比+18%），代表视频《钓鱼伞万向节 1秒换角度》。,https://www.douyin.com/search/黑胶伞?type=video,视频8.6w / 播放4.8亿,搜索热度+32%,月销2万单,短视频带货 单条 2200单 / GMV 12.8万
,,,,WPC官方 - 5分钟教会你怎么挑黑胶伞,抖音,2026-08-12,广告投放 | 非遗油纸伞 1.4亿 | 8.4w粉,抖音日系/ins风赛道的广告投放内容，账号WPC官方（日牌，8.4w粉），围绕话题#非遗油纸伞（1.4亿播放 / 2.6w视频 / 同比+38%），代表视频《5分钟教会你怎么挑黑胶伞》。,https://www.douyin.com/search/非遗油纸伞?type=video,视频2.6w / 播放1.4亿,搜索热度+新,新上榜,POI 杭州萧山 雨伞工厂 打卡 6.8w 次
,,,,9号伞业 - 对比10款防晒伞 这把能挡99.9%紫外线,抖音,2026-06,天气纪实 | 透明伞 2.6亿 | 8.4w粉,抖音1688同款/直供赛道的天气纪实内容，账号9号伞业（工厂直播，8.4w粉），围绕话题#透明伞（2.6亿播放 / 5.2w视频 / 同比-2%），代表视频《对比10款防晒伞 这把能挡99.9%紫外线》。,https://www.douyin.com/search/透明伞?type=video,视频5.2w / 播放2.6亿,搜索热度+5%,月销2万单,抖音热搜 #飞恋伞 #持续 12小时
,,,,必朗官方 - 暴雨天打伞 vs 不打伞 实验对比,抖音,2026-03,反向种草 | 广告伞定制 2400万 | 12w粉,抖音中端雨伞赛道的反向种草内容，账号必朗官方（品牌，12w粉），围绕话题#广告伞定制（2400万播放 / 0.4w视频 / 同比+14%），代表视频《暴雨天打伞 vs 不打伞 实验对比》。,https://www.douyin.com/search/广告伞定制?type=video,视频0.4w / 播放2400万,搜索热度+8%,月销10万+单,特效道具 雨伞AR 使用 1.2亿 次
,,,,余万伦 - 保康暴雨 暖视频里那把伞火了,抖音,2026-05,反向种草 | 机械臂钓鱼伞 2400万 | 95.6w粉,抖音油纸伞/三都非遗赛道的反向种草内容，账号余万伦（非遗传承人，95.6w粉），围绕话题#机械臂钓鱼伞（2400万播放 / 0.4w视频 / 同比+58%），代表视频《保康暴雨 暖视频里那把伞火了》。,https://www.douyin.com/search/机械臂钓鱼伞?type=video,视频0.4w / 播放2400万,搜索热度+12%,蝉妈妈销量榜Top 3,广告投放 ROI 3.2 / 单次转化成本 ¥4.8 / 月GMV 1200万
,,,,余万伦 - 双11 雨伞品类战报 抖音全面超越天猫,抖音,2026-08-12,短视频带货 | 钛银胶伞 6400万 | 95.6w粉,抖音油纸伞/三都非遗赛道的短视频带货内容，账号余万伦（非遗传承人，95.6w粉），围绕话题#钛银胶伞（6400万播放 / 1.2w视频 / 同比+22%），代表视频《双11 雨伞品类战报 抖音全面超越天猫》。,https://www.douyin.com/search/钛银胶伞?type=video,视频1.2w / 播放6400万,搜索热度+46%,月销8千-1万单,DOU+ 加热 单条消耗 ¥2.4万 / 播放 680万 / 涨粉 4.6万
,,,,黑雨伞源头工厂 - 台风天的12骨伞 比花伞强在哪,抖音,2026-Q2,工厂实拍 | 男士商务伞 6800万 | 5.6w粉,抖音黑胶/防晒/直供赛道的工厂实拍内容，账号黑雨伞源头工厂（源头工厂，5.6w粉），围绕话题#男士商务伞（6800万播放 / 1.2w视频 / 同比+9%），代表视频《台风天的12骨伞 比花伞强在哪》。,https://www.douyin.com/search/男士商务伞?type=video,视频1.2w / 播放6800万,搜索热度+32%,月销5万-10万单,GMV 单场 280万 / UV价值 38元 / 转化率 4.6%
,,,,飞恋伞厂 - 我把价值¥200的伞丢进搅拌机 结果,抖音,2026-03,热销榜单 | 彩虹伞 1.6亿 | 200w粉,抖音手电筒伞/夜路伞/反向折叠/IP联名赛道的热销榜单内容，账号飞恋伞厂（源头工厂，200w粉），围绕话题#彩虹伞（1.6亿播放 / 3.2w视频 / 同比-5%），代表视频《我把价值¥200的伞丢进搅拌机 结果》。,https://www.douyin.com/search/彩虹伞?type=video,视频3.2w / 播放1.6亿,搜索热度+12%,月销3万-5万单,特效道具 雨伞AR 使用 1.2亿 次
,,,,雷鹏琳 - 一把伞让油纸伞大师哭了出来,抖音,2026-08-13,对比实验 | ins风伞 9200万 | 184w→200w粉,抖音全品类飞恋产品/工厂实拍赛道的对比实验内容，账号雷鹏琳（KOL+老板，184w→200w粉），围绕话题#ins风伞（9200万播放 / 1.8w视频 / 同比+28%），代表视频《一把伞让油纸伞大师哭了出来》。,https://www.douyin.com/search/ins风伞?type=video,视频1.8w / 播放9200万,搜索热度++85%,蝉妈妈销量榜Top 10,特效道具 雨伞AR 使用 1.2亿 次
,,,,Knirps克尼普斯 - 三折黑胶伞 通勤族的黑科技,抖音,2026-02,KOL体验 | 油纸伞 8.1亿 | 5.6w粉,抖音高端商务赛道的KOL体验内容，账号Knirps克尼普斯（德系，5.6w粉），围绕话题#油纸伞（8.1亿播放 / 12.6w视频 / 同比+18%），代表视频《三折黑胶伞 通勤族的黑科技》。,https://www.douyin.com/search/油纸伞?type=video,视频12.6w / 播放8.1亿,搜索热度+12%,新上榜,单条视频 2200万 播放 / 46万 赞 / 8.2万 评论 / 12.4万 转发
,,,,BELLE MAISON - 从1688到抖音 这把反向折叠伞爆卖100万,抖音,2026-08-14,产品上市 | 源头工厂 12.4亿 | 2.1w粉,抖音日系/家庭赛道的产品上市内容，账号BELLE MAISON（日系，2.1w粉），围绕话题#源头工厂（12.4亿播放 / 26.8w视频 / 同比+8%），代表视频《从1688到抖音 这把反向折叠伞爆卖100万》。,https://www.douyin.com/search/源头工厂?type=video,视频26.8w / 播放12.4亿,搜索热度+18%,月销10万+单,千川 投放 单计划日耗 ¥8000 / 转化 2.4万 / 客单价 ¥58
,,,,闻士善 - 我把价值¥200的伞丢进搅拌机 结果,抖音,2026-07,工艺揭秘 | 折叠伞 12.4亿 | 65w粉,抖音古法油纸伞/非遗手作赛道的工艺揭秘内容，账号闻士善（闻叔的伞，65w粉），围绕话题#折叠伞（12.4亿播放 / 26.8w视频 / 同比+5%），代表视频《我把价值¥200的伞丢进搅拌机 结果》。,https://www.douyin.com/search/折叠伞?type=video,视频26.8w / 播放12.4亿,搜索热度++85%,月销1万-3万单,千川 投放 单计划日耗 ¥8000 / 转化 2.4万 / 客单价 ¥58
,,,,闻士善 - 机械臂钓鱼伞测评 万向旋转的快乐,抖音,2025-12,PK对比 | 女士雨伞 1.2亿 | 65w粉,抖音古法油纸伞/非遗手作赛道的PK对比内容，账号闻士善（闻叔的伞，65w粉），围绕话题#女士雨伞（1.2亿播放 / 2.4w视频 / 同比+6%），代表视频《机械臂钓鱼伞测评 万向旋转的快乐》。,https://www.douyin.com/search/女士雨伞?type=video,视频2.4w / 播放1.2亿,搜索热度+18%,月销5万单,挑战赛 播放 1.8亿 / 参与 8.4w 视频
,,,,吐泡沫的鱼 - 源头工厂: 为什么1688的伞能便宜3倍,抖音,2026-08-10,话题挑战 | ins风伞 9200万 | 30w+粉,抖音保康暖视频/雨伞/极端天气赛道的话题挑战内容，账号吐泡沫的鱼（生活记录，30w+粉），围绕话题#ins风伞（9200万播放 / 1.8w视频 / 同比+28%），代表视频《源头工厂: 为什么1688的伞能便宜3倍》。,https://www.douyin.com/search/ins风伞?type=video,视频1.8w / 播放9200万,搜索热度+18%,月销5000单,单条视频 2200万 播放 / 46万 赞 / 8.2万 评论 / 12.4万 转发
,,,,9号伞业 - 反光伞夜间实测 这才是真夜骑安全,抖音,2026-02,工厂实拍 | 儿童伞 1.4亿 | 8.4w粉,抖音1688同款/直供赛道的工厂实拍内容，账号9号伞业（工厂直播，8.4w粉），围绕话题#儿童伞（1.4亿播放 / 2.8w视频 / 同比+6%），代表视频《反光伞夜间实测 这才是真夜骑安全》。,https://www.douyin.com/search/儿童伞?type=video,视频2.8w / 播放1.4亿,搜索热度+新,新上榜,直播带货 单场 4800单 / GMV 28.6万
,,,,天堂伞官方 - 暴雨天打伞 vs 不打伞 实验对比,抖音,2025-12,种草安利 | 男士商务伞 6800万 | 18w粉,抖音国民品牌赛道的种草安利内容，账号天堂伞官方（品牌，18w粉），围绕话题#男士商务伞（6800万播放 / 1.2w视频 / 同比+9%），代表视频《暴雨天打伞 vs 不打伞 实验对比》。,https://www.douyin.com/search/男士商务伞?type=video,视频1.2w / 播放6800万,搜索热度+5%,月销2万单,品牌广告位 累计曝光 1.2亿 / 点击 320万 / 转化 8.6万
,,,,黑雨伞源头工厂 - 挑战飞恋手电筒伞 照亮3公里夜路,抖音,2026-08,话题挑战 | 广告伞定制 2400万 | 5.6w粉,抖音黑胶/防晒/直供赛道的话题挑战内容，账号黑雨伞源头工厂（源头工厂，5.6w粉），围绕话题#广告伞定制（2400万播放 / 0.4w视频 / 同比+14%），代表视频《挑战飞恋手电筒伞 照亮3公里夜路》。,https://www.douyin.com/search/广告伞定制?type=video,视频0.4w / 播放2400万,搜索热度+8%,蝉妈妈销量榜Top 1,同城 雨伞相关 搜索指数 18万 / 同比 +46%
,,,,浙江飞恋官方旗舰店 - 12骨 vs 8骨 vs 6骨 哪种才防风,抖音,2026-03,热销榜单 | 反伞黑胶 1.8亿 | 46.2w粉,抖音工厂直播/反向折叠/IP联名赛道的热销榜单内容，账号浙江飞恋官方旗舰店（品牌官方，46.2w粉），围绕话题#反伞黑胶（1.8亿播放 / 3.2w视频 / 同比+22%），代表视频《12骨 vs 8骨 vs 6骨 哪种才防风》。,https://www.douyin.com/search/反伞黑胶?type=video,视频3.2w / 播放1.8亿,搜索热度+12%,月销8千-1万单,POI 杭州萧山 雨伞工厂 打卡 6.8w 次
,,,,小红薯 - 钓鱼佬花2000买伞 3年没坏,抖音,2026-Q1,节日应季 | 一次性雨衣伞 8600万 | 180w粉,抖音防晒伞/通勤/颜值赛道的节日应季内容，账号小红薯（种草，180w粉），围绕话题#一次性雨衣伞（8600万播放 / 1.6w视频 / 同比+8%），代表视频《钓鱼佬花2000买伞 3年没坏》。,https://www.douyin.com/search/一次性雨衣伞?type=video,视频1.6w / 播放8600万,搜索热度++85%,月销2万单,挑战赛 播放 1.8亿 / 参与 8.4w 视频
,,,,今日有雪223 - 雨伞工厂实拍 一天生产5000把,抖音,2026-02,节日应季 | 新娘婚庆红伞 1.8亿 | 100w+粉,抖音台风街头/雨伞场景赛道的节日应季内容，账号今日有雪223（街头纪实，100w+粉），围绕话题#新娘婚庆红伞（1.8亿播放 / 3.6w视频 / 同比+8%），代表视频《雨伞工厂实拍 一天生产5000把》。,https://www.douyin.com/search/新娘婚庆红伞?type=video,视频3.6w / 播放1.8亿,搜索热度+5%,月销10万+单,特效道具 雨伞AR 使用 1.2亿 次
,,,,黑雨伞工厂店 - 工厂老板揭秘: 10元的伞和100元的伞差在哪,抖音,2026-06,产品上市 | 钓鱼伞 3.8亿 | 12.8w粉,抖音黑胶/防紫外线/抖音爆款赛道的产品上市内容，账号黑雨伞工厂店（源头工厂，12.8w粉），围绕话题#钓鱼伞（3.8亿播放 / 4.2w视频 / 同比+64.3%），代表视频《工厂老板揭秘: 10元的伞和100元的伞差在哪》。,https://www.douyin.com/search/钓鱼伞?type=video,视频4.2w / 播放3.8亿,搜索热度+新,蝉妈妈销量榜Top 3,累计播放 6800万 / 点赞 128万 / 评论 18.6万 / 转发 22.4万
,,,,wuli设计 - 我用这把伞给油纸伞重生的勇气,抖音,2026-08-13,KOL体验 | 一次性雨衣伞 8600万 | 12.4w粉,抖音设计师款/雨伞工业设计赛道的KOL体验内容，账号wuli设计（工业设计，12.4w粉），围绕话题#一次性雨衣伞（8600万播放 / 1.6w视频 / 同比+8%），代表视频《我用这把伞给油纸伞重生的勇气》。,https://www.douyin.com/search/一次性雨衣伞?type=video,视频1.6w / 播放8600万,搜索热度+24%,蝉妈妈销量榜Top 1,广告投放 ROI 3.2 / 单次转化成本 ¥4.8 / 月GMV 1200万
,,,,夏天的阳台 - 工厂老板揭秘: 10元的伞和100元的伞差在哪,抖音,2026-01,天气纪实 | 万向钓鱼伞 1800万 | 82w粉,抖音阳台/居家/雨具美学赛道的天气纪实内容，账号夏天的阳台（生活方式，82w粉），围绕话题#万向钓鱼伞（1800万播放 / 0.4w视频 / 同比+44%），代表视频《工厂老板揭秘: 10元的伞和100元的伞差在哪》。,https://www.douyin.com/search/万向钓鱼伞?type=video,视频0.4w / 播放1800万,搜索热度+8%,蝉妈妈销量榜Top 1,挑战赛 播放 1.8亿 / 参与 8.4w 视频
,,,,9号伞业 - 工厂老板揭秘: 10元的伞和100元的伞差在哪,抖音,2026-08-12,用户故事 | 16骨大号伞 8600万 | 8.4w粉,抖音1688同款/直供赛道的用户故事内容，账号9号伞业（工厂直播，8.4w粉），围绕话题#16骨大号伞（8600万播放 / 1.6w视频 / 同比+16%），代表视频《工厂老板揭秘: 10元的伞和100元的伞差在哪》。,https://www.douyin.com/search/16骨大号伞?type=video,视频1.6w / 播放8600万,搜索热度++85%,月销5万单,品牌广告位 累计曝光 1.2亿 / 点击 320万 / 转化 8.6万
,,,,必朗官方 - 透明伞里的光影 周末拍照神器,抖音,2026-08-14,工厂实拍 | 广告伞定制 2400万 | 12w粉,抖音中端雨伞赛道的工厂实拍内容，账号必朗官方（品牌，12w粉），围绕话题#广告伞定制（2400万播放 / 0.4w视频 / 同比+14%），代表视频《透明伞里的光影 周末拍照神器》。,https://www.douyin.com/search/广告伞定制?type=video,视频0.4w / 播放2400万,搜索热度+46%,月销1万-3万单,广告投放 ROI 3.2 / 单次转化成本 ¥4.8 / 月GMV 1200万
,,,,9号伞业 - 5分钟教会你怎么挑黑胶伞,抖音,2026-05,热销榜单 | 源头工厂 12.4亿 | 8.4w粉,抖音1688同款/直供赛道的热销榜单内容，账号9号伞业（工厂直播，8.4w粉），围绕话题#源头工厂（12.4亿播放 / 26.8w视频 / 同比+8%），代表视频《5分钟教会你怎么挑黑胶伞》。,https://www.douyin.com/search/源头工厂?type=video,视频26.8w / 播放12.4亿,搜索热度+8%,月销1万-3万单,蝉妈妈榜 雨伞品类 销量榜 No.1
,,,,江浙沪梅雨 - 保康暴雨 暖视频里那把伞火了,抖音,2025-Q4,工艺揭秘 | 梅雨季伞具 1.4亿 | 42w粉,抖音梅雨季/雨具实用赛道的工艺揭秘内容，账号江浙沪梅雨（本地资讯，42w粉），围绕话题#梅雨季伞具（1.4亿播放 / 2.8w视频 / 同比+16%），代表视频《保康暴雨 暖视频里那把伞火了》。,https://www.douyin.com/search/梅雨季伞具?type=video,视频2.8w / 播放1.4亿,搜索热度+46%,月销3万-5万单,自然流量占比 78% / 搜索流量 12% / 推荐流 56%
,,,,SENKESI - 我用这把伞给油纸伞重生的勇气,抖音,2026-Q2,话题挑战 | 非遗油纸伞 1.4亿 | 6.3w粉,抖音全自动/性价比赛道的话题挑战内容，账号SENKESI（品牌，6.3w粉），围绕话题#非遗油纸伞（1.4亿播放 / 2.6w视频 / 同比+38%），代表视频《我用这把伞给油纸伞重生的勇气》。,https://www.douyin.com/search/非遗油纸伞?type=video,视频2.6w / 播放1.4亿,搜索热度+46%,月销10万+单,星图 报价 12万 / 视频播放 1800万 / 互动 28万
,,,,FULTON富尔顿 - 我把价值¥200的伞丢进搅拌机 结果,抖音,2026-02,广告投放 | 折叠伞 12.4亿 | 3.8w粉,抖音鸟笼伞/英伦绅士赛道的广告投放内容，账号FULTON富尔顿（英伦，3.8w粉），围绕话题#折叠伞（12.4亿播放 / 26.8w视频 / 同比+5%），代表视频《我把价值¥200的伞丢进搅拌机 结果》。,https://www.douyin.com/search/折叠伞?type=video,视频26.8w / 播放12.4亿,搜索热度+32%,新上榜,品牌任务 累计 6800 创作者参与 / 8.2w 视频
,,,,江浙沪包邮 - 对比10款防晒伞 这把能挡99.9%紫外线,抖音,2026-05,工艺揭秘 | 反向伞 9200万 | 28w粉,抖音源头工厂/直播赛道的工艺揭秘内容，账号江浙沪包邮（探店号，28w粉），围绕话题#反向伞（9200万播放 / 1.8w视频 / 同比+38%），代表视频《对比10款防晒伞 这把能挡99.9%紫外线》。,https://www.douyin.com/search/反向伞?type=video,视频1.8w / 播放9200万,搜索热度++85%,月销8千-1万单,单条视频 2200万 播放 / 46万 赞 / 8.2万 评论 / 12.4万 转发
,,,,吐泡沫的鱼 - 我把价值¥200的伞丢进搅拌机 结果,抖音,2026-07,话题挑战 | 反向折叠伞 1.2亿 | 30w+粉,抖音保康暖视频/雨伞/极端天气赛道的话题挑战内容，账号吐泡沫的鱼（生活记录，30w+粉），围绕话题#反向折叠伞（1.2亿播放 / 2.1w视频 / 同比+47%），代表视频《我把价值¥200的伞丢进搅拌机 结果》。,https://www.douyin.com/search/反向折叠伞?type=video,视频2.1w / 播放1.2亿,搜索热度+32%,蝉妈妈销量榜Top 3,POI 杭州萧山 雨伞工厂 打卡 6.8w 次
,,,,WPC官方 - 保康暴雨 暖视频里那把伞火了,抖音,2026-04,话题挑战 | 钓鱼伞 3.8亿 | 8.4w粉,抖音日系/ins风赛道的话题挑战内容，账号WPC官方（日牌，8.4w粉），围绕话题#钓鱼伞（3.8亿播放 / 4.2w视频 / 同比+64.3%），代表视频《保康暴雨 暖视频里那把伞火了》。,https://www.douyin.com/search/钓鱼伞?type=video,视频4.2w / 播放3.8亿,搜索热度+32%,蝉妈妈销量榜Top 10,品牌任务 累计 6800 创作者参与 / 8.2w 视频
,,,,KOL小辣椒 - 反光伞夜间实测 这才是真夜骑安全,抖音,2026-04,广告投放 | 反向折叠伞 1.2亿 | 150w粉,抖音雨伞场景植入赛道的广告投放内容，账号KOL小辣椒（美妆跨界，150w粉），围绕话题#反向折叠伞（1.2亿播放 / 2.1w视频 / 同比+47%），代表视频《反光伞夜间实测 这才是真夜骑安全》。,https://www.douyin.com/search/反向折叠伞?type=video,视频2.1w / 播放1.2亿,搜索热度+32%,月销2万单,直播带货 单场 4800单 / GMV 28.6万
,,,,小红薯测评 - 黄景瑜同款三折黑胶伞 1688平替,抖音,2026-03,用户故事 | 黑胶伞 4.8亿 | 87.6w粉,抖音雨伞横评/对比赛道的用户故事内容，账号小红薯测评（测评号，87.6w粉），围绕话题#黑胶伞（4.8亿播放 / 8.6w视频 / 同比+18%），代表视频《黄景瑜同款三折黑胶伞 1688平替》。,https://www.douyin.com/search/黑胶伞?type=video,视频8.6w / 播放4.8亿,搜索热度++85%,新上榜,单条视频 2200万 播放 / 46万 赞 / 8.2万 评论 / 12.4万 转发
,,,,黑雨伞源头工厂 - 雨伞工厂实拍 一天生产5000把,抖音,2026-03,天气纪实 | 雨伞防风 2.4亿 | 5.6w粉,抖音黑胶/防晒/直供赛道的天气纪实内容，账号黑雨伞源头工厂（源头工厂，5.6w粉），围绕话题#雨伞防风（2.4亿播放 / 4.2w视频 / 同比+11%），代表视频《雨伞工厂实拍 一天生产5000把》。,https://www.douyin.com/search/雨伞防风?type=video,视频4.2w / 播放2.4亿,搜索热度++85%,月销5万-10万单,广告投放 ROI 3.2 / 单次转化成本 ¥4.8 / 月GMV 1200万
,,,,Knirps克尼普斯 - 从1688到抖音 这把反向折叠伞爆卖100万,抖音,2026-08-13,对比实验 | ins风伞 9200万 | 5.6w粉,抖音高端商务赛道的对比实验内容，账号Knirps克尼普斯（德系，5.6w粉），围绕话题#ins风伞（9200万播放 / 1.8w视频 / 同比+28%），代表视频《从1688到抖音 这把反向折叠伞爆卖100万》。,https://www.douyin.com/search/ins风伞?type=video,视频1.8w / 播放9200万,搜索热度+8%,蝉妈妈销量榜Top 10,直播间同时在线 4.2万 / 累计观看 320万 / GMV 186万
,,,,今日有雪223 - 透明伞里的光影 周末拍照神器,抖音,2026-08-12,热销榜单 | 暴雨出行 2.4亿 | 100w+粉,抖音台风街头/雨伞场景赛道的热销榜单内容，账号今日有雪223（街头纪实，100w+粉），围绕话题#暴雨出行（2.4亿播放 / 4.2w视频 / 同比+12%），代表视频《透明伞里的光影 周末拍照神器》。,https://www.douyin.com/search/暴雨出行?type=video,视频4.2w / 播放2.4亿,搜索热度+32%,月销5万单,单条爆款 3200万 播放 / 58万 赞 / 12.8万 评论
,,,,余万伦 - 暴雨天打伞 vs 不打伞 实验对比,抖音,2025-Q4,用户故事 | 雨伞防风 2.4亿 | 95.6w粉,抖音油纸伞/三都非遗赛道的用户故事内容，账号余万伦（非遗传承人，95.6w粉），围绕话题#雨伞防风（2.4亿播放 / 4.2w视频 / 同比+11%），代表视频《暴雨天打伞 vs 不打伞 实验对比》。,https://www.douyin.com/search/雨伞防风?type=video,视频4.2w / 播放2.4亿,搜索热度+12%,蝉妈妈销量榜Top 1,自然流量占比 78% / 搜索流量 12% / 推荐流 56%
,,,,天堂伞官方 - 透明伞里的光影 周末拍照神器,抖音,2026-03,对比实验 | 钛银胶伞 6400万 | 18w粉,抖音国民品牌赛道的对比实验内容，账号天堂伞官方（品牌，18w粉），围绕话题#钛银胶伞（6400万播放 / 1.2w视频 / 同比+22%），代表视频《透明伞里的光影 周末拍照神器》。,https://www.douyin.com/search/钛银胶伞?type=video,视频1.2w / 播放6400万,搜索热度+18%,蝉妈妈销量榜Top 10,直播间同时在线 4.2万 / 累计观看 320万 / GMV 186万
,,,,飞恋伞厂 - 透明伞里的光影 周末拍照神器,抖音,2026-Q2,实景测试 | 广告伞定制 2400万 | 200w粉,抖音手电筒伞/夜路伞/反向折叠/IP联名赛道的实景测试内容，账号飞恋伞厂（源头工厂，200w粉），围绕话题#广告伞定制（2400万播放 / 0.4w视频 / 同比+14%），代表视频《透明伞里的光影 周末拍照神器》。,https://www.douyin.com/search/广告伞定制?type=video,视频0.4w / 播放2400万,搜索热度+12%,月销5000单,星图 报价 12万 / 视频播放 1800万 / 互动 28万
,,,,舟山小船哥 - 台风天的12骨伞 比花伞强在哪,抖音,2026-02,种草安利 | 手电筒伞 6800万 | 44w粉,抖音海上/极端天气雨伞赛道的种草安利内容，账号舟山小船哥（渔民，44w粉），围绕话题#手电筒伞（6800万播放 / 1.4w视频 / 同比新），代表视频《台风天的12骨伞 比花伞强在哪》。,https://www.douyin.com/search/手电筒伞?type=video,视频1.4w / 播放6800万,搜索热度+新,蝉妈妈销量榜Top 3,自然流量占比 78% / 搜索流量 12% / 推荐流 56%
,,,,KOL小辣椒 - 工厂老板揭秘: 10元的伞和100元的伞差在哪,抖音,2026-02,工厂实拍 | 蕾丝公主伞 4200万 | 150w粉,抖音雨伞场景植入赛道的工厂实拍内容，账号KOL小辣椒（美妆跨界，150w粉），围绕话题#蕾丝公主伞（4200万播放 / 0.8w视频 / 同比+24%），代表视频《工厂老板揭秘: 10元的伞和100元的伞差在哪》。,https://www.douyin.com/search/蕾丝公主伞?type=video,视频0.8w / 播放4200万,搜索热度++85%,蝉妈妈销量榜Top 10,抖音热榜 #雨伞 #3 累计 9200万 播放
,,,,totem图腾 - 钓鱼伞万向节 1秒换角度,抖音,2026-Q2,实景测试 | 通勤雨伞 4800万 | 4.2w粉,抖音户外伞/遮阳赛道的实景测试内容，账号totem图腾（户外品牌，4.2w粉），围绕话题#通勤雨伞（4800万播放 / 0.8w视频 / 同比+12%），代表视频《钓鱼伞万向节 1秒换角度》。,https://www.douyin.com/search/通勤雨伞?type=video,视频0.8w / 播放4800万,搜索热度+12%,月销3万-5万单,抖音热榜 #雨伞 #3 累计 9200万 播放
,,,,9号伞业 - 机械臂钓鱼伞测评 万向旋转的快乐,抖音,2026-01,对比实验 | 男士商务伞 6800万 | 8.4w粉,抖音1688同款/直供赛道的对比实验内容，账号9号伞业（工厂直播，8.4w粉），围绕话题#男士商务伞（6800万播放 / 1.2w视频 / 同比+9%），代表视频《机械臂钓鱼伞测评 万向旋转的快乐》。,https://www.douyin.com/search/男士商务伞?type=video,视频1.2w / 播放6800万,搜索热度+24%,月销3万-5万单,系列视频 累计 1.2亿 播放 / 186万 赞 / 24.6万 评论
,,,,今日有雪223 - 机械臂钓鱼伞测评 万向旋转的快乐,抖音,2026-07,产品上市 | 彩虹伞 1.6亿 | 100w+粉,抖音台风街头/雨伞场景赛道的产品上市内容，账号今日有雪223（街头纪实，100w+粉），围绕话题#彩虹伞（1.6亿播放 / 3.2w视频 / 同比-5%），代表视频《机械臂钓鱼伞测评 万向旋转的快乐》。,https://www.douyin.com/search/彩虹伞?type=video,视频3.2w / 播放1.6亿,搜索热度+8%,月销10万+单,DOU+ 加热 单条消耗 ¥2.4万 / 播放 680万 / 涨粉 4.6万
,,,,黑雨伞工厂店 - 我把价值¥200的伞丢进搅拌机 结果,抖音,2026-08,产品上市 | 反季雨伞 6800万 | 12.8w粉,抖音黑胶/防紫外线/抖音爆款赛道的产品上市内容，账号黑雨伞工厂店（源头工厂，12.8w粉），围绕话题#反季雨伞（6800万播放 / 1.2w视频 / 同比+9%），代表视频《我把价值¥200的伞丢进搅拌机 结果》。,https://www.douyin.com/search/反季雨伞?type=video,视频1.2w / 播放6800万,搜索热度+新,月销1万-3万单,抖音热榜 #雨伞 #3 累计 9200万 播放
,,,,天堂伞官方 - 12骨 vs 8骨 vs 6骨 哪种才防风,抖音,2026-05,对比实验 | 夏季防晒伞 4.8亿 | 18w粉,抖音国民品牌赛道的对比实验内容，账号天堂伞官方（品牌，18w粉），围绕话题#夏季防晒伞（4.8亿播放 / 8.6w视频 / 同比+24%），代表视频《12骨 vs 8骨 vs 6骨 哪种才防风》。,https://www.douyin.com/search/夏季防晒伞?type=video,视频8.6w / 播放4.8亿,搜索热度+12%,月销2万单,抖音电商 运动户外榜 投放榜 Top 1
,,,,Knirps克尼普斯 - 我用这把伞给油纸伞重生的勇气,抖音,2026-Q1,短视频带货 | 反伞黑胶 1.8亿 | 5.6w粉,抖音高端商务赛道的短视频带货内容，账号Knirps克尼普斯（德系，5.6w粉），围绕话题#反伞黑胶（1.8亿播放 / 3.2w视频 / 同比+22%），代表视频《我用这把伞给油纸伞重生的勇气》。,https://www.douyin.com/search/反伞黑胶?type=video,视频3.2w / 播放1.8亿,搜索热度+8%,月销8千-1万单,抖音电商 运动户外榜 投放榜 Top 1
,,,,FULTON富尔顿 - 梅雨季通勤神伞 5折口袋伞实测,抖音,2026-08,PK对比 | 万向钓鱼伞 1800万 | 3.8w粉,抖音鸟笼伞/英伦绅士赛道的PK对比内容，账号FULTON富尔顿（英伦，3.8w粉），围绕话题#万向钓鱼伞（1800万播放 / 0.4w视频 / 同比+44%），代表视频《梅雨季通勤神伞 5折口袋伞实测》。,https://www.douyin.com/search/万向钓鱼伞?type=video,视频0.4w / 播放1800万,搜索热度+46%,月销5000单,挑战赛 播放 1.8亿 / 参与 8.4w 视频
,,,,FULTON富尔顿 - 黑胶伞防晒实验 UV卡片变色测试,抖音,2026-08-13,产品上市 | 黑胶防晒伞 5.2亿 | 3.8w粉,抖音鸟笼伞/英伦绅士赛道的产品上市内容，账号FULTON富尔顿（英伦，3.8w粉），围绕话题#黑胶防晒伞（5.2亿播放 / 8.4w视频 / 同比+24%），代表视频《黑胶伞防晒实验 UV卡片变色测试》。,https://www.douyin.com/search/黑胶防晒伞?type=video,视频8.4w / 播放5.2亿,搜索热度+24%,蝉妈妈销量榜Top 10,挑战赛 播放 1.8亿 / 参与 8.4w 视频
,,,,浙江飞恋官方旗舰店 - 保康暴雨 暖视频里那把伞火了,抖音,2026-08-05,工厂实拍 | 台风伞 4200万 | 46.2w粉,抖音工厂直播/反向折叠/IP联名赛道的工厂实拍内容，账号浙江飞恋官方旗舰店（品牌官方，46.2w粉），围绕话题#台风伞（4200万播放 / 0.8w视频 / 同比+44%），代表视频《保康暴雨 暖视频里那把伞火了》。,https://www.douyin.com/search/台风伞?type=video,视频0.8w / 播放4200万,搜索热度+5%,月销3万-5万单,自然流量占比 78% / 搜索流量 12% / 推荐流 56%
,,,,钓鱼伞源头 - 梅雨季通勤神伞 5折口袋伞实测,抖音,2026-08-13,热销榜单 | 蕾丝公主伞 4200万 | 3.2w粉,抖音钓鱼伞/万向/机械臂赛道的热销榜单内容，账号钓鱼伞源头（工厂，3.2w粉），围绕话题#蕾丝公主伞（4200万播放 / 0.8w视频 / 同比+24%），代表视频《梅雨季通勤神伞 5折口袋伞实测》。,https://www.douyin.com/search/蕾丝公主伞?type=video,视频0.8w / 播放4200万,搜索热度+12%,蝉妈妈销量榜Top 1,星图 报价 12万 / 视频播放 1800万 / 互动 28万
,,,,夏天的阳台 - 暴雨天打伞 vs 不打伞 实验对比,抖音,2026-Q1,话题挑战 | 暴雨出行 2.4亿 | 82w粉,抖音阳台/居家/雨具美学赛道的话题挑战内容，账号夏天的阳台（生活方式，82w粉），围绕话题#暴雨出行（2.4亿播放 / 4.2w视频 / 同比+12%），代表视频《暴雨天打伞 vs 不打伞 实验对比》。,https://www.douyin.com/search/暴雨出行?type=video,视频4.2w / 播放2.4亿,搜索热度+46%,月销3万-5万单,同城 雨伞相关 搜索指数 18万 / 同比 +46%
,,,,KOL小辣椒 - 从1688到抖音 这把反向折叠伞爆卖100万,抖音,2026-08-14,热销榜单 | 广告伞定制 2400万 | 150w粉,抖音雨伞场景植入赛道的热销榜单内容，账号KOL小辣椒（美妆跨界，150w粉），围绕话题#广告伞定制（2400万播放 / 0.4w视频 / 同比+14%），代表视频《从1688到抖音 这把反向折叠伞爆卖100万》。,https://www.douyin.com/search/广告伞定制?type=video,视频0.4w / 播放2400万,搜索热度+18%,蝉妈妈销量榜Top 10,蝉妈妈榜 雨伞品类 销量榜 No.1
,,,,闻士善 - 对比10款防晒伞 这把能挡99.9%紫外线,抖音,2026-08-12,开箱测评 | 晴雨两用伞 6.4亿 | 65w粉,抖音古法油纸伞/非遗手作赛道的开箱测评内容，账号闻士善（闻叔的伞，65w粉），围绕话题#晴雨两用伞（6.4亿播放 / 12.4w视频 / 同比+4%），代表视频《对比10款防晒伞 这把能挡99.9%紫外线》。,https://www.douyin.com/search/晴雨两用伞?type=video,视频12.4w / 播放6.4亿,搜索热度+5%,月销10万+单,GMV 单场 280万 / UV价值 38元 / 转化率 4.6%
,,,,黑雨伞源头工厂 - 暴雨天打伞 vs 不打伞 实验对比,抖音,2026-08-10,用户故事 | 1688源头 1.2亿 | 5.6w粉,抖音黑胶/防晒/直供赛道的用户故事内容，账号黑雨伞源头工厂（源头工厂，5.6w粉），围绕话题#1688源头（1.2亿播放 / 2.4w视频 / 同比+15%），代表视频《暴雨天打伞 vs 不打伞 实验对比》。,https://www.douyin.com/search/1688源头?type=video,视频2.4w / 播放1.2亿,搜索热度+32%,月销5000单,GMV 单场 280万 / UV价值 38元 / 转化率 4.6%
,,,,BELLE MAISON - 钓鱼佬花2000买伞 3年没坏,抖音,2026-06,种草安利 | 彩虹伞 1.6亿 | 2.1w粉,抖音日系/家庭赛道的种草安利内容，账号BELLE MAISON（日系，2.1w粉），围绕话题#彩虹伞（1.6亿播放 / 3.2w视频 / 同比-5%），代表视频《钓鱼佬花2000买伞 3年没坏》。,https://www.douyin.com/search/彩虹伞?type=video,视频3.2w / 播放1.6亿,搜索热度+新,蝉妈妈销量榜Top 10,POI 杭州萧山 雨伞工厂 打卡 6.8w 次
,,,,必朗官方 - 暴雨12小时 12骨伞全程无故障,抖音,2026-08-13,广告投放 | 马卡龙伞 4800万 | 12w粉,抖音中端雨伞赛道的广告投放内容，账号必朗官方（品牌，12w粉），围绕话题#马卡龙伞（4800万播放 / 0.8w视频 / 同比+35%），代表视频《暴雨12小时 12骨伞全程无故障》。,https://www.douyin.com/search/马卡龙伞?type=video,视频0.8w / 播放4800万,搜索热度+新,蝉妈妈销量榜Top 10,单条视频 2200万 播放 / 46万 赞 / 8.2万 评论 / 12.4万 转发
,,,,浙江飞恋官方旗舰店 - 我用这把伞给油纸伞重生的勇气,抖音,2026-Q2,产品上市 | 五折口袋伞 8600万 | 46.2w粉,抖音工厂直播/反向折叠/IP联名赛道的产品上市内容，账号浙江飞恋官方旗舰店（品牌官方，46.2w粉），围绕话题#五折口袋伞（8600万播放 / 1.6w视频 / 同比+15%），代表视频《我用这把伞给油纸伞重生的勇气》。,https://www.douyin.com/search/五折口袋伞?type=video,视频1.6w / 播放8600万,搜索热度++85%,月销5000单,累计播放 6800万 / 点赞 128万 / 评论 18.6万 / 转发 22.4万
,,,,舟山小船哥 - 黑胶伞防晒实验 UV卡片变色测试,抖音,2026-08-13,短视频带货 | 夏季防晒伞 4.8亿 | 44w粉,抖音海上/极端天气雨伞赛道的短视频带货内容，账号舟山小船哥（渔民，44w粉），围绕话题#夏季防晒伞（4.8亿播放 / 8.6w视频 / 同比+24%），代表视频《黑胶伞防晒实验 UV卡片变色测试》。,https://www.douyin.com/search/夏季防晒伞?type=video,视频8.6w / 播放4.8亿,搜索热度+8%,蝉妈妈销量榜Top 3,自然流量占比 78% / 搜索流量 12% / 推荐流 56%
,,,,吐泡沫的鱼 - 台风天的12骨伞 比花伞强在哪,抖音,2026-Q2,话题挑战 | 全自动伞 3.2亿 | 30w+粉,抖音保康暖视频/雨伞/极端天气赛道的话题挑战内容，账号吐泡沫的鱼（生活记录，30w+粉），围绕话题#全自动伞（3.2亿播放 / 5.6w视频 / 同比+9%），代表视频《台风天的12骨伞 比花伞强在哪》。,https://www.douyin.com/search/全自动伞?type=video,视频5.6w / 播放3.2亿,搜索热度+5%,蝉妈妈销量榜Top 3,POI 杭州萧山 雨伞工厂 打卡 6.8w 次
,,,,雷鹏琳 - 黑胶伞防晒实验 UV卡片变色测试,抖音,2026-06,产品上市 | 雨伞测评 1.8亿 | 184w→200w粉,抖音全品类飞恋产品/工厂实拍赛道的产品上市内容，账号雷鹏琳（KOL+老板，184w→200w粉），围绕话题#雨伞测评（1.8亿播放 / 3.2w视频 / 同比+18%），代表视频《黑胶伞防晒实验 UV卡片变色测试》。,https://www.douyin.com/search/雨伞测评?type=video,视频3.2w / 播放1.8亿,搜索热度+8%,蝉妈妈销量榜Top 3,DOU+ 加热 单条消耗 ¥2.4万 / 播放 680万 / 涨粉 4.6万
,,,,天堂伞官方 - 油纸伞72道工艺 一把伞做3个月,抖音,2026-08,工艺揭秘 | 非遗油纸伞 1.4亿 | 18w粉,抖音国民品牌赛道的工艺揭秘内容，账号天堂伞官方（品牌，18w粉），围绕话题#非遗油纸伞（1.4亿播放 / 2.6w视频 / 同比+38%），代表视频《油纸伞72道工艺 一把伞做3个月》。,https://www.douyin.com/search/非遗油纸伞?type=video,视频2.6w / 播放1.4亿,搜索热度+8%,月销3万-5万单,抖音热搜 #飞恋伞 #持续 12小时
,,,,派恩娜 高尔夫大号直柄伞 54-90元价格段代表型号,淘宝,2025-11,派恩娜 高尔夫大号直柄伞；54-90元价格段；安徽；中高端,派恩娜品牌高尔夫大号直柄伞款（商务/男士），定价45.9元，安徽发货，沐雨百货用品店运营；属于54-90元中高端价格段，承接天猫渠道销量占比8.8% 销售额占比32.1%市场份额。,https://wiki.smzdm.com/list/kqrwjrr/p10/,淘宝累计评价1000+,6342搜索热度 同比+28%,月销1500件,评价+复购+加购 2000+
,,,,太阳城SUNCITY 碳纤维超轻伞 &gt;90元价格段代表型号,淘宝,2025-Q2,太阳城SUNCITY 碳纤维超轻伞；&gt;90元价格段；浙江 绍兴；高毛利,太阳城SUNCITY品牌碳纤维超轻伞款（高端便携），定价22.0元，浙江 绍兴发货，婉芳儿旗舰店运营；属于&gt;90元高端价格段，承接天猫渠道销量占比4.0% 销售额占比21.5%市场份额。,https://wiki.m.smzdm.com/p/qx09w4m/,淘宝累计评价1万+,9298搜索热度 同比-44%,月销2000件,评价+复购+加购 5万+
,,,,飞恋 鹅柄商务伞 &gt;90元价格段代表型号,淘宝,2026-07,飞恋 鹅柄商务伞；&gt;90元价格段；浙江；高毛利,飞恋品牌鹅柄商务伞款（商务礼赠），定价8.0元，浙江发货，琦缇雨户外用品运营；属于&gt;90元高端价格段，承接天猫渠道销量占比4.0% 销售额占比21.5%市场份额。,https://wiki.m.smzdm.com/p/yn3p8wo/,淘宝累计评价10万+,6789搜索热度 同比-7%,月销10万+件 (批发量),批发复购+好评 累计50万+
,,,,Knirps克尼普斯 油纸伞/非遗 &lt;30元价格段代表型号,淘宝,2026-Q1,Knirps克尼普斯 油纸伞/非遗；&lt;30元价格段；河南 洛阳；高频走量,Knirps克尼普斯品牌油纸伞/非遗款（国风手作），定价217.0元，河南 洛阳发货，渔之源旗舰店运营；属于&lt;30元低端价格段，承接天猫渠道销量占比50.0% 月度44.2-49.3%市场份额。,https://www.taobao.com/list/product/8%E9%AA%A8%E9%9B%A8%E4%BC%9E.htm,淘宝累计评价2000+,3946搜索热度 同比+13%,月销200件,评价+复购+加购 1000+
,,,,太阳城SUNCITY 碳纤维超轻伞 &gt;90元价格段代表型号,淘宝,2026-Q2,太阳城SUNCITY 碳纤维超轻伞；&gt;90元价格段；浙江 绍兴；高毛利,太阳城SUNCITY品牌碳纤维超轻伞款（高端便携），定价25.0元，浙江 绍兴发货，qiutong家居旗舰店运营；属于&gt;90元高端价格段，承接天猫渠道销量占比4.0% 销售额占比21.5%市场份额。,https://www.taobao.com/list/product/%E6%8A%98%E5%8F%A0%E8%87%AA%E5%8A%A8%E4%BC%9E.htm,淘宝累计评价1000+,2631搜索热度 同比+46%,月销1500件,评价+复购+加购 1000+
,,,,SENKESI 全自动晴雨两用伞 54-90元价格段代表型号,淘宝,2025-Q2,SENKESI 全自动晴雨两用伞；54-90元价格段；浙江；中高端,SENKESI品牌全自动晴雨两用伞款（一键开合），定价8.0元，浙江发货，琦缇雨户外用品运营；属于54-90元中高端价格段，承接天猫渠道销量占比8.8% 销售额占比32.1%市场份额。,https://www.taobao.com/chanpin/ebadc73e6403e7e8f061f944c819d787.html,淘宝累计评价10万+,6170搜索热度 同比-33%,月销5万+件 (批发量),批发复购+好评 累计50万+
,,,,红叶制伞有限公司 海军条纹进口伞 54-90元价格段代表型号,淘宝,2026-07,红叶制伞有限公司 海军条纹进口伞；54-90元价格段；浙江 绍兴；中高端,红叶制伞有限公司品牌海军条纹进口伞款（进口品牌），定价28.0元，浙江 绍兴发货，梅氏伞业源头工厂运营；属于54-90元中高端价格段，承接天猫渠道销量占比8.8% 销售额占比32.1%市场份额。,https://www.taobao.com/chanpin/a87dec3fa42b7b27f7459917b06b061f.html,淘宝累计评价1000+,5976搜索热度 同比-22%,月销1500件,评价+复购+加购 数百
,,,,Knirps克尼普斯 油纸伞/非遗 &lt;30元价格段代表型号,淘宝,2025-11,Knirps克尼普斯 油纸伞/非遗；&lt;30元价格段；浙江 绍兴；高频走量,Knirps克尼普斯品牌油纸伞/非遗款（国风手作），定价19.98元，浙江 绍兴发货，9月户外用品厂运营；属于&lt;30元低端价格段，承接天猫渠道销量占比50.0% 月度44.2-49.3%市场份额。,https://www.taobao.com/chanpin/c2522bd806190667a2b5e29065b3a217.html,淘宝累计评价1000+,449搜索热度 同比-26%,月销500件,评价+复购+加购 数百
,,,,宝叶旗舰店 碳纤维超轻伞 &lt;30元价格段代表型号,淘宝,2025-Q1,宝叶旗舰店 碳纤维超轻伞；&lt;30元价格段；浙江 绍兴；高频走量,宝叶旗舰店品牌碳纤维超轻伞款（高端便携），定价29.8元，浙江 绍兴发货，仟语家居旗舰店运营；属于&lt;30元低端价格段，承接天猫渠道销量占比50.0% 月度44.2-49.3%市场份额。,https://guangtao.taobao.com/product-053b835b838408c099deacdad5d9704d96ad01260a7acd4e791c79c545f174f1.html,淘宝累计评价2000+,3494搜索热度 同比+19%,月销1500件,评价+复购+加购 数百
,,,,Belle Maison 反向折叠伞 54-90元价格段代表型号,淘宝,2025-Q1,Belle Maison 反向折叠伞；54-90元价格段；浙江 金华；中高端,Belle Maison品牌反向折叠伞款（反向收伞），定价32.9元，浙江 金华发货，红叶之秀雨伞店运营；属于54-90元中高端价格段，承接天猫渠道销量占比8.8% 销售额占比32.1%市场份额。,https://guangtao.taobao.com/product-ee075a030bb95f09cf70bda938222566fda0875ea13b913791cdf0afe94731aa.html,淘宝累计评价1万+,2229搜索热度 同比+16%,月销3000件,评价+复购+加购 5万+
,,,,必朗 三折晴雨两用伞 30-54元价格段代表型号,淘宝,2025-Q1,必朗 三折晴雨两用伞；30-54元价格段；浙江 义乌；中端主力,必朗品牌三折晴雨两用伞款（便携折叠），定价3.25元，浙江 义乌发货，腾达百货运营；属于30-54元中端主流价格段，承接天猫渠道销量占比37.2% 销售额占比38.2%市场份额。,https://guangtao.taobao.com/product-9886c50e4b3ab1db427a05a6f85f579287ecab2d5bd10027fa23a408cdbeb707.html,淘宝累计评价100万+,5969搜索热度 同比+20%,月销5万+件 (批发量),批发复购+好评 累计50万+
,,,,艳夏伞厂 儿童伞 30-54元价格段代表型号,淘宝,2025-Q2,艳夏伞厂 儿童伞；30-54元价格段；广东 深圳；中端主力,艳夏伞厂品牌儿童伞款（小学生），定价165.0元，广东 深圳发货，蕉下官方旗舰店运营；属于30-54元中端主流价格段，承接天猫渠道销量占比37.2% 销售额占比38.2%市场份额。,https://guangtao.taobao.com/product-c0c0d679ac836c93ee674e773e22b36c64be22f6fa52e52a75b592d01b7e24c0.html,淘宝累计评价5万+,958搜索热度 同比-31%,月销5000件,评价+复购+加购 1万+
,,,,必朗 帐篷/沙滩伞 &gt;90元价格段代表型号,淘宝,2025-11,必朗 帐篷/沙滩伞；&gt;90元价格段；浙江 绍兴；高毛利,必朗品牌帐篷/沙滩伞款（户外），定价25.0元，浙江 绍兴发货，qiutong家居旗舰店运营；属于&gt;90元高端价格段，承接天猫渠道销量占比4.0% 销售额占比21.5%市场份额。,https://guangtao.taobao.com/topic-196244299,淘宝累计评价2000+,6031搜索热度 同比+11%,月销1000件,评价+复购+加购 2000+
,,,,美丽华伞业 超大雨伞双人长柄 &lt;30元价格段代表型号,淘宝,2026-Q2,美丽华伞业 超大雨伞双人长柄；&lt;30元价格段；浙江 杭州；高频走量,美丽华伞业品牌超大雨伞双人长柄款（大号），定价12.0元，浙江 杭州发货，恒鑫伞厂运营；属于&lt;30元低端价格段，承接天猫渠道销量占比50.0% 月度44.2-49.3%市场份额。,https://survey.shangpu-china.com/uploadfile/202512/400c42347f70744.pdf,淘宝累计评价10万+,5041搜索热度 同比-6%,月销50万+件 (批发量),批发复购+好评 累计50万+
,,,,山白 广告伞/定制伞 &gt;90元价格段代表型号,淘宝,2026-Q1,山白 广告伞/定制伞；&gt;90元价格段；浙江 绍兴；高毛利,山白品牌广告伞/定制伞款（企业定制），定价25.0元，浙江 绍兴发货，qiutong家居旗舰店运营；属于&gt;90元高端价格段，承接天猫渠道销量占比4.0% 销售额占比21.5%市场份额。,https://survey.shangpu-china.com/uploadfile/202512/fa11d7f0b30f508.pdf,淘宝累计评价1000+,8132搜索热度 同比+33%,月销200件,评价+复购+加购 数百
,,,,飞恋 鹅柄商务伞 30-54元价格段代表型号,淘宝,2026-Q1,飞恋 鹅柄商务伞；30-54元价格段；浙江；中端主力,飞恋品牌鹅柄商务伞款（商务礼赠），定价78.0元，浙江发货，欧乐奇户外旗舰店运营；属于30-54元中端主流价格段，承接天猫渠道销量占比37.2% 销售额占比38.2%市场份额。,https://survey.shangpu-china.com/uploadfile/202601/8849d2d4e29dcc5.pdf,淘宝累计评价5000+,2167搜索热度 同比-45%,月销200件,评价+复购+加购 2000+
,,,,艳夏伞厂 高尔夫大号直柄伞 &gt;90元价格段代表型号,淘宝,2025-Q2,艳夏伞厂 高尔夫大号直柄伞；&gt;90元价格段；浙江；高毛利,艳夏伞厂品牌高尔夫大号直柄伞款（商务/男士），定价78.0元，浙江发货，欧乐奇户外旗舰店运营；属于&gt;90元高端价格段，承接天猫渠道销量占比4.0% 销售额占比21.5%市场份额。,https://survey.shangpu-china.com/uploadfile/202602/db30f690512ab65.pdf,淘宝累计评价5000+,8792搜索热度 同比-37%,月销1500件,评价+复购+加购 1000+
,,,,COSMOS 鹅柄商务伞 &lt;30元价格段代表型号,淘宝,2026-07,COSMOS 鹅柄商务伞；&lt;30元价格段；浙江 绍兴；高频走量,COSMOS品牌鹅柄商务伞款（商务礼赠），定价28.0元，浙江 绍兴发货，梅氏伞业源头工厂运营；属于&lt;30元低端价格段，承接天猫渠道销量占比50.0% 月度44.2-49.3%市场份额。,https://www.docin.com/touch_new/preview_new.do?id=4968052950,淘宝累计评价2000+,3622搜索热度 同比-19%,月销1500件,评价+复购+加购 1000+
,,,,广东粤华伞业 马卡龙色太阳伞 &gt;90元价格段代表型号,淘宝,2026-Q1,广东粤华伞业 马卡龙色太阳伞；&gt;90元价格段；浙江 金华；高毛利,广东粤华伞业品牌马卡龙色太阳伞款（颜值党），定价39.9元，浙江 金华发货，redleaf红叶家居旗舰店运营；属于&gt;90元高端价格段，承接天猫渠道销量占比4.0% 销售额占比21.5%市场份额。,https://www.docin.com/touch_new/preview_new.do?id=4946351953,淘宝累计评价5000+,1657搜索热度 同比-25%,月销1000件,评价+复购+加购 1000+
,,,,FULTON富尔顿 超大雨伞双人长柄 30-54元价格段代表型号,淘宝,2025-Q2,FULTON富尔顿 超大雨伞双人长柄；30-54元价格段；湖南 长沙；中端主力,FULTON富尔顿品牌超大雨伞双人长柄款（大号），定价41.0元，湖南 长沙发货，天堂瀚登专卖店运营；属于30-54元中端主流价格段，承接天猫渠道销量占比37.2% 销售额占比38.2%市场份额。,https://www.docin.com/touch_new/preview_new.do?id=4966813124,淘宝累计评价1000+,1199搜索热度 同比-10%,月销1000件,评价+复购+加购 1000+
,,,,qiutong 高尔夫大号直柄伞 54-90元价格段代表型号,淘宝,2025-Q2,qiutong 高尔夫大号直柄伞；54-90元价格段；浙江 长沙；中高端,qiutong品牌高尔夫大号直柄伞款（商务/男士），定价43.0元，浙江 长沙发货，天堂伞官方旗舰店运营；属于54-90元中高端价格段，承接天猫渠道销量占比8.8% 销售额占比32.1%市场份额。,https://www.docin.com/touch_new/preview_new.do?id=4983717092,淘宝累计评价5000+,9215搜索热度 同比-40%,月销500件,评价+复购+加购 1000+
,,,,渔之源 三折防晒伞/黑胶 &gt;90元价格段代表型号,淘宝,2025-12,渔之源 三折防晒伞/黑胶；&gt;90元价格段；安徽；高毛利,渔之源品牌三折防晒伞/黑胶款（强防晒），定价45.9元，安徽发货，沐雨百货用品店运营；属于&gt;90元高端价格段，承接天猫渠道销量占比4.0% 销售额占比21.5%市场份额。,https://www.docin.com/touch_new/preview_new.do?id=4979801312,淘宝累计评价2000+,7029搜索热度 同比+8%,月销800件,评价+复购+加购 2000+
,,,,宝叶旗舰店 三折晴雨两用伞 54-90元价格段代表型号,淘宝,2025-Q2,宝叶旗舰店 三折晴雨两用伞；54-90元价格段；浙江 金华；中高端,宝叶旗舰店品牌三折晴雨两用伞款（便携折叠），定价32.9元，浙江 金华发货，红叶之秀雨伞店运营；属于54-90元中高端价格段，承接天猫渠道销量占比8.8% 销售额占比32.1%市场份额。,https://www.docin.com/touch_new/preview_new.do?id=4980830643,淘宝累计评价3万+,8413搜索热度 同比-47%,月销2000件,评价+复购+加购 1万+
,,,,FULTON富尔顿 五折口袋伞 54-90元价格段代表型号,淘宝,2026-Q2,FULTON富尔顿 五折口袋伞；54-90元价格段；浙江 绍兴；中高端,FULTON富尔顿品牌五折口袋伞款（迷你便携），定价22.0元，浙江 绍兴发货，必朗旗舰店运营；属于54-90元中高端价格段，承接天猫渠道销量占比8.8% 销售额占比32.1%市场份额。,https://www.cnpp.cn/gouwu/list_1613.html,淘宝累计评价5万+,6122搜索热度 同比-22%,月销20000件,评价+复购+加购 1万+
,,,,米家 广告伞/定制伞 &lt;30元价格段代表型号,淘宝,2026-Q1,米家 广告伞/定制伞；&lt;30元价格段；广东 深圳；高频走量,米家品牌广告伞/定制伞款（企业定制），定价159.0元，广东 深圳发货，蕉下官方奥莱旗舰店运营；属于&lt;30元低端价格段，承接天猫渠道销量占比50.0% 月度44.2-49.3%市场份额。,https://m.maigoo.com/news/522353.html,淘宝累计评价5万+,4481搜索热度 同比-22%,月销20000件,评价+复购+加购 3万+
,,,,渔之源 三折防晒伞/黑胶 54-90元价格段代表型号,淘宝,2025-Q2,渔之源 三折防晒伞/黑胶；54-90元价格段；浙江；中高端,渔之源品牌三折防晒伞/黑胶款（强防晒），定价89.0元，浙江发货，金钓勾运动户外旗舰店运营；属于54-90元中高端价格段，承接天猫渠道销量占比8.8% 销售额占比32.1%市场份额。,https://m.maigoo.com/maigoo/154qys_index.html,淘宝累计评价5万+,3072搜索热度 同比+41%,月销2000件,评价+复购+加购 3万+
,,,,SENKESI 海军条纹进口伞 30-54元价格段代表型号,淘宝,2026-07,SENKESI 海军条纹进口伞；30-54元价格段；重庆；中端主力,SENKESI品牌海军条纹进口伞款（进口品牌），定价2.18元，重庆发货，长酉商贸运营；属于30-54元中端主流价格段，承接天猫渠道销量占比37.2% 销售额占比38.2%市场份额。,https://m.chinabgao.com/brand/detail/a98f1a9f4a1d4ae987dbe14a16e2223a.html,淘宝累计评价50万+,1603搜索热度 同比+18%,月销5万+件 (批发量),批发复购+好评 累计50万+
,,,,小米宙 三折钛银胶太阳伞 54-90元价格段代表型号,淘宝,2025-Q2,小米宙 三折钛银胶太阳伞；54-90元价格段；江西 宜春；中高端,小米宙品牌三折钛银胶太阳伞款（防紫外线），定价19.44元，江西 宜春发货，宝叶旗舰店运营；属于54-90元中高端价格段，承接天猫渠道销量占比8.8% 销售额占比32.1%市场份额。,https://www.1688.com/jiage/-D5E3BDADBAECD2B6D3EAC9A1.html,淘宝累计评价5000+,6162搜索热度 同比-25%,月销500件,评价+复购+加购 2000+
,,,,红叶HongYe 全自动晴雨两用伞 &lt;30元价格段代表型号,淘宝,2025-12,红叶HongYe 全自动晴雨两用伞；&lt;30元价格段；浙江 金华；高频走量,红叶HongYe品牌全自动晴雨两用伞款（一键开合），定价32.9元，浙江 金华发货，红叶之秀雨伞店运营；属于&lt;30元低端价格段，承接天猫渠道销量占比50.0% 月度44.2-49.3%市场份额。,https://www.1688.com/brand/-BDB6CFC2C9A1.html,淘宝累计评价5万+,2679搜索热度 同比+8%,月销3000件,评价+复购+加购 1万+
,,,,美丽华伞业 超大雨伞双人长柄 &gt;90元价格段代表型号,淘宝,2026-08,美丽华伞业 超大雨伞双人长柄；&gt;90元价格段；浙江 绍兴；高毛利,美丽华伞业品牌超大雨伞双人长柄款（大号），定价29.8元，浙江 绍兴发货，仟语家居旗舰店运营；属于&gt;90元高端价格段，承接天猫渠道销量占比4.0% 销售额占比21.5%市场份额。,https://wiki.1688.com/zh/sun-umbrella/WKfn5nfc3ch91c,淘宝累计评价2000+,8057搜索热度 同比+31%,月销1000件,评价+复购+加购 数百
,,,,海伦公主 超大雨伞双人长柄 &lt;30元价格段代表型号,淘宝,2026-08,海伦公主 超大雨伞双人长柄；&lt;30元价格段；浙江 杭州；高频走量,海伦公主品牌超大雨伞双人长柄款（大号），定价12.0元，浙江 杭州发货，艳夏伞厂运营；属于&lt;30元低端价格段，承接天猫渠道销量占比50.0% 月度44.2-49.3%市场份额。,https://wiki.1688.com/zh/umbrellas/WKfdwihfl8fk74,淘宝累计评价100万+,7143搜索热度 同比-48%,月销10万+件 (批发量),批发复购+好评 累计50万+
,,,,艳夏伞厂 儿童伞 54-90元价格段代表型号,淘宝,2025-11,艳夏伞厂 儿童伞；54-90元价格段；江西 宜春；中高端,艳夏伞厂品牌儿童伞款（小学生），定价19.44元，江西 宜春发货，宝叶旗舰店运营；属于54-90元中高端价格段，承接天猫渠道销量占比8.8% 销售额占比32.1%市场份额。,https://wiki.1688.com/zh/fishing-umbrella/WKftw10xhg0ohs,淘宝累计评价1000+,3712搜索热度 同比-43%,月销200件,评价+复购+加购 数百
,,,,宝叶旗舰店 三折晴雨两用伞 54-90元价格段代表型号,淘宝,2025-Q1,宝叶旗舰店 三折晴雨两用伞；54-90元价格段；广东 东莞；中高端,宝叶旗舰店品牌三折晴雨两用伞款（便携折叠），定价32.0元，广东 东莞发货，东莞粤华伞业运营；属于54-90元中高端价格段，承接天猫渠道销量占比8.8% 销售额占比32.1%市场份额。,https://www.am10.com/art-eyL5ouZ6oS55QCI6FaL6.htm,淘宝累计评价50万+,2348搜索热度 同比+23%,月销8万+件 (批发量),批发复购+好评 累计10万+
,,,,totem图腾 三折钛银胶太阳伞 &gt;90元价格段代表型号,淘宝,2026-08,totem图腾 三折钛银胶太阳伞；&gt;90元价格段；浙江 绍兴；高毛利,totem图腾品牌三折钛银胶太阳伞款（防紫外线），定价29.8元，浙江 绍兴发货，仟语家居旗舰店运营；属于&gt;90元高端价格段，承接天猫渠道销量占比4.0% 销售额占比21.5%市场份额。,https://www.am10.com/art-eyL5ouZ60mp5Z6b6h2Y5sma6.htm,淘宝累计评价5000+,2978搜索热度 同比-39%,月销1000件,评价+复购+加购 数百
,,,,菲诺旗舰店 晴雨伞 折叠伞,淘宝,2026-08,菲诺 2026热门店铺榜,菲诺旗舰店在天猫晴雨伞热门店铺榜上排名靠前，主营折叠伞/遮阳伞/防晒伞。,https://m.maigoo.com/news/522353.html,天猫累计评价数万+,菲诺 晴雨伞 搜索热度词,月销1万+件,评价+复购 数万+
,,,,T品牌旗舰店 晴雨伞 折叠伞,淘宝,2026-08,2026晴雨伞热门店铺,T品牌旗舰店在天猫晴雨伞热门店铺榜上，主营折叠伞/遮阳伞/防晒伞。,https://m.maigoo.com/news/522353.html,天猫累计评价数万+,T品牌 晴雨伞 搜索热度词,月销1万+件,评价+复购 数万+
,,,,梅花伞 折叠伞 商务直伞,淘宝,2026-08,2026中国晴雨伞品牌行业排名前列,梅花伞Susino，国内老牌伞业品牌，主营折叠伞/商务直伞。,https://www.docin.com/touch_new/preview_new.do?id=4968052950,天猫累计评价数万+,梅花伞 搜索热度词,月销1万+件,评价+复购 数万+
,,,,Knirps克尼普斯 折叠伞 进口高端,淘宝,2026-08,2026中国晴雨伞品牌行业前列,Knirps克尼普斯，德国进口高端品牌，主营折叠伞/口袋伞，定位商务/进口。,https://www.docin.com/touch_new/preview_new.do?id=4968052950,天猫累计评价数千,Knirps 进口高端搜索词,月销数千件,评价+复购 数千
,,,,FULTON富尔顿 鸟笼伞 进口英伦,淘宝,2026-08,2026中国晴雨伞品牌行业前列,FULTON富尔顿，英国进口品牌，鸟笼伞闻名，定位英伦绅士风格。,https://www.docin.com/touch_new/preview_new.do?id=4968052950,天猫累计评价数千,FULTON 鸟笼伞 搜索词,月销数千件,评价+复购 数千
,,,,小米宙新款全自动伞加强伞骨雨伞太阳伞防紫外黑胶防晒遮阳伞 108骨,京东,2026-08,京东全自动折叠雨伞品牌排行榜TOP1,小米宙新款全自动伞，108骨加大加固防晒，京东全自动折叠雨伞品牌排行Top 1。,https://www.jd.com/phb/1620c47acee3b1f6bf21.html,京东累计评价数万+,小米宙 京东搜索词Top,月销数万+件,评价+复购 数万+
,,,,天堂伞官方旗舰店防锈直杆伞,淘宝,2025-2026,0-50元价格段 销售额占比18.5%代表型号,天堂伞官方旗舰店防锈直杆伞，0-50元价格段销售额占比18.5%代表型号，基础耐用基础款。,https://www.docin.com/touch_new/preview_new.do?id=4946351953,天猫累计评价数十万+,天堂 直杆 搜索热度Top,月销数万+件,评价+复购 数十万+
,,,,天堂伞官方旗舰店商务防风长柄伞 200元价格段,淘宝,2025-2026,200元以上价格段 销售额代表型号,天堂伞官方旗舰店商务防风长柄伞，200元以上价格段销售额代表型号，定位高端商务。,https://www.docin.com/touch_new/preview_new.do?id=4946351953,天猫累计评价数万+,天堂 长柄 商务 搜索词,月销数千件,评价+复购 数万+
,,,,中国自动三折伞市场 红叶伞业9.1%份额,淘宝 (全行业),2025-2026,浙江红叶伞业9.1%份额 HS编码8201.30项下出口1.8亿美元,浙江红叶伞业有限公司2025年市占率9.1%，出口转内销战略，年内销GMV同比+23.6%vs行业6.3%。,https://www.docin.com/touch_new/preview_new.do?id=4966813124,N/A 行业级数据,红叶 内销GMV 23.6%增长,全平台月销数百万+,全网累计评价 千万+
,,,,中国自动三折伞市场 广东粤华伞业7.3%份额,淘宝 (全行业),2025-2026,广东粤华伞业7.3%份额 ODM柔性制造,广东粤华伞业有限公司7.3%市场份额，ODM柔性制造能力形成区域竞争优势。,https://www.docin.com/touch_new/preview_new.do?id=4966813124,N/A 行业级数据,粤华 ODM 搜索词,全平台月销数百万+,全网累计评价 千万+
,,,,中国雨伞电商 京东+天猫+拼多多 81.7%份额,淘宝 (全行业),2025-2026,线上销售占比46.3%（2025）京东24.5% 天猫39.2% 拼多多18.0%,2025年中国雨伞电商行业总规模：京东24.5%、天猫39.2%、拼多多18.0%，三大平台合计81.7%。线上销售占比从2019年28%升至46.3%。,https://www.docin.com/touch_new/preview_new.do?id=4980830643,N/A 行业级数据,雨伞电商 行业 搜索词,N/A 行业总量,N/A 行业级数据
,,,,蕉下Beneunder 5.2%份额,淘宝 (全行业),2025-2026,线上直营占比73% 防晒科技伞,蕉下Beneunder 2025年市占率5.2%，增长动能高度依赖线上直营（天猫+抖音自营店73%），防晒科技伞品类头部。,https://www.docin.com/touch_new/preview_new.do?id=4968052950,N/A 行业级数据,蕉下 5.2%份额搜索词,全平台月销数百万+,全网累计评价 千万+
,,,,红叶伞 5.2%份额 / 6.64亿元,淘宝 (全行业),2025-2026,红叶伞 5.2%份额 / 6.64亿元GMV,红叶伞2025年市占率5.2%，GMV6.64亿元，凭借浙江绍兴产业集群供应链响应速度形成区域竞争优势。,https://www.docin.com/touch_new/preview_new.do?id=4968052950,N/A 行业级数据,红叶 6.64亿 搜索词,全平台月销数百万+,全网累计评价 千万+
,,,,美丽华伞业 6.7%份额 / 8.56亿元,淘宝 (全行业),2025-2026,美丽华伞业 6.7%份额 / 8.56亿元GMV,美丽华伞业2025年市占率6.7%，GMV8.56亿元，凭借广东东莞出口转内销ODM柔性制造能力形成竞争优势。,https://www.docin.com/touch_new/preview_new.do?id=4968052950,N/A 行业级数据,美丽华 8.56亿 搜索词,全平台月销数百万+,全网累计评价 千万+
,,,,欧乐奇月亮椅户外椅子凳子,淘宝,2026-08,户外钓鱼销量No.1,欧乐奇月亮椅户外凳子，户外钓鱼场景销量第一，钓鱼伞生态关联。,https://www.am10.com/art-8Gb6TKZ6WSa53io5.htm,淘宝累计评价数千,欧乐奇 月亮椅 搜索词,月销数千件,评价+复购 数千
,,,,户外折叠椅加高月亮椅可调节露营椅子便携式躺椅沙滩钓鱼野餐椅凳,淘宝,2026-08,户外钓鱼销量No.2,户外折叠椅加高月亮椅，可调节露营椅子便携式躺椅，沙滩钓鱼野餐凳。,https://www.am10.com/art-8Gb6TKZ6WSa53io5.htm,淘宝累计评价数千,月亮椅 钓鱼 搜索词,月销数千件,评价+复购 数千
,,,,天堂牌成人电动车全身防水雨披,淘宝,2026-08,159元 → 43.9元 券后 牛津布销量No.9,天堂牌成人电动车全身防水雨披，牛津布材质，承接电动车/雨披关联雨伞市场。,https://www.am10.com/art-jGK6ouZ6m2L6oqY51S55Dib5lSr5bm45.htm,淘宝累计评价数千,天堂 雨披 搜索词,月销数千件,评价+复购 数千
